,WS_ms_Avg,,,,
100,4.149,,,1,4.149
101,3.413,,,5,2.766
102,3.112,,,9,1.927
103,2.554,,,13,2.266
104,2.766,,,17,2.31
105,2.247,,,21,3.58
106,1.806,,,25,3.801
107,2.16,,,29,2.726
108,1.927,,,33,0.938
109,2.137,,,37,0.485
110,2.169,,,41,1.663
111,2.392,,,45,0.469
112,2.266,,,49,2.771
113,2.615,,,53,1.517
114,2.397,,,57,1.492
115,2.416,,,61,2.383
116,2.31,,,65,2.194
117,2.729,,,69,3.905
118,3.212,,,73,3.636
119,3.255,,,77,2.254
120,3.58,,,81,2.175
121,3.95,,,85,2.405
122,4.066,,,89,3.051
123,4.059,,,93,3.099
124,3.801,,,97,3.129
125,3.18,,,101,2.02
126,1.968,,,105,1.652
127,2.58,,,109,2.138
128,2.726,,,113,2.169
129,1.398,,,117,2.723
130,0.323,,,121,3.493
131,0.851,,,125,4.976
132,0.938,,,129,4.391
133,1.18,,,133,1.985
134,0.875,,,137,2.437
135,0.543,,,141,5.323
136,0.485,,,145,5.426
137,0.867,,,149,5.997
138,0.056,,,153,2.566
139,0.512,,,157,2.201
140,1.663,,,161,3.159
141,2.103,,,165,4.652
142,1.909,,,169,3.141
143,1.611,,,173,1.732
144,0.469,,,177,2.273
145,0.858,,,181,1.161
146,1.27,,,185,1.736
147,2.413,,,189,3.544
148,2.771,,,193,2.281
149,2.361,,,197,1.632
150,2.131,,,201,0.019
151,1.727,,,205,0.757
152,1.517,,,209,1.144
153,0.745,,,213,1.467
154,0.399,,,217,2.537
155,1.153,,,221,0.978
156,1.492,,,225,1.095
157,1.821,,,229,1.143
158,2.03,,,233,2.214
159,2.102,,,237,3.972
160,2.383,,,241,5.954
161,2.343,,,245,6.056
162,2.204,,,249,2.176
163,2.394,,,253,1.819
164,2.194,,,257,2.476
165,2.195,,,261,0.986
166,2.456,,,265,0.661
167,3.649,,,269,0.647
168,3.905,,,273,0.137
169,3.67,,,277,0.878
170,3.661,,,281,3.769
171,3.648,,,285,3.663
172,3.636,,,289,2.038
173,3.736,,,293,2.835
174,2.719,,,297,2.728
175,2.725,,,301,3.838
176,2.254,,,305,3.397
177,1.981,,,309,4.298
178,1.646,,,313,2.514
179,1.952,,,317,1.778
180,2.175,,,321,3.945
181,2.477,,,325,3.727
182,1.94,,,329,3.317
183,1.368,,,333,1.798
184,2.405,,,337,4.504
185,1.633,,,341,1.82
186,2.024,,,345,4.888
187,3.354,,,349,4.001
188,3.051,,,353,3.034
189,3.534,,,357,4.469
190,2.296,,,361,4.651
191,2.52,,,365,4.948
192,3.099,,,369,3.357
193,3.563,,,373,4.152
194,4.795,,,377,2.561
195,2.836,,,381,5.415
196,3.129,,,385,4.76
197,2.846,,,389,3.386
198,1.275,,,393,2.678
199,1.725,,,397,3.439
200,2.02,,,401,3.128
201,2.042,,,405,1.595
202,1.24,,,409,2.849
203,1.714,,,413,0.408
204,1.652,,,417,2.35
205,2.185,,,421,2.288
206,1.469,,,425,1.58
207,1.512,,,429,2.033
208,2.138,,,433,1.826
209,1.384,,,437,2.143
210,1.397,,,441,3.532
211,1.478,,,445,1.511
212,2.169,,,449,2.38
213,2.702,,,453,4.148
214,2.601,,,457,2.13
215,2.477,,,461,1.943
216,2.723,,,465,2.294
217,2.736,,,469,2.467
218,2.947,,,473,2.812
219,2.995,,,477,2.302
220,3.493,,,481,5.075
221,3.89,,,485,1.787
222,4.25,,,489,1.473
223,4.907,,,493,3.263
224,4.976,,,497,3.34
225,4.786,,,501,3.49
226,4.92,,,505,5.623
227,4.863,,,509,1.712
228,4.391,,,513,1.97
229,2.659,,,517,1.818
230,2.176,,,521,2.374
231,2.055,,,525,4.052
232,1.985,,,529,4.757
233,2.608,,,533,1.004
234,2.351,,,537,2.303
235,2.299,,,541,2.402
236,2.437,,,545,3.52
237,3.062,,,549,3.057
238,3.602,,,553,2.993
239,4.07,,,557,2.024
240,5.323,,,561,3.58
241,5.885,,,565,3.935
242,6.031,,,569,3.671
243,5.994,,,573,1.517
244,5.426,,,577,1.54
245,5.267,,,581,3.033
246,5.236,,,585,2.839
247,5.69,,,589,4.217
248,5.997,,,593,3.134
249,5.639,,,597,3.609
250,4.742,,,601,3.62
251,4.272,,,605,3.244
252,2.566,,,609,3.372
253,2.268,,,613,3.641
254,2.368,,,617,2.174
255,2.303,,,621,4.1
256,2.201,,,625,4.857
257,2.109,,,629,5.614
258,2.65,,,633,5.093
259,2.646,,,637,4.526
260,3.159,,,641,4.638
261,3.026,,,645,5.768
262,4.713,,,649,4.726
263,4.489,,,653,4.509
264,4.652,,,657,4.436
265,4.877,,,661,4.93
266,3.538,,,665,3.148
267,3.655,,,669,3.933
268,3.141,,,673,3.122
269,3.088,,,677,1.726
270,2.929,,,681,2.444
271,2.778,,,685,2.721
272,1.732,,,689,2.22
273,0.986,,,693,1.935
274,0.84,,,697,2.289
275,1.797,,,701,1.414
276,2.273,,,705,2.478
277,2.123,,,709,2.734
278,2.292,,,713,1.25
279,2.067,,,717,3.723
280,1.161,,,721,3.478
281,1.79,,,725,0.732
282,2.021,,,729,3.09
283,1.685,,,733,2.214
284,1.736,,,737,2.741
285,2.095,,,741,3.032
286,2.815,,,745,3.243
287,3.092,,,749,2.239
288,3.544,,,753,3.684
289,3.48,,,757,3.571
290,3.073,,,761,3.857
291,2.896,,,765,6.307
292,2.281,,,769,4.819
293,2.192,,,773,3.991
294,2.859,,,777,3.631
295,2.905,,,781,2.026
296,1.632,,,785,2.422
297,0.645,,,789,2.086
298,0.274,,,793,4.022
299,0.086,,,797,4.814
300,0.019,,,801,6.269
301,0.058,,,805,7.847
302,0.056,,,809,5.549
303,0.257,,,813,2.235
304,0.757,,,817,4.226
305,0.605,,,821,1.439
306,1.287,,,825,3.616
307,1.28,,,829,4.399
308,1.144,,,833,4.895
309,0.806,,,837,4.058
310,0.913,,,841,4.99
311,1.401,,,845,3.122
312,1.467,,,849,3.146
313,1.929,,,853,3.599
314,2.078,,,857,3.197
315,2.243,,,861,2.237
316,2.537,,,865,3.416
317,2.488,,,869,1.188
318,3.174,,,873,4.015
319,2.077,,,877,3.889
320,0.978,,,881,3.776
321,0.976,,,885,2.346
322,1.414,,,889,3.371
323,1.223,,,893,1.032
324,1.095,,,897,3.368
325,1.05,,,901,5.327
326,1.206,,,905,3.309
327,1.608,,,909,2.435
328,1.143,,,913,1.724
329,1.482,,,917,6.15
330,2.097,,,921,4.66
331,2.249,,,925,6.133
332,2.214,,,929,3.129
333,2.922,,,933,4.778
334,2.39,,,937,7.409
335,2.82,,,941,8.55
336,3.972,,,945,6.281
337,4.548,,,949,8.26
338,4.934,,,953,9.24
339,5.49,,,957,5.613
340,5.954,,,961,5.78
341,6.669,,,965,9.66
342,6.081,,,969,6.83
343,6.266,,,973,4.53
344,6.056,,,977,2.214
345,4.945,,,981,3.4
346,4.722,,,985,3.45
347,3.127,,,989,5.253
348,2.176,,,993,6.042
349,1.401,,,997,6.874
350,1.285,,,1001,5.926
351,2.299,,,1005,5.394
352,1.819,,,1009,4.348
353,1.722,,,1013,1.631
354,1.69,,,1017,2.789
355,1.968,,,1021,3.586
356,2.476,,,1025,4.148
357,3.247,,,1029,2.077
358,3.446,,,1033,3.695
359,1.132,,,1037,2.884
360,0.986,,,1041,1.535
361,0.76,,,1045,4.177
362,0.712,,,1049,3.868
363,0.873,,,1053,4.028
364,0.661,,,1057,6.803
365,0.457,,,1061,7.481
366,0.121,,,1065,3.55
367,0.051,,,1069,1.265
368,0.647,,,1073,4.624
369,0.95,,,1077,2.418
370,0.781,,,1081,0.737
371,0.641,,,1085,2.963
372,0.137,,,1089,1.817
373,0.58,,,1093,1.356
374,0.656,,,1097,1.705
375,0.348,,,1101,5.812
376,0.878,,,1105,5.573
377,2.384,,,1109,5.372
378,4.357,,,1113,4.501
379,3.538,,,1117,3.2
380,3.769,,,1121,2.675
381,2.316,,,1125,4.09
382,1.131,,,1129,7.543
383,1.846,,,1133,7.477
384,3.663,,,1137,8.9
385,4.215,,,1141,6.958
386,4.42,,,1145,6.506
387,3.694,,,1149,10.12
388,2.038,,,1153,7.743
389,2.062,,,1157,10.04
390,3.268,,,1161,8.25
391,3.426,,,1165,7.863
392,2.835,,,1169,4.531
393,1.821,,,1173,4.943
394,2.133,,,1177,5.282
395,2.374,,,1181,2.995
396,2.728,,,1185,3.921
397,3.031,,,1189,2.668
398,3.383,,,1193,2.923
399,3.499,,,1197,9.37
400,3.838,,,1201,6.477
401,2.932,,,1205,4.647
402,3.681,,,1209,3.16
403,4.358,,,1213,4.885
404,3.397,,,1217,3.047
405,1.735,,,1221,1.68
406,0.063,,,1225,1.306
407,1.904,,,1229,4.755
408,4.298,,,1233,1.997
409,4.773,,,1237,5.097
410,4.019,,,1241,6.026
411,4.295,,,1245,7.031
412,2.514,,,1249,3.661
413,3.381,,,1253,4.202
414,3.29,,,1257,2.531
415,2.013,,,1261,1.321
416,1.778,,,1265,2.708
417,0.748,,,1269,2.501
418,1.878,,,1273,3.153
419,4.368,,,1277,1.595
420,3.945,,,1281,1.373
421,3.333,,,1285,3.989
422,3.916,,,1289,3.926
423,3.979,,,1293,0.333
424,3.727,,,1297,5.509
425,3.573,,,1301,5.186
426,3.918,,,1305,5.397
427,3.811,,,1309,3.927
428,3.317,,,1313,4.21
429,2.24,,,1317,1.196
430,0.84,,,1321,4.081
431,0.272,,,1325,2.567
432,1.798,,,1329,2.754
433,3.182,,,1333,2.637
434,2.63,,,1337,3.268
435,3.967,,,1341,1.517
436,4.504,,,1345,3.771
437,3.482,,,1349,2.247
438,4.151,,,1353,3.104
439,1.938,,,1357,3.249
440,1.82,,,1361,9.18
441,3.01,,,1365,7.865
442,3.194,,,1369,7.084
443,4.188,,,1373,7.258
444,4.888,,,1377,4.601
445,4.858,,,1381,5.361
446,4.817,,,1385,7.098
447,4.577,,,1389,8.39
448,4.001,,,1393,2.762
449,3.05,,,1397,4.82
450,4.697,,,1401,4.638
451,5.081,,,1405,4.509
452,3.034,,,1409,3.774
453,4.35,,,1413,1.161
454,4.773,,,1417,2.344
455,5.722,,,1421,0.55
456,4.469,,,1425,3.416
457,4.78,,,1429,3.617
458,4.487,,,1433,3.064
459,4.273,,,1437,2.937
460,4.651,,,1441,3.531
461,4.749,,,1445,1.709
462,4.535,,,1449,7.125
463,5.05,,,1453,9.71
464,4.948,,,1457,11.39
465,4.712,,,1461,9.2
466,5.353,,,1465,7.94
467,4.759,,,1469,6.079
468,3.357,,,1473,6.684
469,4.116,,,1477,6.708
470,5.312,,,1481,3.773
471,5.681,,,1485,0.166
472,4.152,,,1489,3.465
473,3.321,,,1493,2.614
474,1.916,,,1497,2.037
475,1.884,,,1501,1.581
476,2.561,,,1505,1.775
477,3.731,,,1509,1.174
478,4.985,,,1513,3.308
479,5.713,,,1517,1.69
480,5.415,,,1521,2.873
481,5.1,,,1525,4.729
482,5.042,,,1529,4.625
483,5.123,,,1533,6.722
484,4.76,,,1537,7.715
485,3.926,,,1541,7.695
486,3.206,,,1545,7.049
487,3.201,,,1549,3.94
488,3.386,,,1553,4.084
489,3.12,,,1557,1.752
490,3.621,,,1561,0.996
491,2.883,,,1565,2.248
492,2.678,,,1569,1.845
493,2.795,,,1573,0.64
494,3.407,,,1577,1.428
495,3.336,,,1581,0.648
496,3.439,,,1585,2.014
497,3.78,,,1589,0.731
498,1.266,,,1593,1.006
499,2.966,,,1597,2.6
500,3.128,,,1601,2.014
501,1.655,,,1605,1.89
502,1.124,,,1609,2.404
503,1.181,,,1613,2.165
504,1.595,,,1617,1.033
505,2.458,,,1621,2.335
506,2.71,,,1625,2.965
507,3.324,,,1629,8.74
508,2.849,,,1633,8.88
509,2.588,,,1637,9.96
510,2.009,,,1641,6.699
511,0.558,,,1645,3.398
512,0.408,,,1649,3.515
513,0.08,,,1653,0.601
514,2.08,,,1657,1.233
515,2.503,,,1661,3.762
516,2.35,,,1665,1.865
517,2.843,,,1669,1.361
518,2.634,,,1673,1.018
519,2.509,,,1677,2.745
520,2.288,,,1681,3.617
521,0.821,,,1685,2.227
522,1.275,,,1689,2.38
523,2.506,,,1693,1.868
524,1.58,,,1697,2.887
525,1.822,,,1701,0.418
526,1.572,,,1705,8.97
527,2.418,,,1709,11.17
528,2.033,,,1713,6.858
529,1.235,,,1717,4.767
530,0.879,,,1721,6.342
531,1.638,,,1725,9.25
532,1.826,,,1729,12.35
533,1.394,,,1733,9.61
534,0.977,,,1737,9.35
535,1.405,,,1741,5.341
536,2.143,,,1745,1.765
537,2.209,,,1749,4.551
538,2.459,,,1753,10.73
539,2.884,,,1757,7.563
540,3.532,,,1761,9.03
541,2.85,,,1765,8.47
542,2.059,,,1769,8.88
543,1.307,,,1773,10.76
544,1.511,,,1777,7.005
545,1.945,,,1781,4.266
546,1.659,,,1785,3.895
547,1.999,,,1789,3.195
548,2.38,,,1793,3.455
549,3.051,,,1797,1.667
550,3.469,,,1801,5.704
551,4.595,,,1805,2.563
552,4.148,,,1809,1.71
553,5.678,,,1813,3.07
554,5.496,,,1817,4.102
555,3.129,,,1821,1.241
556,2.13,,,1825,2.679
557,0.998,,,1829,1.342
558,1.692,,,1833,3.511
559,2.993,,,1837,3.673
560,1.943,,,1841,3.8
561,0.689,,,1845,0
562,1.733,,,1849,2.205
563,1.29,,,1853,2.149
564,2.294,,,1857,2.727
565,2.37,,,1861,2.503
566,3.062,,,1865,3.035
567,2.91,,,1869,4.124
568,2.467,,,1873,3.117
569,2.073,,,1877,2.435
570,1.741,,,1881,4.248
571,2.068,,,1885,4.036
572,2.812,,,1889,4.017
573,2.189,,,1893,4.128
574,1.023,,,1897,3.81
575,1.108,,,1901,2.08
576,2.302,,,1905,2.971
577,3.47,,,1909,2.553
578,3.479,,,1913,4.311
579,4.494,,,1917,1.896
580,5.075,,,1921,3.24
581,3.419,,,1925,2.956
582,2.273,,,1929,4.006
583,1.324,,,1933,5.552
584,1.787,,,1937,3.946
585,2.485,,,1941,5.341
586,2.552,,,1945,5.948
587,3.262,,,1949,4.651
588,1.473,,,1953,4.395
589,2.83,,,1957,3.888
590,3.957,,,1961,3.37
591,3.486,,,1965,4.502
592,3.263,,,1969,7.978
593,4.176,,,1973,1.473
594,3.963,,,1977,2.518
595,4.223,,,1981,2.665
596,3.34,,,1985,2.878
597,1.682,,,1989,1.217
598,0.364,,,1993,2.462
599,1.856,,,1997,0.93
600,3.49,,,2001,1.412
601,5.64,,,2005,2.926
602,5.275,,,2009,2.24
603,5.83,,,2013,1.698
604,5.623,,,2017,1.096
605,6.267,,,2021,0.673
606,5.389,,,2025,2.503
607,3.198,,,2029,4.299
608,1.712,,,2033,4.314
609,1.075,,,2037,0.31
610,2.097,,,2041,1.952
611,1.986,,,2045,2.363
612,1.97,,,2049,3.329
613,1.367,,,2053,2.641
614,2.309,,,2057,2.021
615,1.52,,,2061,0.215
616,1.818,,,2065,0
617,1.625,,,2069,2.277
618,1.886,,,2073,3.643
619,3.385,,,2077,3.451
620,2.374,,,2081,3.459
621,1.227,,,2085,0.833
622,0.711,,,2089,1.948
623,2.084,,,2093,3.556
624,4.052,,,2097,3.965
625,4.927,,,2101,4.654
626,5.06,,,2105,4.384
627,4.498,,,2109,1.77
628,4.757,,,2113,3.101
629,2.929,,,2117,2.636
630,3.786,,,2121,3.07
631,2.605,,,2125,3.981
632,1.004,,,2129,3.462
633,1.041,,,2133,1.083
634,1.582,,,2137,3.412
635,1.248,,,2141,2.429
636,2.303,,,2145,3.155
637,2.897,,,2149,3.502
638,2.414,,,2153,3.318
639,2.466,,,2157,1.423
640,2.402,,,2161,1.759
641,2.908,,,2165,1.591
642,2.709,,,2169,1.925
643,3.621,,,2173,3.013
644,3.52,,,2177,4.292
645,2.016,,,2181,0.342
646,0.318,,,2185,1.718
647,1.582,,,2189,3.151
648,3.057,,,2193,4.014
649,3.337,,,2197,4.813
650,3.31,,,2201,4.802
651,3.315,,,2205,2.002
652,2.993,,,2209,3.15
653,1.799,,,2213,2.092
654,1.582,,,2217,2.619
655,1.859,,,2221,3.171
656,2.024,,,2225,2.762
657,1.765,,,2229,1.123
658,2.526,,,2233,2.968
659,2.671,,,2237,2.291
660,3.58,,,2241,2.372
661,4.126,,,2245,1.698
662,2.719,,,2249,3.584
663,2.976,,,2253,1.331
664,3.935,,,2257,2.018
665,4.303,,,2261,1.833
666,4.264,,,2265,4.409
667,4.016,,,2269,3.605
668,3.671,,,2273,3.597
669,3.006,,,2277,0.067
670,2.987,,,2281,2.117
671,0.789,,,2285,2.2
672,1.517,,,2289,3.801
673,1.744,,,2293,4.193
674,2.21,,,2297,4.848
675,1.902,,,2301,1.617
676,1.54,,,2305,4.497
677,0.895,,,2309,2.327
678,1.726,,,2313,2.39
679,2.656,,,2317,3.654
680,3.033,,,2321,4.42
681,3.688,,,2325,1.641
682,1.375,,,2329,4.842
683,2.234,,,2333,2.275
684,2.839,,,2337,4.095
685,3.266,,,2341,2.323
686,3.728,,,2345,3.092
687,3.777,,,2349,8.95
688,4.217,,,2353,9.84
689,4.177,,,2357,7.287
690,4.407,,,2361,7.415
691,3.505,,,2365,7.771
692,3.134,,,2369,4.733
693,2.162,,,2373,1.376
694,3.418,,,2377,3.573
695,3.817,,,2381,2.586
696,3.609,,,2385,1.066
697,4.378,,,2389,4.332
698,4.526,,,2393,4.453
699,4.24,,,2397,3.744
700,3.62,,,2401,2.914
701,3.252,,,2405,3.325
702,3.034,,,2409,3.423
703,3.132,,,2413,2.596
704,3.244,,,2417,3.215
705,3.465,,,2421,1.787
706,3.835,,,2425,3.655
707,3.577,,,2429,4.17
708,3.372,,,2433,4.065
709,3.89,,,2437,3.886
710,4.019,,,2441,3.097
711,3.991,,,2445,3.194
712,3.641,,,2449,2.249
713,3.741,,,2453,3.169
714,3.934,,,2457,3.685
715,3.06,,,2461,5.036
716,2.174,,,2465,4.798
717,1.708,,,2469,1.141
718,2.913,,,2473,2.947
719,3.562,,,2477,2.278
720,4.1,,,2481,3.467
721,4.367,,,2485,4.731
722,4.609,,,2489,4.483
723,4.613,,,2493,0.362
724,4.857,,,2497,2.935
725,5.263,,,2501,2.654
726,5.539,,,2505,3.401
727,5.626,,,2509,4.055
728,5.614,,,2513,4.226
729,5.189,,,2517,1.39
730,4.922,,,2521,6.432
731,5.142,,,2525,5.415
732,5.093,,,2529,3.783
733,4.951,,,2533,2.748
734,5.176,,,2537,5.651
735,5.288,,,2541,5.981
736,4.526,,,2545,9.68
737,4.977,,,2549,9.53
738,4.707,,,2553,10.48
739,4.379,,,2557,10.62
740,4.638,,,2561,8.31
741,5.415,,,2565,12.52
742,5.397,,,2569,10.72
743,5.812,,,2573,9.69
744,5.768,,,2577,5.013
745,5.67,,,2581,9.12
746,5.635,,,2585,8.26
747,5.263,,,2589,13.03
748,4.726,,,2593,8.84
749,4.852,,,2597,5.604
750,4.742,,,2601,7.591
751,4.779,,,2605,9.43
752,4.509,,,2609,8.17
753,4.455,,,2613,8.85
754,4.599,,,2617,8.42
755,4.607,,,2621,6.346
756,4.436,,,2625,6.809
757,4.43,,,2629,5.398
758,4.794,,,2633,3.264
759,5.08,,,2637,5.285
760,4.93,,,2641,6.634
761,4.27,,,2645,2.286
762,4.117,,,2649,3.236
763,3.924,,,2653,4.522
764,3.148,,,2657,4.693
765,4.313,,,2661,5.982
766,5.124,,,2665,5.801
767,3.997,,,2669,2.819
768,3.933,,,2673,5.504
769,3.487,,,2677,5.522
770,3.446,,,2681,7.145
771,2.814,,,2685,1.322
772,3.122,,,2689,4.314
773,3.387,,,2693,5.145
774,2.065,,,2697,6.754
775,1.681,,,2701,7.511
776,1.726,,,2705,9.74
777,1.892,,,2709,4.467
778,1.962,,,2713,4.314
779,2.552,,,2717,4.392
780,2.444,,,2721,5.26
781,2.762,,,2725,6.343
782,2.852,,,2729,7.048
783,2.189,,,2733,8.63
784,2.721,,,2737,9.09
785,2.472,,,2741,8.52
786,3.469,,,2745,6.463
787,2.364,,,2749,7.01
788,2.22,,,2753,7.09
789,2.433,,,2757,5.732
790,1.205,,,2761,4.208
791,1.608,,,2765,2.815
792,1.935,,,2769,3.827
793,2.702,,,2773,4.266
794,3.409,,,2777,5.751
795,3.635,,,2781,5.453
796,2.289,,,2785,6.355
797,0.447,,,2789,6.333
798,1.901,,,2793,4.237
799,2.342,,,2797,3.711
800,1.414,,,2801,5.23
801,1.538,,,2805,1.67
802,1.457,,,2809,2.981
803,2.261,,,2813,1.007
804,2.478,,,2817,2.516
805,2.395,,,2821,3.873
806,3.357,,,2825,2.68
807,3.022,,,2829,2.82
808,2.734,,,2833,3.443
809,2.71,,,2837,2.367
810,3.051,,,2841,3.269
811,1.546,,,2845,4.941
812,1.25,,,2849,3.765
813,0.825,,,2853,6.719
814,1.809,,,2857,7.406
815,3.339,,,2861,8.4
816,3.723,,,2865,4.682
817,3.609,,,2869,4.606
818,3.419,,,2873,4.134
819,3.819,,,2877,3.965
820,3.478,,,2881,2.626
821,2.337,,,2885,3.068
822,1.065,,,2889,4.597
823,0.472,,,2893,5.675
824,0.732,,,2897,6.211
825,1.759,,,2901,4.479
826,2.191,,,2905,4.455
827,2.843,,,2909,2.11
828,3.09,,,2913,3.569
829,2.33,,,2917,4.414
830,2.204,,,2921,4.658
831,2.877,,,2925,3.856
832,2.214,,,2929,1.883
833,2.599,,,2933,2.462
834,3.161,,,2937,3.574
835,3.212,,,2941,3.675
836,2.741,,,2945,2.934
837,2.154,,,2949,4.096
838,1.475,,,2953,2.307
839,2.263,,,2957,1.438
840,3.032,,,2961,3.985
841,3.149,,,2965,4.339
842,3.494,,,2969,2.594
843,3.782,,,2973,0.872
844,3.243,,,2977,2.162
845,2.114,,,2981,2.556
846,2.033,,,2985,3.886
847,1.124,,,2989,5.826
848,2.239,,,2993,4.62
849,2.558,,,2997,1.421
850,2.627,,,3001,2.514
851,2.76,,,3005,3.605
852,3.684,,,3009,0.863
853,3.32,,,3013,2.612
854,3.565,,,3017,4.242
855,4.142,,,3021,3.2
856,3.571,,,3025,2.069
857,4.102,,,3029,1.708
858,4.728,,,3033,3.556
859,3.861,,,3037,4.8
860,3.857,,,3041,1.483
861,2.741,,,3045,2.22
862,5.274,,,3049,9.98
863,6.92,,,3053,8.4
864,6.307,,,3057,4.23
865,5.633,,,3061,4.519
866,5.829,,,3065,5.712
867,5.79,,,3069,7.656
868,4.819,,,3073,8.27
869,4.522,,,3077,8.07
870,4.291,,,3081,6.308
871,3.522,,,3085,4.813
872,3.991,,,3089,3.119
873,2.9,,,3093,6.634
874,3.122,,,3097,7.936
875,3.408,,,3101,8.43
876,3.631,,,3105,7.692
877,3.411,,,3109,6.39
878,2.547,,,3113,6.131
879,1.969,,,3117,8.33
880,2.026,,,3121,7.938
881,2.658,,,3125,8.13
882,3.475,,,3129,7.007
883,3.515,,,3133,4.993
884,2.422,,,3137,6.704
885,2.006,,,3141,3.632
886,1.686,,,3145,5.691
887,3.606,,,3149,6.327
888,2.086,,,3153,7.151
889,2.058,,,3157,7.09
890,1.971,,,3161,8.36
891,4.901,,,3165,8.02
892,4.022,,,3169,8.81
893,3.663,,,3173,9.52
894,3.544,,,3177,8.33
895,5.532,,,3181,7.937
896,4.814,,,3185,7.018
897,6.433,,,3189,6.202
898,6.439,,,3193,7.098
899,6.771,,,3197,6.43
900,6.269,,,3201,5.535
901,5.516,,,3205,7.081
902,5.163,,,3209,6.451
903,5.564,,,3213,5.835
904,7.847,,,3217,6.296
905,8.91,,,3221,6.265
906,7.494,,,3225,7.022
907,7.838,,,3229,6.288
908,5.549,,,3233,7.231
909,6.14,,,3237,6.72
910,5.932,,,3241,7.435
911,4.219,,,3245,7.073
912,2.235,,,3249,6.498
913,2.451,,,3253,8.64
914,4.522,,,3257,9.25
915,4.919,,,3261,8.44
916,4.226,,,3265,8.23
917,3.6,,,3269,7.565
918,2.798,,,3273,6.382
919,2.278,,,3277,4.293
920,1.439,,,3281,7.299
921,2.37,,,3285,7.28
922,3.188,,,3289,6.477
923,3.757,,,3293,6.703
924,3.616,,,3297,5.938
925,3.42,,,3301,7.07
926,4.029,,,3305,5.903
927,3.871,,,3309,7.801
928,4.399,,,3313,6.069
929,4.82,,,3317,5.578
930,5.629,,,3321,6.012
931,6.111,,,3325,6.401
932,4.895,,,3329,6.533
933,3.698,,,3333,6.136
934,2.153,,,3337,6.433
935,1.627,,,3341,6.651
936,4.058,,,3345,5.825
937,3.781,,,3349,4.558
938,3.714,,,3353,3.837
939,4.045,,,3357,3.721
940,4.99,,,3361,5.857
941,5.094,,,3365,5.403
942,5.161,,,3369,4.755
943,4.074,,,3373,4.172
944,3.122,,,3377,4.932
945,2.817,,,3381,4.96
946,3.174,,,3385,4.035
947,3.47,,,3389,4.349
948,3.146,,,3393,4.808
949,4.463,,,3397,3.583
950,3.892,,,3401,3.529
951,2.925,,,3405,4.057
952,3.599,,,3409,2.955
953,3.957,,,3413,4.308
954,2.484,,,3417,1.918
955,3.036,,,3421,0.453
956,3.197,,,3425,1.052
957,2.696,,,3429,1.535
958,0.618,,,3433,3.118
959,0.806,,,3437,2.108
960,2.237,,,3441,4.871
961,2.526,,,3445,1.725
962,3.426,,,3449,2.152
963,3.638,,,3453,2.574
964,3.416,,,3457,1.741
965,2.476,,,3461,1.402
966,1.942,,,3465,4.347
967,1.648,,,3469,2.667
968,1.188,,,3473,3.104
969,1.193,,,3477,4.345
970,2.793,,,3481,4.25
971,3.466,,,3485,3.636
972,4.015,,,3489,3.298
973,4.062,,,3493,1.631
974,4.535,,,3497,3.178
975,4.217,,,3501,4.177
976,3.889,,,3505,4.173
977,4.528,,,3509,0.919
978,4.064,,,3513,6.9
979,4.269,,,3517,6.722
980,3.776,,,3521,6.166
981,2.691,,,3525,6.092
982,1.483,,,3529,6.333
983,0.838,,,3533,8.31
984,2.346,,,3537,6.267
985,3.375,,,3541,4.432
986,5.919,,,3545,6.43
987,4.003,,,3549,7.937
988,3.371,,,3553,9.13
989,2.441,,,3557,9.27
990,2.06,,,3561,9.26
991,2.133,,,3565,5.707
992,1.032,,,3569,4.477
993,2.176,,,3573,9.14
994,2.911,,,3577,8.18
995,3.485,,,3581,8.64
996,3.368,,,3585,2.664
997,3.868,,,3589,3.269
998,4.633,,,3593,1.737
999,4.876,,,3597,3.884
1000,5.327,,,3601,3.077
1001,3.594,,,3605,1.376
1002,4.193,,,3609,4.379
1003,3.636,,,3613,1.35
1004,3.309,,,3617,4.865
1005,2.139,,,3621,6.191
1006,1.838,,,3625,6.122
1007,0.396,,,3629,6.712
1008,2.435,,,3633,6.792
1009,3.446,,,3637,4.278
1010,4.04,,,3641,4.823
1011,3.325,,,3645,5.796
1012,1.724,,,3649,5.261
1013,3.483,,,3653,4.726
1014,4.368,,,3657,6.165
1015,4.67,,,3661,5.313
1016,6.15,,,3665,1.464
1017,4.901,,,3669,2.16
1018,1.732,,,3673,4.113
1019,3.155,,,3677,0.746
1020,4.66,,,3681,5.022
1021,5.968,,,3685,3.212
1022,5.953,,,3689,2.166
1023,5.056,,,3693,3.549
1024,6.133,,,3697,3.518
1025,6.844,,,3701,0.954
1026,6.661,,,3705,3.166
1027,5.736,,,3709,2.392
1028,3.129,,,3713,2.801
1029,3.582,,,3717,3.226
1030,4.467,,,3721,2.522
1031,4.672,,,3725,0.879
1032,4.778,,,3729,4.324
1033,4.71,,,3733,1.386
1034,5.601,,,3737,1.725
1035,6.731,,,3741,1.116
1036,7.409,,,3745,3.313
1037,7.886,,,3749,2.389
1038,8.34,,,3753,3.158
1039,8.67,,,3757,3.993
1040,8.55,,,3761,1.391
1041,8.33,,,3765,1.695
1042,7.506,,,3769,2.894
1043,5.903,,,3773,1.667
1044,6.281,,,3777,4.71
1045,5.444,,,3781,3
1046,5.672,,,3785,1.505
1047,7.371,,,3789,1.977
1048,8.26,,,3793,4.031
1049,7.44,,,3797,3.603
1050,6.493,,,3801,3.073
1051,8.33,,,3805,8.84
1052,9.24,,,3809,3.934
1053,6.736,,,3813,2.704
1054,6.836,,,3817,4.709
1055,6.745,,,3821,1.568
1056,5.613,,,3825,2.162
1057,6.623,,,3829,7.941
1058,8.51,,,3833,2.744
1059,7.981,,,3837,3.365
1060,5.78,,,3841,3.082
1061,6.131,,,3845,1.946
1062,5.607,,,3849,5.084
1063,7.559,,,3853,5.136
1064,9.66,,,3857,8.57
1065,9.77,,,3861,2.848
1066,7.949,,,3865,3.295
1067,7.509,,,3869,2.263
1068,6.83,,,3873,3.361
1069,6.235,,,3877,4.572
1070,5.047,,,3881,1.006
1071,4.889,,,3885,2.767
1072,4.53,,,3889,1.739
1073,4.14,,,3893,3.478
1074,4.551,,,3897,4.02
1075,2.932,,,3901,9.62
1076,2.214,,,3905,3.821
1077,2.052,,,3909,3.944
1078,2.355,,,3913,5.586
1079,2.697,,,3917,5.756
1080,3.4,,,3921,3.998
1081,3.264,,,3925,4.735
1082,3.666,,,3929,2.576
1083,3.775,,,3933,2.907
1084,3.45,,,3937,2.541
1085,4.169,,,3941,4.663
1086,4.771,,,3945,3.169
1087,4.937,,,3949,3.178
1088,5.253,,,3953,0.086
1089,4.849,,,3957,2.096
1090,4.812,,,3961,2.274
1091,5.479,,,3965,4.236
1092,6.042,,,3969,5.255
1093,7.029,,,3973,5.157
1094,7.214,,,3977,4.844
1095,7.095,,,3981,3.539
1096,6.874,,,3985,3.783
1097,5.974,,,3989,0.291
1098,6.117,,,3993,5.878
1099,6.098,,,3997,4.864
1100,5.926,,,4001,2.582
1101,5.928,,,4005,2.736
1102,5.894,,,4009,2.981
1103,5.839,,,4013,0.529
1104,5.394,,,4017,2.727
1105,4.749,,,4021,3.401
1106,4.554,,,4025,2.052
1107,4.323,,,4029,5.35
1108,4.348,,,4033,6.14
1109,2.795,,,4037,5.677
1110,2.719,,,4041,7.865
1111,1.969,,,4045,4.343
1112,1.631,,,4049,3.446
1113,3.413,,,4053,3.25
1114,3.334,,,4057,3.535
1115,2.983,,,4061,1.051
1116,2.789,,,4065,4.304
1117,3.394,,,4069,5.495
1118,3.426,,,4073,3.64
1119,3.487,,,4077,1.813
1120,3.586,,,4081,2.708
1121,3.871,,,4085,2.03
1122,3.915,,,4089,5.335
1123,4.347,,,4093,2.874
1124,4.148,,,4097,4.245
1125,3.048,,,4101,1.725
1126,1.252,,,4105,3.322
1127,0.927,,,4109,2.985
1128,2.077,,,4113,4.225
1129,2.912,,,4117,4.527
1130,4.423,,,4121,0.499
1131,4.361,,,4125,2.04
1132,3.695,,,4129,2.879
1133,2.014,,,4133,3.791
1134,1.919,,,4137,5.646
1135,2.459,,,4141,5.063
1136,2.884,,,4145,1.072
1137,3.16,,,4149,2.41
1138,2.256,,,4153,3.829
1139,1.782,,,4157,0.925
1140,1.535,,,4161,4.577
1141,2.063,,,4165,4.533
1142,3.439,,,4169,2.663
1143,3.975,,,4173,2.153
1144,4.177,,,4177,3.649
1145,3.36,,,4181,1.566
1146,3.646,,,4185,5.323
1147,3.619,,,4189,1.803
1148,3.868,,,4193,1.827
1149,4.073,,,4197,2.346
1150,3.074,,,4201,4.444
1151,2.058,,,4205,2.918
1152,4.028,,,4209,2.805
1153,6.275,,,4213,2.062
1154,7.525,,,4217,3.288
1155,6.895,,,4221,2.515
1156,6.803,,,4225,2.94
1157,6.617,,,4229,4.098
1158,7.376,,,4233,7.483
1159,8.13,,,4237,3.175
1160,7.481,,,4241,1.863
1161,5.856,,,4245,2.429
1162,5.081,,,4249,3.873
1163,4.834,,,4253,3.984
1164,3.55,,,4257,4.308
1165,2.93,,,4261,3.731
1166,1.999,,,4265,3.068
1167,2.011,,,4269,2.964
1168,1.265,,,4273,4.472
1169,1.729,,,4277,4.17
1170,4.575,,,4281,3.335
1171,5.309,,,4285,3.395
1172,4.624,,,4289,3.236
1173,4.706,,,4293,3.276
1174,3.769,,,4297,3.889
1175,1.924,,,4301,1.455
1176,2.418,,,4305,4.973
1177,2.857,,,4309,6.636
1178,1.222,,,4313,2.004
1179,1.826,,,4317,2.112
1180,0.737,,,4321,1.051
1181,0.659,,,4325,2.54
1182,4.219,,,4329,5.92
1183,4.067,,,4333,5.644
1184,2.963,,,4337,4.154
1185,2.611,,,4341,3.992
1186,1.712,,,4345,6.333
1187,3.063,,,4349,5.382
1188,1.817,,,4353,6.647
1189,1.588,,,4357,5.531
1190,2.621,,,4361,4.329
1191,2.656,,,4365,5.566
1192,1.356,,,4369,8.33
1193,0.431,,,4373,6.944
1194,0,,,4377,6.247
1195,1.216,,,4381,9.72
1196,1.705,,,4385,5.856
1197,1.419,,,4389,2.98
1198,0.598,,,4393,5.398
1199,4.411,,,4397,4.058
1200,5.812,,,4401,6.582
1201,6.865,,,4405,3.95
1202,7.163,,,4409,1.647
1203,6.895,,,4413,2.716
1204,5.573,,,4417,3.604
1205,4.517,,,4421,3.569
1206,4.748,,,4425,4.159
1207,5.802,,,4429,4.37
1208,5.372,,,4433,3.846
1209,5.506,,,4437,5.119
1210,5.076,,,4441,5.654
1211,5.526,,,4445,6.046
1212,4.501,,,4449,5.368
1213,2.044,,,4453,5.033
1214,1.656,,,4457,4.37
1215,2.715,,,4461,4.831
1216,3.2,,,4465,6.223
1217,3.494,,,4469,6.106
1218,3.633,,,4473,6.238
1219,5.53,,,4477,5.322
1220,2.675,,,4481,5.084
1221,2.351,,,4485,5.092
1222,5.889,,,4489,4.62
1223,6.644,,,4493,4.889
1224,4.09,,,4497,4.228
1225,4.679,,,4501,4.066
1226,5.798,,,4505,0.857
1227,7.331,,,4509,3.483
1228,7.543,,,4513,3.68
1229,7.844,,,4517,2.646
1230,7.368,,,4521,5.732
1231,8.72,,,4525,2.405
1232,7.477,,,4529,5.321
1233,7.252,,,4533,3.488
1234,6.755,,,4537,2.938
1235,5.521,,,4541,2.073
1236,8.9,,,4545,6.11
1237,8.05,,,4549,6.691
1238,7.993,,,4553,1.201
1239,6.669,,,,
1240,6.958,,,,
1241,6.824,,,,
1242,7.734,,,,
1243,7.798,,,,
1244,6.506,,,,
1245,6.536,,,,
1246,7.726,,,,
1247,8.28,,,,
1248,10.12,,,,
1249,10.04,,,,
1250,9.62,,,,
1251,7.966,,,,
1252,7.743,,,,
1253,6.473,,,,
1254,9.17,,,,
1255,9.83,,,,
1256,10.04,,,,
1257,7.105,,,,
1258,5.409,,,,
1259,5.079,,,,
1260,8.25,,,,
1261,7.228,,,,
1262,7.277,,,,
1263,7.532,,,,
1264,7.863,,,,
1265,6.301,,,,
1266,6.505,,,,
1267,5.983,,,,
1268,4.531,,,,
1269,5.919,,,,
1270,6.911,,,,
1271,7.024,,,,
1272,4.943,,,,
1273,5.234,,,,
1274,5.168,,,,
1275,5.807,,,,
1276,5.282,,,,
1277,6.551,,,,
1278,4.268,,,,
1279,4.62,,,,
1280,2.995,,,,
1281,4.091,,,,
1282,4.754,,,,
1283,4.006,,,,
1284,3.921,,,,
1285,4.042,,,,
1286,3.696,,,,
1287,3.828,,,,
1288,2.668,,,,
1289,3.956,,,,
1290,4.016,,,,
1291,3.896,,,,
1292,2.923,,,,
1293,2.946,,,,
1294,5.312,,,,
1295,9.28,,,,
1296,9.37,,,,
1297,9.9,,,,
1298,9.86,,,,
1299,7.872,,,,
1300,6.477,,,,
1301,10.79,,,,
1302,7.497,,,,
1303,7.338,,,,
1304,4.647,,,,
1305,4.627,,,,
1306,5.702,,,,
1307,6.549,,,,
1308,3.16,,,,
1309,5.215,,,,
1310,6.565,,,,
1311,5.408,,,,
1312,4.885,,,,
1313,7.403,,,,
1314,6.12,,,,
1315,4.387,,,,
1316,3.047,,,,
1317,2.839,,,,
1318,0.804,,,,
1319,1.516,,,,
1320,1.68,,,,
1321,1.487,,,,
1322,1.152,,,,
1323,1.74,,,,
1324,1.306,,,,
1325,1.284,,,,
1326,1.86,,,,
1327,1.916,,,,
1328,4.755,,,,
1329,2.038,,,,
1330,2.605,,,,
1331,2.621,,,,
1332,1.997,,,,
1333,2.938,,,,
1334,2.1,,,,
1335,1.645,,,,
1336,5.097,,,,
1337,6.163,,,,
1338,2.808,,,,
1339,5.718,,,,
1340,6.026,,,,
1341,5.194,,,,
1342,6.768,,,,
1343,7.717,,,,
1344,7.031,,,,
1345,6.87,,,,
1346,7.059,,,,
1347,7.588,,,,
1348,3.661,,,,
1349,1.501,,,,
1350,2.663,,,,
1351,3.576,,,,
1352,4.202,,,,
1353,3.438,,,,
1354,3.454,,,,
1355,5.015,,,,
1356,2.531,,,,
1357,1.517,,,,
1358,1.125,,,,
1359,1.418,,,,
1360,1.321,,,,
1361,2.495,,,,
1362,2.506,,,,
1363,2.358,,,,
1364,2.708,,,,
1365,1.222,,,,
1366,0.876,,,,
1367,1.124,,,,
1368,2.501,,,,
1369,2.549,,,,
1370,3.126,,,,
1371,2.881,,,,
1372,3.153,,,,
1373,0.902,,,,
1374,0.879,,,,
1375,0.839,,,,
1376,1.595,,,,
1377,2.867,,,,
1378,3.466,,,,
1379,2.907,,,,
1380,1.373,,,,
1381,2.543,,,,
1382,2.338,,,,
1383,3.673,,,,
1384,3.989,,,,
1385,4.648,,,,
1386,4.246,,,,
1387,4.686,,,,
1388,3.926,,,,
1389,3.523,,,,
1390,2.841,,,,
1391,1.136,,,,
1392,0.333,,,,
1393,2.513,,,,
1394,2.212,,,,
1395,1.94,,,,
1396,5.509,,,,
1397,6.281,,,,
1398,4.916,,,,
1399,6.05,,,,
1400,5.186,,,,
1401,4.355,,,,
1402,6.086,,,,
1403,6.632,,,,
1404,5.397,,,,
1405,4.523,,,,
1406,4.25,,,,
1407,3.256,,,,
1408,3.927,,,,
1409,4.289,,,,
1410,4.121,,,,
1411,4.296,,,,
1412,4.21,,,,
1413,2.69,,,,
1414,2.134,,,,
1415,0.115,,,,
1416,1.196,,,,
1417,2.189,,,,
1418,3.409,,,,
1419,3.984,,,,
1420,4.081,,,,
1421,3.038,,,,
1422,2.282,,,,
1423,1.686,,,,
1424,2.567,,,,
1425,2.24,,,,
1426,2.727,,,,
1427,2.12,,,,
1428,2.754,,,,
1429,3.938,,,,
1430,3.996,,,,
1431,4.206,,,,
1432,2.637,,,,
1433,2.817,,,,
1434,4.013,,,,
1435,4.036,,,,
1436,3.268,,,,
1437,1.649,,,,
1438,0.484,,,,
1439,0.446,,,,
1440,1.517,,,,
1441,3.953,,,,
1442,4.212,,,,
1443,3.803,,,,
1444,3.771,,,,
1445,3.181,,,,
1446,2.37,,,,
1447,1.77,,,,
1448,2.247,,,,
1449,2.882,,,,
1450,3.721,,,,
1451,3.415,,,,
1452,3.104,,,,
1453,4.312,,,,
1454,3.613,,,,
1455,3.517,,,,
1456,3.249,,,,
1457,5.095,,,,
1458,5.637,,,,
1459,7.973,,,,
1460,9.18,,,,
1461,8.59,,,,
1462,9.54,,,,
1463,8.79,,,,
1464,7.865,,,,
1465,8.12,,,,
1466,8.31,,,,
1467,6.863,,,,
1468,7.084,,,,
1469,8.74,,,,
1470,9.52,,,,
1471,7.647,,,,
1472,7.258,,,,
1473,7.277,,,,
1474,5.641,,,,
1475,4.388,,,,
1476,4.601,,,,
1477,5.164,,,,
1478,4.567,,,,
1479,4.486,,,,
1480,5.361,,,,
1481,5.702,,,,
1482,5.87,,,,
1483,5.693,,,,
1484,7.098,,,,
1485,8.46,,,,
1486,8.43,,,,
1487,7.93,,,,
1488,8.39,,,,
1489,6.584,,,,
1490,2.899,,,,
1491,4.145,,,,
1492,2.762,,,,
1493,2.552,,,,
1494,4.234,,,,
1495,3.922,,,,
1496,4.82,,,,
1497,4.35,,,,
1498,4.079,,,,
1499,3.624,,,,
1500,4.638,,,,
1501,4.546,,,,
1502,4.459,,,,
1503,5.143,,,,
1504,4.509,,,,
1505,4.667,,,,
1506,4.882,,,,
1507,4.643,,,,
1508,3.774,,,,
1509,2.383,,,,
1510,1.938,,,,
1511,0.142,,,,
1512,1.161,,,,
1513,2.334,,,,
1514,3.733,,,,
1515,3.416,,,,
1516,2.344,,,,
1517,1.675,,,,
1518,0.942,,,,
1519,0,,,,
1520,0.55,,,,
1521,1.445,,,,
1522,2.673,,,,
1523,3.015,,,,
1524,3.416,,,,
1525,3.253,,,,
1526,2.249,,,,
1527,1.932,,,,
1528,3.617,,,,
1529,3.855,,,,
1530,3.389,,,,
1531,3.185,,,,
1532,3.064,,,,
1533,3.141,,,,
1534,2.213,,,,
1535,1.153,,,,
1536,2.937,,,,
1537,4.961,,,,
1538,4.559,,,,
1539,5.111,,,,
1540,3.531,,,,
1541,4.447,,,,
1542,6.5,,,,
1543,4.446,,,,
1544,1.709,,,,
1545,1.892,,,,
1546,4.136,,,,
1547,3.937,,,,
1548,7.125,,,,
1549,7.631,,,,
1550,7.833,,,,
1551,9.88,,,,
1552,9.71,,,,
1553,10.41,,,,
1554,9.68,,,,
1555,9.22,,,,
1556,11.39,,,,
1557,9.98,,,,
1558,9.89,,,,
1559,8.71,,,,
1560,9.2,,,,
1561,10.1,,,,
1562,10.09,,,,
1563,8.86,,,,
1564,7.94,,,,
1565,6.537,,,,
1566,6.68,,,,
1567,5.985,,,,
1568,6.079,,,,
1569,7.105,,,,
1570,6.866,,,,
1571,7.038,,,,
1572,6.684,,,,
1573,6.117,,,,
1574,5.972,,,,
1575,6.399,,,,
1576,6.708,,,,
1577,6.357,,,,
1578,4.605,,,,
1579,3.737,,,,
1580,3.773,,,,
1581,3.724,,,,
1582,2.531,,,,
1583,1.677,,,,
1584,0.166,,,,
1585,1.304,,,,
1586,3.412,,,,
1587,3.928,,,,
1588,3.465,,,,
1589,2.273,,,,
1590,2.362,,,,
1591,2.157,,,,
1592,2.614,,,,
1593,3.365,,,,
1594,2.421,,,,
1595,2.266,,,,
1596,2.037,,,,
1597,0.378,,,,
1598,0.317,,,,
1599,1.524,,,,
1600,1.581,,,,
1601,1.788,,,,
1602,2.004,,,,
1603,1.804,,,,
1604,1.775,,,,
1605,0.85,,,,
1606,0.749,,,,
1607,0.929,,,,
1608,1.174,,,,
1609,1.17,,,,
1610,2.329,,,,
1611,3.292,,,,
1612,3.308,,,,
1613,2.79,,,,
1614,1.541,,,,
1615,1.099,,,,
1616,1.69,,,,
1617,2.107,,,,
1618,2.426,,,,
1619,3.017,,,,
1620,2.873,,,,
1621,2.618,,,,
1622,2.509,,,,
1623,2.712,,,,
1624,4.729,,,,
1625,5.197,,,,
1626,5.306,,,,
1627,5.021,,,,
1628,4.625,,,,
1629,4.146,,,,
1630,4.734,,,,
1631,5.607,,,,
1632,6.722,,,,
1633,7.005,,,,
1634,6.897,,,,
1635,7.549,,,,
1636,7.715,,,,
1637,6.682,,,,
1638,5.898,,,,
1639,6.454,,,,
1640,7.695,,,,
1641,8.39,,,,
1642,7.642,,,,
1643,7.258,,,,
1644,7.049,,,,
1645,7.616,,,,
1646,6.281,,,,
1647,3.373,,,,
1648,3.94,,,,
1649,5.192,,,,
1650,4.985,,,,
1651,4.398,,,,
1652,4.084,,,,
1653,3.298,,,,
1654,3.823,,,,
1655,3.466,,,,
1656,1.752,,,,
1657,1.386,,,,
1658,1.272,,,,
1659,2.099,,,,
1660,0.996,,,,
1661,1.094,,,,
1662,1.769,,,,
1663,1.879,,,,
1664,2.248,,,,
1665,1.252,,,,
1666,1.095,,,,
1667,1.554,,,,
1668,1.845,,,,
1669,1.468,,,,
1670,1.458,,,,
1671,1.373,,,,
1672,0.64,,,,
1673,2.064,,,,
1674,0.969,,,,
1675,0.917,,,,
1676,1.428,,,,
1677,2.05,,,,
1678,0.759,,,,
1679,0.072,,,,
1680,0.648,,,,
1681,2.105,,,,
1682,3.082,,,,
1683,3.002,,,,
1684,2.014,,,,
1685,1.517,,,,
1686,0.84,,,,
1687,1.027,,,,
1688,0.731,,,,
1689,0.99,,,,
1690,1.694,,,,
1691,1.845,,,,
1692,1.006,,,,
1693,2.317,,,,
1694,1.292,,,,
1695,1.389,,,,
1696,2.6,,,,
1697,2.801,,,,
1698,2.693,,,,
1699,1.053,,,,
1700,2.014,,,,
1701,1.811,,,,
1702,1.539,,,,
1703,0.932,,,,
1704,1.89,,,,
1705,1.248,,,,
1706,3.162,,,,
1707,2.966,,,,
1708,2.404,,,,
1709,0.793,,,,
1710,0.286,,,,
1711,2.866,,,,
1712,2.165,,,,
1713,2.099,,,,
1714,1.352,,,,
1715,1.647,,,,
1716,1.033,,,,
1717,0.431,,,,
1718,0.646,,,,
1719,3.128,,,,
1720,2.335,,,,
1721,1.966,,,,
1722,1.772,,,,
1723,3.255,,,,
1724,2.965,,,,
1725,1.953,,,,
1726,5.584,,,,
1727,6.123,,,,
1728,8.74,,,,
1729,10.15,,,,
1730,10.59,,,,
1731,11.16,,,,
1732,8.88,,,,
1733,10.23,,,,
1734,8.08,,,,
1735,9.61,,,,
1736,9.96,,,,
1737,8.06,,,,
1738,10.24,,,,
1739,6.889,,,,
1740,6.699,,,,
1741,7.317,,,,
1742,4.961,,,,
1743,3.327,,,,
1744,3.398,,,,
1745,3.824,,,,
1746,3.033,,,,
1747,2.813,,,,
1748,3.515,,,,
1749,3.433,,,,
1750,2.11,,,,
1751,0.633,,,,
1752,0.601,,,,
1753,1.407,,,,
1754,2.258,,,,
1755,2.68,,,,
1756,1.233,,,,
1757,2.63,,,,
1758,3.468,,,,
1759,4.455,,,,
1760,3.762,,,,
1761,3.095,,,,
1762,3.467,,,,
1763,2.296,,,,
1764,1.865,,,,
1765,2.53,,,,
1766,1.813,,,,
1767,0.555,,,,
1768,1.361,,,,
1769,0.385,,,,
1770,1.548,,,,
1771,1.6,,,,
1772,1.018,,,,
1773,2.607,,,,
1774,4.875,,,,
1775,5.327,,,,
1776,2.745,,,,
1777,2.76,,,,
1778,3,,,,
1779,3.467,,,,
1780,3.617,,,,
1781,2.793,,,,
1782,3.799,,,,
1783,2.645,,,,
1784,2.227,,,,
1785,2.486,,,,
1786,3.052,,,,
1787,2.706,,,,
1788,2.38,,,,
1789,1.698,,,,
1790,1.646,,,,
1791,1.112,,,,
1792,1.868,,,,
1793,1.49,,,,
1794,2.184,,,,
1795,2.468,,,,
1796,2.887,,,,
1797,1.456,,,,
1798,1.805,,,,
1799,0.816,,,,
1800,0.418,,,,
1801,1.263,,,,
1802,5.128,,,,
1803,6.446,,,,
1804,8.97,,,,
1805,5.19,,,,
1806,5.875,,,,
1807,11.35,,,,
1808,11.17,,,,
1809,10.83,,,,
1810,10.44,,,,
1811,9.01,,,,
1812,6.858,,,,
1813,5.324,,,,
1814,7.344,,,,
1815,6.019,,,,
1816,4.767,,,,
1817,3.386,,,,
1818,1.445,,,,
1819,5.066,,,,
1820,6.342,,,,
1821,4.028,,,,
1822,8.36,,,,
1823,8.7,,,,
1824,9.25,,,,
1825,9.23,,,,
1826,9.94,,,,
1827,12.97,,,,
1828,12.35,,,,
1829,12.15,,,,
1830,11.2,,,,
1831,9.86,,,,
1832,9.61,,,,
1833,8.14,,,,
1834,8.38,,,,
1835,8.6,,,,
1836,9.35,,,,
1837,8.29,,,,
1838,8.87,,,,
1839,7.321,,,,
1840,5.341,,,,
1841,4.704,,,,
1842,2.676,,,,
1843,2.495,,,,
1844,1.765,,,,
1845,2.007,,,,
1846,1.434,,,,
1847,1.371,,,,
1848,4.551,,,,
1849,10.3,,,,
1850,10.09,,,,
1851,9.51,,,,
1852,10.73,,,,
1853,10.18,,,,
1854,8.56,,,,
1855,6.365,,,,
1856,7.563,,,,
1857,8.77,,,,
1858,9.59,,,,
1859,6.585,,,,
1860,9.03,,,,
1861,12,,,,
1862,11.34,,,,
1863,10.01,,,,
1864,8.47,,,,
1865,5.361,,,,
1866,8.59,,,,
1867,10.63,,,,
1868,8.88,,,,
1869,7.741,,,,
1870,9.9,,,,
1871,11.07,,,,
1872,10.76,,,,
1873,9.24,,,,
1874,9.09,,,,
1875,7.794,,,,
1876,7.005,,,,
1877,10.44,,,,
1878,8.67,,,,
1879,7.601,,,,
1880,4.266,,,,
1881,3.84,,,,
1882,5.108,,,,
1883,3.449,,,,
1884,3.895,,,,
1885,4.74,,,,
1886,3.742,,,,
1887,4.162,,,,
1888,3.195,,,,
1889,3.482,,,,
1890,3.093,,,,
1891,4.014,,,,
1892,3.455,,,,
1893,3.499,,,,
1894,2.058,,,,
1895,0.809,,,,
1896,1.667,,,,
1897,4.291,,,,
1898,4.47,,,,
1899,3.357,,,,
1900,5.704,,,,
1901,4.797,,,,
1902,3.519,,,,
1903,2.934,,,,
1904,2.563,,,,
1905,2.962,,,,
1906,3.334,,,,
1907,1.931,,,,
1908,1.71,,,,
1909,2.427,,,,
1910,1.79,,,,
1911,3.294,,,,
1912,3.07,,,,
1913,3.255,,,,
1914,3.828,,,,
1915,4.324,,,,
1916,4.102,,,,
1917,3.538,,,,
1918,0.593,,,,
1919,1.02,,,,
1920,1.241,,,,
1921,2.008,,,,
1922,2.488,,,,
1923,2.999,,,,
1924,2.679,,,,
1925,1.911,,,,
1926,1.495,,,,
1927,1.611,,,,
1928,1.342,,,,
1929,2.176,,,,
1930,1.955,,,,
1931,3.523,,,,
1932,3.511,,,,
1933,2.224,,,,
1934,1.735,,,,
1935,2.813,,,,
1936,3.673,,,,
1937,3.505,,,,
1938,3.464,,,,
1939,4.031,,,,
1940,3.8,,,,
1941,2.423,,,,
1942,1.362,,,,
1943,0.084,,,,
1944,0,,,,
1945,0.097,,,,
1946,2.773,,,,
1947,2.722,,,,
1948,2.205,,,,
1949,2.378,,,,
1950,1.952,,,,
1951,0.802,,,,
1952,2.149,,,,
1953,2.29,,,,
1954,2.704,,,,
1955,1.795,,,,
1956,2.727,,,,
1957,3.094,,,,
1958,2.1,,,,
1959,3.008,,,,
1960,2.503,,,,
1961,3.178,,,,
1962,2.814,,,,
1963,2.993,,,,
1964,3.035,,,,
1965,3.011,,,,
1966,2.446,,,,
1967,4.1,,,,
1968,4.124,,,,
1969,4,,,,
1970,3.809,,,,
1971,4.03,,,,
1972,3.117,,,,
1973,2.484,,,,
1974,1.694,,,,
1975,2.05,,,,
1976,2.435,,,,
1977,2.597,,,,
1978,2.938,,,,
1979,3.225,,,,
1980,4.248,,,,
1981,4.508,,,,
1982,4.004,,,,
1983,3.279,,,,
1984,4.036,,,,
1985,5.108,,,,
1986,4.585,,,,
1987,4.569,,,,
1988,4.017,,,,
1989,2.578,,,,
1990,3.226,,,,
1991,2.404,,,,
1992,4.128,,,,
1993,6.396,,,,
1994,6.952,,,,
1995,6.837,,,,
1996,3.81,,,,
1997,5.581,,,,
1998,3.839,,,,
1999,3.195,,,,
2000,2.08,,,,
2001,2.163,,,,
2002,2.019,,,,
2003,2.692,,,,
2004,2.971,,,,
2005,1.538,,,,
2006,2.731,,,,
2007,1.287,,,,
2008,2.553,,,,
2009,4.26,,,,
2010,4.662,,,,
2011,3.872,,,,
2012,4.311,,,,
2013,2.86,,,,
2014,3.001,,,,
2015,2.882,,,,
2016,1.896,,,,
2017,1.81,,,,
2018,2.377,,,,
2019,3.395,,,,
2020,3.24,,,,
2021,2.578,,,,
2022,2.992,,,,
2023,2.744,,,,
2024,2.956,,,,
2025,2.719,,,,
2026,3.453,,,,
2027,3.769,,,,
2028,4.006,,,,
2029,4.516,,,,
2030,4.043,,,,
2031,4.488,,,,
2032,5.552,,,,
2033,4.456,,,,
2034,4.109,,,,
2035,3.949,,,,
2036,3.946,,,,
2037,5.945,,,,
2038,5.035,,,,
2039,4.92,,,,
2040,5.341,,,,
2041,4.12,,,,
2042,5.04,,,,
2043,6.079,,,,
2044,5.948,,,,
2045,5.226,,,,
2046,4.755,,,,
2047,4.974,,,,
2048,4.651,,,,
2049,5.179,,,,
2050,5.318,,,,
2051,5.043,,,,
2052,4.395,,,,
2053,4.479,,,,
2054,5.117,,,,
2055,5.536,,,,
2056,3.888,,,,
2057,4.56,,,,
2058,4.476,,,,
2059,4.21,,,,
2060,3.37,,,,
2061,2.922,,,,
2062,2.407,,,,
2063,1.87,,,,
2064,4.502,,,,
2065,5.23,,,,
2066,6.971,,,,
2067,7.149,,,,
2068,7.978,,,,
2069,8.13,,,,
2070,6.864,,,,
2071,4.009,,,,
2072,1.473,,,,
2073,0.773,,,,
2074,1.745,,,,
2075,2.044,,,,
2076,2.518,,,,
2077,2.019,,,,
2078,2.663,,,,
2079,2.534,,,,
2080,2.665,,,,
2081,2.685,,,,
2082,2.622,,,,
2083,2.564,,,,
2084,2.878,,,,
2085,2.781,,,,
2086,1.183,,,,
2087,0.078,,,,
2088,1.217,,,,
2089,2.276,,,,
2090,2.395,,,,
2091,2.445,,,,
2092,2.462,,,,
2093,4.649,,,,
2094,1.572,,,,
2095,0.765,,,,
2096,0.93,,,,
2097,2.114,,,,
2098,1.6,,,,
2099,2.325,,,,
2100,1.412,,,,
2101,1.785,,,,
2102,0.973,,,,
2103,2.091,,,,
2104,2.926,,,,
2105,2.758,,,,
2106,3.021,,,,
2107,2.194,,,,
2108,2.24,,,,
2109,3.091,,,,
2110,1.892,,,,
2111,0.275,,,,
2112,1.698,,,,
2113,1.736,,,,
2114,1.02,,,,
2115,2.908,,,,
2116,1.096,,,,
2117,1.744,,,,
2118,2.602,,,,
2119,1.469,,,,
2120,0.673,,,,
2121,1.873,,,,
2122,1.96,,,,
2123,1.377,,,,
2124,2.503,,,,
2125,2.327,,,,
2126,3.154,,,,
2127,2.497,,,,
2128,4.299,,,,
2129,4.937,,,,
2130,4.696,,,,
2131,5.078,,,,
2132,4.314,,,,
2133,3.495,,,,
2134,3.09,,,,
2135,1.711,,,,
2136,0.31,,,,
2137,1.343,,,,
2138,1.986,,,,
2139,2.287,,,,
2140,1.952,,,,
2141,1.41,,,,
2142,1.606,,,,
2143,1.258,,,,
2144,2.363,,,,
2145,3.14,,,,
2146,3.051,,,,
2147,3.639,,,,
2148,3.329,,,,
2149,2.992,,,,
2150,4.05,,,,
2151,2.661,,,,
2152,2.641,,,,
2153,3.827,,,,
2154,3.552,,,,
2155,3.34,,,,
2156,2.021,,,,
2157,2.171,,,,
2158,1.918,,,,
2159,1.206,,,,
2160,0.215,,,,
2161,0,,,,
2162,0,,,,
2163,0,,,,
2164,0,,,,
2165,0.327,,,,
2166,1.277,,,,
2167,2.27,,,,
2168,2.277,,,,
2169,3.006,,,,
2170,3.522,,,,
2171,3.912,,,,
2172,3.643,,,,
2173,3.6,,,,
2174,4.014,,,,
2175,4.024,,,,
2176,3.451,,,,
2177,3.596,,,,
2178,3.435,,,,
2179,4.098,,,,
2180,3.459,,,,
2181,2.512,,,,
2182,1.912,,,,
2183,0.229,,,,
2184,0.833,,,,
2185,2.436,,,,
2186,2.889,,,,
2187,2.584,,,,
2188,1.948,,,,
2189,1.527,,,,
2190,0.864,,,,
2191,1.658,,,,
2192,3.556,,,,
2193,3.669,,,,
2194,2.758,,,,
2195,3.683,,,,
2196,3.965,,,,
2197,3.996,,,,
2198,4.254,,,,
2199,3.777,,,,
2200,4.654,,,,
2201,5.54,,,,
2202,5.89,,,,
2203,5.871,,,,
2204,4.384,,,,
2205,3.506,,,,
2206,1.419,,,,
2207,1.841,,,,
2208,1.77,,,,
2209,4.442,,,,
2210,4.422,,,,
2211,2.588,,,,
2212,3.101,,,,
2213,3.21,,,,
2214,2.989,,,,
2215,1.887,,,,
2216,2.636,,,,
2217,2.305,,,,
2218,2.58,,,,
2219,3.316,,,,
2220,3.07,,,,
2221,2.568,,,,
2222,2.185,,,,
2223,2.047,,,,
2224,3.981,,,,
2225,2.728,,,,
2226,2.321,,,,
2227,1.661,,,,
2228,3.462,,,,
2229,4.176,,,,
2230,1.633,,,,
2231,0.744,,,,
2232,1.083,,,,
2233,2.189,,,,
2234,3.379,,,,
2235,4.41,,,,
2236,3.412,,,,
2237,4.691,,,,
2238,3.057,,,,
2239,2.649,,,,
2240,2.429,,,,
2241,3.273,,,,
2242,3.476,,,,
2243,2.961,,,,
2244,3.155,,,,
2245,3.728,,,,
2246,3.454,,,,
2247,3.927,,,,
2248,3.502,,,,
2249,2.588,,,,
2250,3.228,,,,
2251,4.259,,,,
2252,3.318,,,,
2253,2.202,,,,
2254,1.075,,,,
2255,0.402,,,,
2256,1.423,,,,
2257,2.495,,,,
2258,4.189,,,,
2259,3.392,,,,
2260,1.759,,,,
2261,1.388,,,,
2262,1.312,,,,
2263,1.414,,,,
2264,1.591,,,,
2265,2.3,,,,
2266,3.534,,,,
2267,3.371,,,,
2268,1.925,,,,
2269,3.36,,,,
2270,3.714,,,,
2271,3.387,,,,
2272,3.013,,,,
2273,4.643,,,,
2274,4.526,,,,
2275,4.288,,,,
2276,4.292,,,,
2277,4.051,,,,
2278,3.411,,,,
2279,2.141,,,,
2280,0.342,,,,
2281,1.663,,,,
2282,2.333,,,,
2283,2.32,,,,
2284,1.718,,,,
2285,1.122,,,,
2286,0.145,,,,
2287,1.996,,,,
2288,3.151,,,,
2289,2.97,,,,
2290,2.696,,,,
2291,3.009,,,,
2292,4.014,,,,
2293,3.585,,,,
2294,4.192,,,,
2295,3.992,,,,
2296,4.813,,,,
2297,4.25,,,,
2298,4.535,,,,
2299,4.501,,,,
2300,4.802,,,,
2301,3.28,,,,
2302,1.572,,,,
2303,0.822,,,,
2304,2.002,,,,
2305,1.65,,,,
2306,2.684,,,,
2307,2.706,,,,
2308,3.15,,,,
2309,1.129,,,,
2310,0.992,,,,
2311,0.518,,,,
2312,2.092,,,,
2313,1.852,,,,
2314,1.553,,,,
2315,2.766,,,,
2316,2.619,,,,
2317,1.972,,,,
2318,3.522,,,,
2319,3.483,,,,
2320,3.171,,,,
2321,2.608,,,,
2322,3.411,,,,
2323,2.428,,,,
2324,2.762,,,,
2325,2.723,,,,
2326,2.09,,,,
2327,2.358,,,,
2328,1.123,,,,
2329,0.101,,,,
2330,0.978,,,,
2331,2.292,,,,
2332,2.968,,,,
2333,3.08,,,,
2334,2.901,,,,
2335,2.5,,,,
2336,2.291,,,,
2337,2.29,,,,
2338,2.662,,,,
2339,3.119,,,,
2340,2.372,,,,
2341,2.033,,,,
2342,3.118,,,,
2343,1.74,,,,
2344,1.698,,,,
2345,1.155,,,,
2346,1.964,,,,
2347,3.005,,,,
2348,3.584,,,,
2349,3.333,,,,
2350,3.136,,,,
2351,1.94,,,,
2352,1.331,,,,
2353,1.617,,,,
2354,0.95,,,,
2355,1.572,,,,
2356,2.018,,,,
2357,1.375,,,,
2358,1.554,,,,
2359,0.643,,,,
2360,1.833,,,,
2361,2.082,,,,
2362,2.705,,,,
2363,3.841,,,,
2364,4.409,,,,
2365,4.426,,,,
2366,4.362,,,,
2367,3.746,,,,
2368,3.605,,,,
2369,2.55,,,,
2370,3.442,,,,
2371,3.814,,,,
2372,3.597,,,,
2373,2.622,,,,
2374,1.596,,,,
2375,0.252,,,,
2376,0.067,,,,
2377,0.007,,,,
2378,1.149,,,,
2379,1.897,,,,
2380,2.117,,,,
2381,2.448,,,,
2382,0.897,,,,
2383,1.482,,,,
2384,2.2,,,,
2385,2.443,,,,
2386,4.3,,,,
2387,3.295,,,,
2388,3.801,,,,
2389,4.157,,,,
2390,3.376,,,,
2391,3.992,,,,
2392,4.193,,,,
2393,4.595,,,,
2394,5.301,,,,
2395,5.57,,,,
2396,4.848,,,,
2397,4.436,,,,
2398,3.003,,,,
2399,1.166,,,,
2400,1.617,,,,
2401,2.522,,,,
2402,4.64,,,,
2403,4.615,,,,
2404,4.497,,,,
2405,2.551,,,,
2406,2.189,,,,
2407,3.005,,,,
2408,2.327,,,,
2409,2.355,,,,
2410,1.436,,,,
2411,2.043,,,,
2412,2.39,,,,
2413,2.776,,,,
2414,3.767,,,,
2415,4.542,,,,
2416,3.654,,,,
2417,3.773,,,,
2418,4.585,,,,
2419,5.243,,,,
2420,4.42,,,,
2421,3.9,,,,
2422,3.003,,,,
2423,1.751,,,,
2424,1.641,,,,
2425,2.108,,,,
2426,3.4,,,,
2427,4.693,,,,
2428,4.842,,,,
2429,3.792,,,,
2430,3.261,,,,
2431,3.337,,,,
2432,2.275,,,,
2433,2.785,,,,
2434,2.57,,,,
2435,3.272,,,,
2436,4.095,,,,
2437,2.055,,,,
2438,3.382,,,,
2439,4.421,,,,
2440,2.323,,,,
2441,2.759,,,,
2442,1.584,,,,
2443,3.282,,,,
2444,3.092,,,,
2445,7.261,,,,
2446,8.12,,,,
2447,8.5,,,,
2448,8.95,,,,
2449,10.99,,,,
2450,11,,,,
2451,10.38,,,,
2452,9.84,,,,
2453,9.29,,,,
2454,9.17,,,,
2455,7.164,,,,
2456,7.287,,,,
2457,7.881,,,,
2458,10.7,,,,
2459,6.94,,,,
2460,7.415,,,,
2461,8.91,,,,
2462,9.5,,,,
2463,9.52,,,,
2464,7.771,,,,
2465,6.484,,,,
2466,5.622,,,,
2467,6.231,,,,
2468,4.733,,,,
2469,4.686,,,,
2470,5.605,,,,
2471,2.071,,,,
2472,1.376,,,,
2473,1.096,,,,
2474,0.643,,,,
2475,1.23,,,,
2476,3.573,,,,
2477,6.284,,,,
2478,5.71,,,,
2479,3.977,,,,
2480,2.586,,,,
2481,1.998,,,,
2482,2.279,,,,
2483,2.185,,,,
2484,1.066,,,,
2485,0.982,,,,
2486,1.521,,,,
2487,2.292,,,,
2488,4.332,,,,
2489,4.239,,,,
2490,4.265,,,,
2491,3.777,,,,
2492,4.453,,,,
2493,3.336,,,,
2494,0.554,,,,
2495,0.726,,,,
2496,3.744,,,,
2497,4.942,,,,
2498,3.07,,,,
2499,3.217,,,,
2500,2.914,,,,
2501,2.287,,,,
2502,2.869,,,,
2503,4.915,,,,
2504,3.325,,,,
2505,2.718,,,,
2506,2.6,,,,
2507,3.421,,,,
2508,3.423,,,,
2509,3.854,,,,
2510,4.133,,,,
2511,3.589,,,,
2512,2.596,,,,
2513,2.978,,,,
2514,3.932,,,,
2515,3.522,,,,
2516,3.215,,,,
2517,3.319,,,,
2518,2.114,,,,
2519,2.103,,,,
2520,1.787,,,,
2521,0.982,,,,
2522,1.795,,,,
2523,2.275,,,,
2524,3.655,,,,
2525,4.067,,,,
2526,2.889,,,,
2527,3.819,,,,
2528,4.17,,,,
2529,3.337,,,,
2530,5.224,,,,
2531,5.356,,,,
2532,4.065,,,,
2533,3.94,,,,
2534,3.638,,,,
2535,3.529,,,,
2536,3.886,,,,
2537,2.064,,,,
2538,2.692,,,,
2539,3.052,,,,
2540,3.097,,,,
2541,1.841,,,,
2542,3.246,,,,
2543,3.241,,,,
2544,3.194,,,,
2545,2.363,,,,
2546,1.836,,,,
2547,2.189,,,,
2548,2.249,,,,
2549,0.91,,,,
2550,0.705,,,,
2551,1.554,,,,
2552,3.169,,,,
2553,3.182,,,,
2554,3.038,,,,
2555,3.592,,,,
2556,3.685,,,,
2557,2.767,,,,
2558,3.353,,,,
2559,4.474,,,,
2560,5.036,,,,
2561,4.613,,,,
2562,4.38,,,,
2563,4.325,,,,
2564,4.798,,,,
2565,5.287,,,,
2566,3.85,,,,
2567,2.737,,,,
2568,1.141,,,,
2569,2.537,,,,
2570,3.704,,,,
2571,3.274,,,,
2572,2.947,,,,
2573,1.812,,,,
2574,1.122,,,,
2575,1.589,,,,
2576,2.278,,,,
2577,2.939,,,,
2578,3.083,,,,
2579,4.418,,,,
2580,3.467,,,,
2581,4.214,,,,
2582,3.806,,,,
2583,4.261,,,,
2584,4.731,,,,
2585,3.298,,,,
2586,4.211,,,,
2587,5.032,,,,
2588,4.483,,,,
2589,3.848,,,,
2590,2.625,,,,
2591,0.699,,,,
2592,0.362,,,,
2593,4.169,,,,
2594,3.629,,,,
2595,2.225,,,,
2596,2.935,,,,
2597,2.482,,,,
2598,3.072,,,,
2599,2.459,,,,
2600,2.654,,,,
2601,1.81,,,,
2602,2.515,,,,
2603,2.529,,,,
2604,3.401,,,,
2605,3.016,,,,
2606,2.931,,,,
2607,3.485,,,,
2608,4.055,,,,
2609,5.244,,,,
2610,4.193,,,,
2611,4.335,,,,
2612,4.226,,,,
2613,3.587,,,,
2614,3.396,,,,
2615,1.871,,,,
2616,1.39,,,,
2617,4.722,,,,
2618,4.483,,,,
2619,5.344,,,,
2620,6.432,,,,
2621,3.702,,,,
2622,3.419,,,,
2623,3.789,,,,
2624,5.415,,,,
2625,5.682,,,,
2626,4.134,,,,
2627,2.691,,,,
2628,3.783,,,,
2629,2.865,,,,
2630,3.977,,,,
2631,2.471,,,,
2632,2.748,,,,
2633,3.405,,,,
2634,3.954,,,,
2635,4.733,,,,
2636,5.651,,,,
2637,4.841,,,,
2638,3.148,,,,
2639,5.915,,,,
2640,5.981,,,,
2641,6.812,,,,
2642,5.731,,,,
2643,11.24,,,,
2644,9.68,,,,
2645,6.142,,,,
2646,8.2,,,,
2647,8.19,,,,
2648,9.53,,,,
2649,9.15,,,,
2650,7.525,,,,
2651,9.09,,,,
2652,10.48,,,,
2653,11.66,,,,
2654,8.78,,,,
2655,8.06,,,,
2656,10.62,,,,
2657,8.77,,,,
2658,12.14,,,,
2659,11.23,,,,
2660,8.31,,,,
2661,11.91,,,,
2662,11.6,,,,
2663,12.56,,,,
2664,12.52,,,,
2665,12.26,,,,
2666,14.29,,,,
2667,13.02,,,,
2668,10.72,,,,
2669,7.474,,,,
2670,7.253,,,,
2671,9.54,,,,
2672,9.69,,,,
2673,9.62,,,,
2674,9.78,,,,
2675,7.355,,,,
2676,5.013,,,,
2677,4.306,,,,
2678,6.916,,,,
2679,3.789,,,,
2680,9.12,,,,
2681,9.05,,,,
2682,11.29,,,,
2683,9.05,,,,
2684,8.26,,,,
2685,10.45,,,,
2686,9.62,,,,
2687,13.06,,,,
2688,13.03,,,,
2689,11.2,,,,
2690,9.77,,,,
2691,8.84,,,,
2692,8.84,,,,
2693,8.52,,,,
2694,8.9,,,,
2695,8.02,,,,
2696,5.604,,,,
2697,6.99,,,,
2698,6.289,,,,
2699,6.327,,,,
2700,7.591,,,,
2701,8.99,,,,
2702,6.898,,,,
2703,4.747,,,,
2704,9.43,,,,
2705,10.35,,,,
2706,8.72,,,,
2707,6.811,,,,
2708,8.17,,,,
2709,8.08,,,,
2710,8.24,,,,
2711,10.81,,,,
2712,8.85,,,,
2713,6.185,,,,
2714,6.582,,,,
2715,6.975,,,,
2716,8.42,,,,
2717,6.793,,,,
2718,6.786,,,,
2719,4.778,,,,
2720,6.346,,,,
2721,4.652,,,,
2722,5.215,,,,
2723,7.608,,,,
2724,6.809,,,,
2725,6.329,,,,
2726,6.74,,,,
2727,6.291,,,,
2728,5.398,,,,
2729,7.448,,,,
2730,6.548,,,,
2731,2.499,,,,
2732,3.264,,,,
2733,2.615,,,,
2734,3.745,,,,
2735,4.607,,,,
2736,5.285,,,,
2737,4.9,,,,
2738,5.097,,,,
2739,5.73,,,,
2740,6.634,,,,
2741,7.59,,,,
2742,4.527,,,,
2743,3.226,,,,
2744,2.286,,,,
2745,2.544,,,,
2746,3.388,,,,
2747,3.411,,,,
2748,3.236,,,,
2749,3.004,,,,
2750,3.318,,,,
2751,3.395,,,,
2752,4.522,,,,
2753,4.789,,,,
2754,4.198,,,,
2755,4.318,,,,
2756,4.693,,,,
2757,2.271,,,,
2758,0.967,,,,
2759,4.466,,,,
2760,5.982,,,,
2761,6.542,,,,
2762,6.415,,,,
2763,6.645,,,,
2764,5.801,,,,
2765,4.556,,,,
2766,3.278,,,,
2767,1.938,,,,
2768,2.819,,,,
2769,4.019,,,,
2770,4.463,,,,
2771,4.385,,,,
2772,5.504,,,,
2773,7.72,,,,
2774,6.238,,,,
2775,5.783,,,,
2776,5.522,,,,
2777,5.5,,,,
2778,7.156,,,,
2779,6.958,,,,
2780,7.145,,,,
2781,7.792,,,,
2782,6.45,,,,
2783,3.592,,,,
2784,1.322,,,,
2785,0.442,,,,
2786,1.061,,,,
2787,1.875,,,,
2788,4.314,,,,
2789,4.871,,,,
2790,4.473,,,,
2791,3.409,,,,
2792,5.145,,,,
2793,5.079,,,,
2794,5.078,,,,
2795,6.379,,,,
2796,6.754,,,,
2797,6.1,,,,
2798,5.885,,,,
2799,6.154,,,,
2800,7.511,,,,
2801,8.91,,,,
2802,9.19,,,,
2803,9.15,,,,
2804,9.74,,,,
2805,8.89,,,,
2806,7.421,,,,
2807,5.701,,,,
2808,4.467,,,,
2809,2.919,,,,
2810,3.043,,,,
2811,3.725,,,,
2812,4.314,,,,
2813,4.425,,,,
2814,4.358,,,,
2815,5.115,,,,
2816,4.392,,,,
2817,3.99,,,,
2818,3.501,,,,
2819,3.449,,,,
2820,5.26,,,,
2821,6.165,,,,
2822,8.6,,,,
2823,8.81,,,,
2824,6.343,,,,
2825,2.538,,,,
2826,5.755,,,,
2827,6.096,,,,
2828,7.048,,,,
2829,7.329,,,,
2830,7.11,,,,
2831,8,,,,
2832,8.63,,,,
2833,8.56,,,,
2834,9.13,,,,
2835,7.017,,,,
2836,9.09,,,,
2837,8.99,,,,
2838,9.46,,,,
2839,6.963,,,,
2840,8.52,,,,
2841,8.71,,,,
2842,7.392,,,,
2843,6.505,,,,
2844,6.463,,,,
2845,5.728,,,,
2846,6.663,,,,
2847,6.949,,,,
2848,7.01,,,,
2849,6.799,,,,
2850,7.632,,,,
2851,7.771,,,,
2852,7.09,,,,
2853,8.36,,,,
2854,7.241,,,,
2855,6.607,,,,
2856,5.732,,,,
2857,5.59,,,,
2858,6.176,,,,
2859,4.659,,,,
2860,4.208,,,,
2861,4.18,,,,
2862,3.13,,,,
2863,2.875,,,,
2864,2.815,,,,
2865,2.171,,,,
2866,1.526,,,,
2867,2.882,,,,
2868,3.827,,,,
2869,3.884,,,,
2870,3.888,,,,
2871,4.036,,,,
2872,4.266,,,,
2873,3.263,,,,
2874,4.684,,,,
2875,6.172,,,,
2876,5.751,,,,
2877,6.538,,,,
2878,7.797,,,,
2879,6.73,,,,
2880,5.453,,,,
2881,5.271,,,,
2882,5.63,,,,
2883,5.477,,,,
2884,6.355,,,,
2885,4.472,,,,
2886,5.469,,,,
2887,6.521,,,,
2888,6.333,,,,
2889,4.71,,,,
2890,3.35,,,,
2891,3.78,,,,
2892,4.237,,,,
2893,4.627,,,,
2894,4.042,,,,
2895,3.149,,,,
2896,3.711,,,,
2897,4.713,,,,
2898,5.918,,,,
2899,5.323,,,,
2900,5.23,,,,
2901,5.896,,,,
2902,5.847,,,,
2903,4.565,,,,
2904,1.67,,,,
2905,1.03,,,,
2906,2.147,,,,
2907,2.971,,,,
2908,2.981,,,,
2909,2.949,,,,
2910,1.707,,,,
2911,1.785,,,,
2912,1.007,,,,
2913,0.944,,,,
2914,3.712,,,,
2915,4.132,,,,
2916,2.516,,,,
2917,4.454,,,,
2918,4.525,,,,
2919,3.5,,,,
2920,3.873,,,,
2921,3.191,,,,
2922,3.218,,,,
2923,2.975,,,,
2924,2.68,,,,
2925,2.855,,,,
2926,2.66,,,,
2927,3.738,,,,
2928,2.82,,,,
2929,1.751,,,,
2930,2.842,,,,
2931,3.607,,,,
2932,3.443,,,,
2933,2.642,,,,
2934,1.606,,,,
2935,0.379,,,,
2936,2.367,,,,
2937,2.185,,,,
2938,2.928,,,,
2939,3.777,,,,
2940,3.269,,,,
2941,2.729,,,,
2942,3.289,,,,
2943,4.448,,,,
2944,4.941,,,,
2945,3.716,,,,
2946,2.849,,,,
2947,3.583,,,,
2948,3.765,,,,
2949,3.163,,,,
2950,5.08,,,,
2951,5.702,,,,
2952,6.719,,,,
2953,6.539,,,,
2954,7.203,,,,
2955,7.999,,,,
2956,7.406,,,,
2957,6.44,,,,
2958,6.83,,,,
2959,7.114,,,,
2960,8.4,,,,
2961,8.26,,,,
2962,7.033,,,,
2963,5.219,,,,
2964,4.682,,,,
2965,4.192,,,,
2966,4.517,,,,
2967,4.739,,,,
2968,4.606,,,,
2969,4.577,,,,
2970,4.725,,,,
2971,4.324,,,,
2972,4.134,,,,
2973,4.606,,,,
2974,5.039,,,,
2975,5.038,,,,
2976,3.965,,,,
2977,3.326,,,,
2978,2.584,,,,
2979,2.727,,,,
2980,2.626,,,,
2981,1.623,,,,
2982,1.708,,,,
2983,1.993,,,,
2984,3.068,,,,
2985,2.935,,,,
2986,3.849,,,,
2987,4.192,,,,
2988,4.597,,,,
2989,5.232,,,,
2990,6.086,,,,
2991,5.365,,,,
2992,5.675,,,,
2993,6.187,,,,
2994,5.602,,,,
2995,5.241,,,,
2996,6.211,,,,
2997,4.51,,,,
2998,4.533,,,,
2999,4.157,,,,
3000,4.479,,,,
3001,5.032,,,,
3002,5.714,,,,
3003,5.652,,,,
3004,4.455,,,,
3005,2.197,,,,
3006,0.743,,,,
3007,2.257,,,,
3008,2.11,,,,
3009,2.197,,,,
3010,1.867,,,,
3011,2.628,,,,
3012,3.569,,,,
3013,3.583,,,,
3014,4.429,,,,
3015,4.133,,,,
3016,4.414,,,,
3017,4.76,,,,
3018,4.903,,,,
3019,4.623,,,,
3020,4.658,,,,
3021,3.42,,,,
3022,1.487,,,,
3023,2.181,,,,
3024,3.856,,,,
3025,3.068,,,,
3026,2.613,,,,
3027,2.509,,,,
3028,1.883,,,,
3029,1.765,,,,
3030,1.518,,,,
3031,1.565,,,,
3032,2.462,,,,
3033,2.268,,,,
3034,2.584,,,,
3035,3.577,,,,
3036,3.574,,,,
3037,2.79,,,,
3038,2.611,,,,
3039,3.121,,,,
3040,3.675,,,,
3041,3.36,,,,
3042,3.737,,,,
3043,3.644,,,,
3044,2.934,,,,
3045,3.304,,,,
3046,4.049,,,,
3047,4.596,,,,
3048,4.096,,,,
3049,4.156,,,,
3050,3.2,,,,
3051,3.091,,,,
3052,2.307,,,,
3053,1.859,,,,
3054,1.496,,,,
3055,1.412,,,,
3056,1.438,,,,
3057,2.084,,,,
3058,2.591,,,,
3059,3.623,,,,
3060,3.985,,,,
3061,4.292,,,,
3062,4.479,,,,
3063,5.16,,,,
3064,4.339,,,,
3065,5.04,,,,
3066,4.333,,,,
3067,2.4,,,,
3068,2.594,,,,
3069,3.706,,,,
3070,1.29,,,,
3071,2.038,,,,
3072,0.872,,,,
3073,1.523,,,,
3074,1.707,,,,
3075,1.701,,,,
3076,2.162,,,,
3077,1.979,,,,
3078,1.039,,,,
3079,0.481,,,,
3080,2.556,,,,
3081,2.448,,,,
3082,3.376,,,,
3083,4.142,,,,
3084,3.886,,,,
3085,5.277,,,,
3086,5.427,,,,
3087,5.905,,,,
3088,5.826,,,,
3089,6.642,,,,
3090,6.658,,,,
3091,5.38,,,,
3092,4.62,,,,
3093,3.417,,,,
3094,1.7,,,,
3095,0.592,,,,
3096,1.421,,,,
3097,2.279,,,,
3098,1.496,,,,
3099,2.783,,,,
3100,2.514,,,,
3101,4.352,,,,
3102,4.514,,,,
3103,5.123,,,,
3104,3.605,,,,
3105,3.258,,,,
3106,4.018,,,,
3107,2.425,,,,
3108,0.863,,,,
3109,2.165,,,,
3110,1.985,,,,
3111,2.887,,,,
3112,2.612,,,,
3113,3.023,,,,
3114,3.594,,,,
3115,2.891,,,,
3116,4.242,,,,
3117,2.537,,,,
3118,2.248,,,,
3119,3.971,,,,
3120,3.2,,,,
3121,2.558,,,,
3122,2.526,,,,
3123,2.211,,,,
3124,2.069,,,,
3125,0.939,,,,
3126,1.177,,,,
3127,0.812,,,,
3128,1.708,,,,
3129,1.682,,,,
3130,2.344,,,,
3131,3.95,,,,
3132,3.556,,,,
3133,2.942,,,,
3134,3.305,,,,
3135,4.377,,,,
3136,4.8,,,,
3137,4.169,,,,
3138,3.305,,,,
3139,1.968,,,,
3140,1.483,,,,
3141,1.889,,,,
3142,1.292,,,,
3143,2.184,,,,
3144,2.22,,,,
3145,3.465,,,,
3146,7.138,,,,
3147,10.68,,,,
3148,9.98,,,,
3149,9.12,,,,
3150,8.6,,,,
3151,7.61,,,,
3152,8.4,,,,
3153,6.976,,,,
3154,5.695,,,,
3155,4.874,,,,
3156,4.23,,,,
3157,4.372,,,,
3158,5.366,,,,
3159,4.594,,,,
3160,4.519,,,,
3161,3.979,,,,
3162,5.009,,,,
3163,6.032,,,,
3164,5.712,,,,
3165,5.792,,,,
3166,6.267,,,,
3167,7.444,,,,
3168,7.656,,,,
3169,8.54,,,,
3170,8.34,,,,
3171,7.984,,,,
3172,8.27,,,,
3173,8.8,,,,
3174,8.81,,,,
3175,8.53,,,,
3176,8.07,,,,
3177,8.31,,,,
3178,7.983,,,,
3179,6.973,,,,
3180,6.308,,,,
3181,5.782,,,,
3182,4.696,,,,
3183,3.781,,,,
3184,4.813,,,,
3185,4.711,,,,
3186,4.669,,,,
3187,3.822,,,,
3188,3.119,,,,
3189,4.101,,,,
3190,5.042,,,,
3191,5.331,,,,
3192,6.634,,,,
3193,6.824,,,,
3194,6.558,,,,
3195,7.266,,,,
3196,7.936,,,,
3197,9.15,,,,
3198,9.06,,,,
3199,9.54,,,,
3200,8.43,,,,
3201,8.18,,,,
3202,7.327,,,,
3203,8.7,,,,
3204,7.692,,,,
3205,6.804,,,,
3206,7.048,,,,
3207,6.703,,,,
3208,6.39,,,,
3209,5.157,,,,
3210,5.74,,,,
3211,6.088,,,,
3212,6.131,,,,
3213,3.534,,,,
3214,8.21,,,,
3215,8.11,,,,
3216,8.33,,,,
3217,6.73,,,,
3218,6.91,,,,
3219,6.925,,,,
3220,7.938,,,,
3221,7.801,,,,
3222,7.639,,,,
3223,8.13,,,,
3224,8.13,,,,
3225,7.688,,,,
3226,6.892,,,,
3227,7.007,,,,
3228,7.007,,,,
3229,7.35,,,,
3230,6.174,,,,
3231,6.376,,,,
3232,4.993,,,,
3233,5.979,,,,
3234,6.733,,,,
3235,5.776,,,,
3236,6.704,,,,
3237,6.163,,,,
3238,4.894,,,,
3239,4.559,,,,
3240,3.632,,,,
3241,4.835,,,,
3242,5.755,,,,
3243,4.769,,,,
3244,5.691,,,,
3245,5.483,,,,
3246,6.895,,,,
3247,6.65,,,,
3248,6.327,,,,
3249,6.026,,,,
3250,6.71,,,,
3251,7.126,,,,
3252,7.151,,,,
3253,6.917,,,,
3254,7.561,,,,
3255,6.278,,,,
3256,7.09,,,,
3257,6.657,,,,
3258,8.26,,,,
3259,8.04,,,,
3260,8.36,,,,
3261,8.45,,,,
3262,9.28,,,,
3263,8.25,,,,
3264,8.02,,,,
3265,7.984,,,,
3266,7.378,,,,
3267,7.589,,,,
3268,8.81,,,,
3269,9.45,,,,
3270,10.06,,,,
3271,10.12,,,,
3272,9.52,,,,
3273,8.58,,,,
3274,8.6,,,,
3275,8.14,,,,
3276,8.33,,,,
3277,8.51,,,,
3278,7.92,,,,
3279,7.561,,,,
3280,7.937,,,,
3281,7.727,,,,
3282,7.306,,,,
3283,7.32,,,,
3284,7.018,,,,
3285,6.68,,,,
3286,6.919,,,,
3287,7.234,,,,
3288,6.202,,,,
3289,6.595,,,,
3290,7.829,,,,
3291,7.999,,,,
3292,7.098,,,,
3293,6.668,,,,
3294,6.557,,,,
3295,6.008,,,,
3296,6.43,,,,
3297,5.695,,,,
3298,5.807,,,,
3299,5.752,,,,
3300,5.535,,,,
3301,6.445,,,,
3302,6.839,,,,
3303,6.946,,,,
3304,7.081,,,,
3305,6.17,,,,
3306,6.365,,,,
3307,6.677,,,,
3308,6.451,,,,
3309,6.584,,,,
3310,6.453,,,,
3311,6.718,,,,
3312,5.835,,,,
3313,6.163,,,,
3314,5.989,,,,
3315,5.901,,,,
3316,6.296,,,,
3317,6.927,,,,
3318,6.1,,,,
3319,5.995,,,,
3320,6.265,,,,
3321,6.317,,,,
3322,6.392,,,,
3323,6.747,,,,
3324,7.022,,,,
3325,6.602,,,,
3326,5.998,,,,
3327,5.773,,,,
3328,6.288,,,,
3329,6.463,,,,
3330,6.829,,,,
3331,6.681,,,,
3332,7.231,,,,
3333,6.885,,,,
3334,6.981,,,,
3335,7.111,,,,
3336,6.72,,,,
3337,6.868,,,,
3338,7.061,,,,
3339,7.33,,,,
3340,7.435,,,,
3341,6.778,,,,
3342,6.894,,,,
3343,7.123,,,,
3344,7.073,,,,
3345,6.909,,,,
3346,6.144,,,,
3347,6.431,,,,
3348,6.498,,,,
3349,7.757,,,,
3350,8.46,,,,
3351,8.7,,,,
3352,8.64,,,,
3353,8.58,,,,
3354,9.26,,,,
3355,9.43,,,,
3356,9.25,,,,
3357,9.1,,,,
3358,8.66,,,,
3359,8.5,,,,
3360,8.44,,,,
3361,7.628,,,,
3362,8.24,,,,
3363,8.32,,,,
3364,8.23,,,,
3365,7.814,,,,
3366,7.533,,,,
3367,7.909,,,,
3368,7.565,,,,
3369,7.15,,,,
3370,7.029,,,,
3371,5.774,,,,
3372,6.382,,,,
3373,6.705,,,,
3374,6.493,,,,
3375,6.072,,,,
3376,4.293,,,,
3377,4.452,,,,
3378,5.538,,,,
3379,6.576,,,,
3380,7.299,,,,
3381,4.906,,,,
3382,5.735,,,,
3383,6.84,,,,
3384,7.28,,,,
3385,6.737,,,,
3386,6.826,,,,
3387,6.404,,,,
3388,6.477,,,,
3389,6.34,,,,
3390,7.079,,,,
3391,6.923,,,,
3392,6.703,,,,
3393,6.674,,,,
3394,6.488,,,,
3395,6.194,,,,
3396,5.938,,,,
3397,7.059,,,,
3398,6.767,,,,
3399,7.141,,,,
3400,7.07,,,,
3401,6.894,,,,
3402,6.126,,,,
3403,6.09,,,,
3404,5.903,,,,
3405,6.077,,,,
3406,6.668,,,,
3407,6.622,,,,
3408,7.801,,,,
3409,7.031,,,,
3410,6.635,,,,
3411,5.797,,,,
3412,6.069,,,,
3413,6.255,,,,
3414,6.138,,,,
3415,5.676,,,,
3416,5.578,,,,
3417,5.267,,,,
3418,5.339,,,,
3419,6.102,,,,
3420,6.012,,,,
3421,5.05,,,,
3422,5.423,,,,
3423,6.136,,,,
3424,6.401,,,,
3425,6.85,,,,
3426,6.993,,,,
3427,6.433,,,,
3428,6.533,,,,
3429,6.48,,,,
3430,5.05,,,,
3431,5.423,,,,
3432,6.136,,,,
3433,6.401,,,,
3434,6.85,,,,
3435,6.993,,,,
3436,6.433,,,,
3437,6.533,,,,
3438,6.48,,,,
3439,6.508,,,,
3440,6.651,,,,
3441,6.651,,,,
3442,6.062,,,,
3443,5.739,,,,
3444,5.825,,,,
3445,6.013,,,,
3446,5.377,,,,
3447,4.634,,,,
3448,4.558,,,,
3449,5.998,,,,
3450,5.238,,,,
3451,3.932,,,,
3452,3.837,,,,
3453,4.897,,,,
3454,4.131,,,,
3455,3.296,,,,
3456,3.721,,,,
3457,3.519,,,,
3458,5.008,,,,
3459,6.146,,,,
3460,5.857,,,,
3461,5.054,,,,
3462,4.891,,,,
3463,5.356,,,,
3464,5.403,,,,
3465,4.522,,,,
3466,4.465,,,,
3467,4.862,,,,
3468,4.755,,,,
3469,4.706,,,,
3470,4.517,,,,
3471,4.421,,,,
3472,4.172,,,,
3473,4.29,,,,
3474,3.997,,,,
3475,5.373,,,,
3476,4.932,,,,
3477,4.985,,,,
3478,4.069,,,,
3479,4.59,,,,
3480,4.96,,,,
3481,5.914,,,,
3482,5.233,,,,
3483,5.025,,,,
3484,4.035,,,,
3485,5.027,,,,
3486,4.28,,,,
3487,4.39,,,,
3488,4.349,,,,
3489,5.944,,,,
3490,4.606,,,,
3491,4.457,,,,
3492,4.808,,,,
3493,4.544,,,,
3494,4.065,,,,
3495,4.207,,,,
3496,3.583,,,,
3497,3.442,,,,
3498,4.56,,,,
3499,3.834,,,,
3500,3.529,,,,
3501,3.414,,,,
3502,3.463,,,,
3503,3.842,,,,
3504,4.057,,,,
3505,3.983,,,,
3506,4.445,,,,
3507,3.093,,,,
3508,2.955,,,,
3509,5.757,,,,
3510,1.845,,,,
3511,2.662,,,,
3512,4.308,,,,
3513,1.546,,,,
3514,1.775,,,,
3515,0.526,,,,
3516,1.918,,,,
3517,3.769,,,,
3518,2.434,,,,
3519,2.71,,,,
3520,0.453,,,,
3521,0.659,,,,
3522,1.284,,,,
3523,2.282,,,,
3524,1.052,,,,
3525,0.607,,,,
3526,2.456,,,,
3527,1.66,,,,
3528,1.535,,,,
3529,2.159,,,,
3530,2.126,,,,
3531,3.001,,,,
3532,3.118,,,,
3533,4.439,,,,
3534,4.136,,,,
3535,3.179,,,,
3536,2.108,,,,
3537,2.95,,,,
3538,4.979,,,,
3539,5.011,,,,
3540,4.871,,,,
3541,4.621,,,,
3542,3.366,,,,
3543,1.364,,,,
3544,1.725,,,,
3545,3.813,,,,
3546,3.213,,,,
3547,2.066,,,,
3548,2.152,,,,
3549,1.771,,,,
3550,1.254,,,,
3551,2.027,,,,
3552,2.574,,,,
3553,2.598,,,,
3554,3.23,,,,
3555,3.07,,,,
3556,1.741,,,,
3557,2.468,,,,
3558,2.378,,,,
3559,2.43,,,,
3560,1.402,,,,
3561,0.646,,,,
3562,2.131,,,,
3563,4.6,,,,
3564,4.347,,,,
3565,4.258,,,,
3566,4.038,,,,
3567,3.16,,,,
3568,2.667,,,,
3569,2.343,,,,
3570,2.137,,,,
3571,1.413,,,,
3572,3.104,,,,
3573,3.734,,,,
3574,4.013,,,,
3575,5.406,,,,
3576,4.345,,,,
3577,4.119,,,,
3578,4.574,,,,
3579,5.66,,,,
3580,4.25,,,,
3581,6.019,,,,
3582,6.625,,,,
3583,5.717,,,,
3584,3.636,,,,
3585,1.467,,,,
3586,0.891,,,,
3587,2.83,,,,
3588,3.298,,,,
3589,3.502,,,,
3590,2.53,,,,
3591,2.21,,,,
3592,1.631,,,,
3593,1.681,,,,
3594,3.361,,,,
3595,3.639,,,,
3596,3.178,,,,
3597,2.906,,,,
3598,3.134,,,,
3599,3.702,,,,
3600,4.177,,,,
3601,4.146,,,,
3602,3.509,,,,
3603,3.876,,,,
3604,4.173,,,,
3605,5.956,,,,
3606,5.041,,,,
3607,4.15,,,,
3608,0.919,,,,
3609,0.718,,,,
3610,1.766,,,,
3611,4.837,,,,
3612,6.9,,,,
3613,11.34,,,,
3614,6.823,,,,
3615,6.163,,,,
3616,6.722,,,,
3617,6.877,,,,
3618,7.323,,,,
3619,6.214,,,,
3620,6.166,,,,
3621,5.618,,,,
3622,5.239,,,,
3623,6.707,,,,
3624,6.092,,,,
3625,5.385,,,,
3626,4.223,,,,
3627,5.33,,,,
3628,6.333,,,,
3629,5.753,,,,
3630,5.694,,,,
3631,5.362,,,,
3632,8.31,,,,
3633,10.23,,,,
3634,9.15,,,,
3635,7.34,,,,
3636,6.267,,,,
3637,4.052,,,,
3638,3.856,,,,
3639,6.98,,,,
3640,4.432,,,,
3641,4.737,,,,
3642,5.21,,,,
3643,7.172,,,,
3644,6.43,,,,
3645,8.18,,,,
3646,8.84,,,,
3647,8.36,,,,
3648,7.937,,,,
3649,9.36,,,,
3650,9.25,,,,
3651,10.46,,,,
3652,9.13,,,,
3653,10.94,,,,
3654,12.19,,,,
3655,10.79,,,,
3656,9.27,,,,
3657,9.07,,,,
3658,8.25,,,,
3659,8.98,,,,
3660,9.26,,,,
3661,8.98,,,,
3662,9.78,,,,
3663,8.2,,,,
3664,5.707,,,,
3665,4.966,,,,
3666,4.927,,,,
3667,5.009,,,,
3668,4.477,,,,
3669,6.006,,,,
3670,7.581,,,,
3671,8.02,,,,
3672,9.14,,,,
3673,7.985,,,,
3674,8.23,,,,
3675,8.47,,,,
3676,8.18,,,,
3677,7.684,,,,
3678,8.57,,,,
3679,10.1,,,,
3680,8.64,,,,
3681,5.273,,,,
3682,2.405,,,,
3683,2.476,,,,
3684,2.664,,,,
3685,4.109,,,,
3686,6.109,,,,
3687,4.729,,,,
3688,3.269,,,,
3689,4.152,,,,
3690,2.771,,,,
3691,2.047,,,,
3692,1.737,,,,
3693,3.057,,,,
3694,4.355,,,,
3695,4.136,,,,
3696,3.884,,,,
3697,5.566,,,,
3698,4.89,,,,
3699,4.086,,,,
3700,3.077,,,,
3701,3.092,,,,
3702,3.529,,,,
3703,1.856,,,,
3704,1.376,,,,
3705,3.464,,,,
3706,3.507,,,,
3707,3.519,,,,
3708,4.379,,,,
3709,5.476,,,,
3710,5.592,,,,
3711,4.256,,,,
3712,1.35,,,,
3713,9.41,,,,
3714,9.51,,,,
3715,5.592,,,,
3716,4.865,,,,
3717,5.902,,,,
3718,5.811,,,,
3719,7.229,,,,
3720,6.191,,,,
3721,5.78,,,,
3722,7.744,,,,
3723,6.572,,,,
3724,6.122,,,,
3725,5.689,,,,
3726,5.283,,,,
3727,6.153,,,,
3728,6.712,,,,
3729,7.426,,,,
3730,7.255,,,,
3731,7.145,,,,
3732,6.792,,,,
3733,4.718,,,,
3734,2.335,,,,
3735,1.794,,,,
3736,4.278,,,,
3737,4.233,,,,
3738,3.831,,,,
3739,3.997,,,,
3740,4.823,,,,
3741,5.168,,,,
3742,5.352,,,,
3743,5.813,,,,
3744,5.796,,,,
3745,4.531,,,,
3746,5.092,,,,
3747,4.926,,,,
3748,5.261,,,,
3749,4.119,,,,
3750,3.855,,,,
3751,7.48,,,,
3752,4.726,,,,
3753,4.778,,,,
3754,5.043,,,,
3755,3.928,,,,
3756,6.165,,,,
3757,6.023,,,,
3758,5.705,,,,
3759,5.224,,,,
3760,5.313,,,,
3761,4.59,,,,
3762,4.119,,,,
3763,2.884,,,,
3764,1.464,,,,
3765,2.34,,,,
3766,2.909,,,,
3767,2.866,,,,
3768,2.16,,,,
3769,3.703,,,,
3770,5.071,,,,
3771,4.458,,,,
3772,4.113,,,,
3773,3.414,,,,
3774,3.633,,,,
3775,1.506,,,,
3776,0.746,,,,
3777,2.728,,,,
3778,4.696,,,,
3779,5.203,,,,
3780,5.022,,,,
3781,5.402,,,,
3782,5.66,,,,
3783,4.889,,,,
3784,3.212,,,,
3785,2.709,,,,
3786,0.759,,,,
3787,1.412,,,,
3788,2.166,,,,
3789,1.575,,,,
3790,2.062,,,,
3791,2.958,,,,
3792,3.549,,,,
3793,3.4,,,,
3794,3.984,,,,
3795,3.793,,,,
3796,3.518,,,,
3797,4.087,,,,
3798,3.383,,,,
3799,1.549,,,,
3800,0.954,,,,
3801,2.471,,,,
3802,3.506,,,,
3803,3.289,,,,
3804,3.166,,,,
3805,3.723,,,,
3806,4.439,,,,
3807,3.144,,,,
3808,2.392,,,,
3809,1.999,,,,
3810,0.959,,,,
3811,2.8,,,,
3812,2.801,,,,
3813,1.601,,,,
3814,2.519,,,,
3815,2.424,,,,
3816,3.226,,,,
3817,2.362,,,,
3818,3.154,,,,
3819,2.877,,,,
3820,2.522,,,,
3821,3.829,,,,
3822,2.49,,,,
3823,0.987,,,,
3824,0.879,,,,
3825,0.712,,,,
3826,4.278,,,,
3827,4.713,,,,
3828,4.324,,,,
3829,5.543,,,,
3830,5.255,,,,
3831,4.136,,,,
3832,1.386,,,,
3833,3.305,,,,
3834,2.491,,,,
3835,2.106,,,,
3836,1.725,,,,
3837,0.746,,,,
3838,0.642,,,,
3839,0.552,,,,
3840,1.116,,,,
3841,1.594,,,,
3842,1.054,,,,
3843,1.479,,,,
3844,3.313,,,,
3845,3.577,,,,
3846,2.81,,,,
3847,2.687,,,,
3848,2.389,,,,
3849,4.619,,,,
3850,4.131,,,,
3851,3.457,,,,
3852,3.158,,,,
3853,5.13,,,,
3854,6.458,,,,
3855,7.561,,,,
3856,3.993,,,,
3857,1.875,,,,
3858,1.448,,,,
3859,1.339,,,,
3860,1.391,,,,
3861,1.966,,,,
3862,2.127,,,,
3863,1.834,,,,
3864,1.695,,,,
3865,0.973,,,,
3866,1.341,,,,
3867,1.849,,,,
3868,2.894,,,,
3869,1.737,,,,
3870,1.717,,,,
3871,0.669,,,,
3872,1.667,,,,
3873,3.031,,,,
3874,5.072,,,,
3875,4.081,,,,
3876,4.71,,,,
3877,2.975,,,,
3878,3.094,,,,
3879,4.604,,,,
3880,3,,,,
3881,1.678,,,,
3882,2.041,,,,
3883,2.4,,,,
3884,1.505,,,,
3885,2.326,,,,
3886,1.142,,,,
3887,2.152,,,,
3888,1.977,,,,
3889,1.299,,,,
3890,2.233,,,,
3891,3.085,,,,
3892,4.031,,,,
3893,4.172,,,,
3894,3.4,,,,
3895,3.275,,,,
3896,3.603,,,,
3897,3.683,,,,
3898,5.118,,,,
3899,4.656,,,,
3900,3.073,,,,
3901,5.09,,,,
3902,1.98,,,,
3903,4.591,,,,
3904,8.84,,,,
3905,5.568,,,,
3906,4.309,,,,
3907,4.133,,,,
3908,3.934,,,,
3909,4.939,,,,
3910,5.685,,,,
3911,5.159,,,,
3912,2.704,,,,
3913,3.371,,,,
3914,4.069,,,,
3915,4.593,,,,
3916,4.709,,,,
3917,4.918,,,,
3918,3.624,,,,
3919,4.191,,,,
3920,1.568,,,,
3921,3.196,,,,
3922,1.667,,,,
3923,2.258,,,,
3924,2.162,,,,
3925,3.323,,,,
3926,4.658,,,,
3927,5.449,,,,
3928,7.941,,,,
3929,5.553,,,,
3930,3.775,,,,
3931,2.883,,,,
3932,2.744,,,,
3933,2.74,,,,
3934,1.95,,,,
3935,3.294,,,,
3936,3.365,,,,
3937,4.311,,,,
3938,4.405,,,,
3939,3.446,,,,
3940,3.082,,,,
3941,4.01,,,,
3942,3.987,,,,
3943,3.993,,,,
3944,1.946,,,,
3945,2.513,,,,
3946,5.081,,,,
3947,5.455,,,,
3948,5.084,,,,
3949,3.345,,,,
3950,5.192,,,,
3951,6.641,,,,
3952,5.136,,,,
3953,3.638,,,,
3954,3.953,,,,
3955,5.533,,,,
3956,8.57,,,,
3957,7.799,,,,
3958,6.371,,,,
3959,3.766,,,,
3960,2.848,,,,
3961,2.226,,,,
3962,2.813,,,,
3963,2.111,,,,
3964,3.295,,,,
3965,4.244,,,,
3966,5.173,,,,
3967,4.741,,,,
3968,2.263,,,,
3969,2.813,,,,
3970,4.354,,,,
3971,2.84,,,,
3972,3.361,,,,
3973,3.126,,,,
3974,5.449,,,,
3975,4.857,,,,
3976,4.572,,,,
3977,3.428,,,,
3978,1.711,,,,
3979,0.171,,,,
3980,1.006,,,,
3981,0.129,,,,
3982,0.77,,,,
3983,2.214,,,,
3984,2.767,,,,
3985,1.455,,,,
3986,1.392,,,,
3987,2.159,,,,
3988,1.739,,,,
3989,2.552,,,,
3990,1.66,,,,
3991,0.722,,,,
3992,3.478,,,,
3993,3.966,,,,
3994,4.504,,,,
3995,5.739,,,,
3996,4.02,,,,
3997,4.206,,,,
3998,5.716,,,,
3999,7.904,,,,
4000,9.62,,,,
4001,5.338,,,,
4002,3.171,,,,
4003,4.458,,,,
4004,3.821,,,,
4005,2.473,,,,
4006,3.524,,,,
4007,4.83,,,,
4008,3.944,,,,
4009,2.994,,,,
4010,1.439,,,,
4011,2.503,,,,
4012,5.586,,,,
4013,9.4,,,,
4014,8.99,,,,
4015,7.373,,,,
4016,5.756,,,,
4017,3.824,,,,
4018,3.763,,,,
4019,2.462,,,,
4020,3.998,,,,
4021,5.693,,,,
4022,4.026,,,,
4023,4.998,,,,
4024,4.735,,,,
4025,4.806,,,,
4026,4.288,,,,
4027,3.508,,,,
4028,2.576,,,,
4029,2.873,,,,
4030,3.635,,,,
4031,4.181,,,,
4032,2.907,,,,
4033,1.306,,,,
4034,2.243,,,,
4035,1.872,,,,
4036,2.541,,,,
4037,3.384,,,,
4038,4.372,,,,
4039,4.822,,,,
4040,4.663,,,,
4041,4.71,,,,
4042,4.188,,,,
4043,4.033,,,,
4044,3.169,,,,
4045,3.296,,,,
4046,3.448,,,,
4047,3.444,,,,
4048,3.178,,,,
4049,2.688,,,,
4050,2.131,,,,
4051,0.547,,,,
4052,0.086,,,,
4053,2.184,,,,
4054,2.057,,,,
4055,2.702,,,,
4056,2.096,,,,
4057,2.364,,,,
4058,1.431,,,,
4059,2.109,,,,
4060,2.274,,,,
4061,2.331,,,,
4062,2.22,,,,
4063,1.516,,,,
4064,4.236,,,,
4065,4.621,,,,
4066,5.179,,,,
4067,5.19,,,,
4068,5.255,,,,
4069,4.768,,,,
4070,4.981,,,,
4071,4.997,,,,
4072,5.157,,,,
4073,5.102,,,,
4074,5.267,,,,
4075,5.237,,,,
4076,4.844,,,,
4077,5.149,,,,
4078,5.277,,,,
4079,4.872,,,,
4080,3.539,,,,
4081,4.461,,,,
4082,3.906,,,,
4083,4.055,,,,
4084,3.783,,,,
4085,4.137,,,,
4086,3.69,,,,
4087,2.27,,,,
4088,0.291,,,,
4089,2.408,,,,
4090,4.043,,,,
4091,5.218,,,,
4092,5.878,,,,
4093,5.393,,,,
4094,4.554,,,,
4095,5.461,,,,
4096,4.864,,,,
4097,2.711,,,,
4098,1.106,,,,
4099,1.741,,,,
4100,2.582,,,,
4101,2.192,,,,
4102,2.421,,,,
4103,3.03,,,,
4104,2.736,,,,
4105,3.335,,,,
4106,2.871,,,,
4107,3.179,,,,
4108,2.981,,,,
4109,3.674,,,,
4110,2.663,,,,
4111,0.616,,,,
4112,0.529,,,,
4113,1.241,,,,
4114,1.165,,,,
4115,1.911,,,,
4116,2.727,,,,
4117,4.127,,,,
4118,5.726,,,,
4119,3.356,,,,
4120,3.401,,,,
4121,2.813,,,,
4122,2.713,,,,
4123,2.407,,,,
4124,2.052,,,,
4125,3.022,,,,
4126,4.77,,,,
4127,5.458,,,,
4128,5.35,,,,
4129,4.591,,,,
4130,3.363,,,,
4131,4.636,,,,
4132,6.14,,,,
4133,5.26,,,,
4134,3.815,,,,
4135,4.017,,,,
4136,5.677,,,,
4137,6.756,,,,
4138,6.873,,,,
4139,7.377,,,,
4140,7.865,,,,
4141,7.823,,,,
4142,7.733,,,,
4143,5.942,,,,
4144,4.343,,,,
4145,3.088,,,,
4146,3.2,,,,
4147,3.494,,,,
4148,3.446,,,,
4149,3.081,,,,
4150,3.692,,,,
4151,3.621,,,,
4152,3.25,,,,
4153,2.966,,,,
4154,3.326,,,,
4155,2.458,,,,
4156,3.535,,,,
4157,3.281,,,,
4158,2.235,,,,
4159,0.075,,,,
4160,1.051,,,,
4161,2.645,,,,
4162,3.099,,,,
4163,4.158,,,,
4164,4.304,,,,
4165,4.697,,,,
4166,5.316,,,,
4167,6.12,,,,
4168,5.495,,,,
4169,2.616,,,,
4170,1.603,,,,
4171,2.452,,,,
4172,3.64,,,,
4173,2.931,,,,
4174,2.153,,,,
4175,1.756,,,,
4176,1.813,,,,
4177,2.977,,,,
4178,2.226,,,,
4179,2.118,,,,
4180,2.708,,,,
4181,3.311,,,,
4182,3.047,,,,
4183,0.802,,,,
4184,2.03,,,,
4185,5.51,,,,
4186,5.397,,,,
4187,4.703,,,,
4188,5.335,,,,
4189,6.236,,,,
4190,5.722,,,,
4191,4.624,,,,
4192,2.874,,,,
4193,2.357,,,,
4194,3.158,,,,
4195,3.208,,,,
4196,4.245,,,,
4197,3.479,,,,
4198,2.21,,,,
4199,1.601,,,,
4200,1.725,,,,
4201,2.348,,,,
4202,2.076,,,,
4203,2.175,,,,
4204,3.322,,,,
4205,2.928,,,,
4206,1.525,,,,
4207,0.397,,,,
4208,2.985,,,,
4209,3.499,,,,
4210,5.933,,,,
4211,5.494,,,,
4212,4.225,,,,
4213,5.679,,,,
4214,4.595,,,,
4215,4.523,,,,
4216,4.527,,,,
4217,4.357,,,,
4218,2.05,,,,
4219,0.991,,,,
4220,0.499,,,,
4221,1.283,,,,
4222,2.12,,,,
4223,2.024,,,,
4224,2.04,,,,
4225,2.552,,,,
4226,2.301,,,,
4227,3.483,,,,
4228,2.879,,,,
4229,2.951,,,,
4230,0.395,,,,
4231,0.32,,,,
4232,3.791,,,,
4233,5.788,,,,
4234,5.892,,,,
4235,5.088,,,,
4236,5.646,,,,
4237,6.012,,,,
4238,4.626,,,,
4239,4.198,,,,
4240,5.063,,,,
4241,4.307,,,,
4242,3.227,,,,
4243,1.132,,,,
4244,1.072,,,,
4245,4.65,,,,
4246,3.162,,,,
4247,2.776,,,,
4248,2.41,,,,
4249,2.986,,,,
4250,4.008,,,,
4251,3.903,,,,
4252,3.829,,,,
4253,2.86,,,,
4254,1.774,,,,
4255,0.551,,,,
4256,0.925,,,,
4257,3.444,,,,
4258,4.069,,,,
4259,5.775,,,,
4260,4.577,,,,
4261,4.012,,,,
4262,3.894,,,,
4263,2.528,,,,
4264,4.533,,,,
4265,2.988,,,,
4266,3.817,,,,
4267,3.315,,,,
4268,2.663,,,,
4269,2.197,,,,
4270,1.913,,,,
4271,2.065,,,,
4272,2.153,,,,
4273,1.709,,,,
4274,2.39,,,,
4275,2.394,,,,
4276,3.649,,,,
4277,3.689,,,,
4278,2.6,,,,
4279,1.065,,,,
4280,1.566,,,,
4281,3.442,,,,
4282,5.507,,,,
4283,5.214,,,,
4284,5.323,,,,
4285,5.624,,,,
4286,4.352,,,,
4287,3.576,,,,
4288,1.803,,,,
4289,2.837,,,,
4290,2.799,,,,
4291,2.025,,,,
4292,1.827,,,,
4293,2.976,,,,
4294,2.721,,,,
4295,2.062,,,,
4296,2.346,,,,
4297,3.885,,,,
4298,3.593,,,,
4299,2.604,,,,
4300,4.444,,,,
4301,3.375,,,,
4302,3.192,,,,
4303,1.523,,,,
4304,2.918,,,,
4305,4.837,,,,
4306,4.892,,,,
4307,4.857,,,,
4308,2.805,,,,
4309,6.149,,,,
4310,3.767,,,,
4311,3.662,,,,
4312,2.062,,,,
4313,3.472,,,,
4314,2.957,,,,
4315,4.748,,,,
4316,3.288,,,,
4317,3.818,,,,
4318,2.748,,,,
4319,3.502,,,,
4320,2.515,,,,
4321,4.126,,,,
4322,4.169,,,,
4323,3.914,,,,
4324,2.94,,,,
4325,3.668,,,,
4326,3.712,,,,
4327,3.19,,,,
4328,4.098,,,,
4329,5.089,,,,
4330,5.903,,,,
4331,8.43,,,,
4332,7.483,,,,
4333,6.844,,,,
4334,5.874,,,,
4335,4.718,,,,
4336,3.175,,,,
4337,2.602,,,,
4338,2.609,,,,
4339,2.117,,,,
4340,1.863,,,,
4341,2.448,,,,
4342,3.134,,,,
4343,3.109,,,,
4344,2.429,,,,
4345,3.564,,,,
4346,3.408,,,,
4347,2.109,,,,
4348,3.873,,,,
4349,2.826,,,,
4350,3.349,,,,
4351,3.979,,,,
4352,3.984,,,,
4353,3.907,,,,
4354,4.1,,,,
4355,4.083,,,,
4356,4.308,,,,
4357,4.781,,,,
4358,4.84,,,,
4359,4.619,,,,
4360,3.731,,,,
4361,3.195,,,,
4362,2.99,,,,
4363,2.941,,,,
4364,3.068,,,,
4365,3.438,,,,
4366,3.385,,,,
4367,2.912,,,,
4368,2.964,,,,
4369,2.746,,,,
4370,2.35,,,,
4371,3.817,,,,
4372,4.472,,,,
4373,4.935,,,,
4374,4.786,,,,
4375,4.114,,,,
4376,4.17,,,,
4377,3.973,,,,
4378,3.661,,,,
4379,3.425,,,,
4380,3.335,,,,
4381,2.927,,,,
4382,3.682,,,,
4383,3.953,,,,
4384,3.395,,,,
4385,2.487,,,,
4386,1.624,,,,
4387,0.518,,,,
4388,3.236,,,,
4389,2.884,,,,
4390,3.284,,,,
4391,3.5,,,,
4392,3.276,,,,
4393,4.015,,,,
4394,4.478,,,,
4395,3.647,,,,
4396,3.889,,,,
4397,4.074,,,,
4398,4.058,,,,
4399,0.804,,,,
4400,1.455,,,,
4401,1.171,,,,
4402,3.312,,,,
4403,5.165,,,,
4404,4.973,,,,
4405,5.99,,,,
4406,5.746,,,,
4407,5.098,,,,
4408,6.636,,,,
4409,5.813,,,,
4410,4.76,,,,
4411,3.107,,,,
4412,2.004,,,,
4413,2.359,,,,
4414,1.582,,,,
4415,2.638,,,,
4416,2.112,,,,
4417,3.317,,,,
4418,2.986,,,,
4419,2.188,,,,
4420,1.051,,,,
4421,2.117,,,,
4422,2.496,,,,
4423,2.415,,,,
4424,2.54,,,,
4425,4.241,,,,
4426,4.527,,,,
4427,5.793,,,,
4428,5.92,,,,
4429,6.159,,,,
4430,10.18,,,,
4431,9.9,,,,
4432,5.644,,,,
4433,3.397,,,,
4434,5.029,,,,
4435,4.013,,,,
4436,4.154,,,,
4437,4.371,,,,
4438,3.974,,,,
4439,4.524,,,,
4440,3.992,,,,
4441,6.489,,,,
4442,6.103,,,,
4443,5.866,,,,
4444,6.333,,,,
4445,7.124,,,,
4446,6.725,,,,
4447,6.814,,,,
4448,5.382,,,,
4449,3.226,,,,
4450,3.359,,,,
4451,5.015,,,,
4452,6.647,,,,
4453,7.473,,,,
4454,6.755,,,,
4455,5.489,,,,
4456,5.531,,,,
4457,5.579,,,,
4458,4.99,,,,
4459,4.737,,,,
4460,4.329,,,,
4461,2.82,,,,
4462,4.229,,,,
4463,9.58,,,,
4464,5.566,,,,
4465,3.702,,,,
4466,4.647,,,,
4467,8.16,,,,
4468,8.33,,,,
4469,7.781,,,,
4470,8.64,,,,
4471,8.75,,,,
4472,6.944,,,,
4473,3.582,,,,
4474,2.662,,,,
4475,4.408,,,,
4476,6.247,,,,
4477,7.626,,,,
4478,6.543,,,,
4479,9.27,,,,
4480,9.72,,,,
4481,9.83,,,,
4482,10.21,,,,
4483,7.963,,,,
4484,5.856,,,,
4485,4.823,,,,
4486,3.939,,,,
4487,3.381,,,,
4488,2.98,,,,
4489,3.618,,,,
4490,8.92,,,,
4491,6.996,,,,
4492,5.398,,,,
4493,6.032,,,,
4494,4.247,,,,
4495,3.545,,,,
4496,4.058,,,,
4497,4.763,,,,
4498,6.344,,,,
4499,6.845,,,,
4500,6.582,,,,
4501,6.095,,,,
4502,5.515,,,,
4503,5.189,,,,
4504,3.95,,,,
4505,2.662,,,,
4506,2.181,,,,
4507,2.074,,,,
4508,1.647,,,,
4509,2.084,,,,
4510,3.07,,,,
4511,2.705,,,,
4512,2.716,,,,
4513,2.83,,,,
4514,2.533,,,,
4515,4.096,,,,
4516,3.604,,,,
4517,2.741,,,,
4518,1.619,,,,
4519,2.879,,,,
4520,3.569,,,,
4521,3.589,,,,
4522,4.009,,,,
4523,4.302,,,,
4524,4.159,,,,
4525,4.677,,,,
4526,5.671,,,,
4527,4.974,,,,
4528,4.37,,,,
4529,4.595,,,,
4530,4.953,,,,
4531,4.555,,,,
4532,3.846,,,,
4533,3.59,,,,
4534,3.853,,,,
4535,4.473,,,,
4536,5.119,,,,
4537,4.775,,,,
4538,5.402,,,,
4539,5.606,,,,
4540,5.654,,,,
4541,5.998,,,,
4542,6.327,,,,
4543,6.404,,,,
4544,6.046,,,,
4545,5.908,,,,
4546,5.944,,,,
4547,5.567,,,,
4548,5.368,,,,
4549,5.614,,,,
4550,5.845,,,,
4551,5.634,,,,
4552,5.033,,,,
4553,4.295,,,,
4554,4.061,,,,
4555,4.24,,,,
4556,4.37,,,,
4557,4.746,,,,
4558,4.954,,,,
4559,5.075,,,,
4560,4.831,,,,
4561,5.649,,,,
4562,5.861,,,,
4563,5.607,,,,
4564,6.223,,,,
4565,5.824,,,,
4566,5.619,,,,
4567,6.265,,,,
4568,6.106,,,,
4569,5.56,,,,
4570,6.167,,,,
4571,6.409,,,,
4572,6.238,,,,
4573,6.187,,,,
4574,6.177,,,,
4575,5.809,,,,
4576,5.322,,,,
4577,5.026,,,,
4578,4.779,,,,
4579,5.153,,,,
4580,5.084,,,,
4581,5.248,,,,
4582,4.76,,,,
4583,5.117,,,,
4584,5.092,,,,
4585,5.234,,,,
4586,4.967,,,,
4587,4.638,,,,
4588,4.62,,,,
4589,4.74,,,,
4590,5.106,,,,
4591,5.048,,,,
4592,4.889,,,,
4593,4.296,,,,
4594,3.92,,,,
4595,3.912,,,,
4596,4.228,,,,
4597,4.225,,,,
4598,4.654,,,,
4599,3.895,,,,
4600,4.066,,,,
4601,4.146,,,,
4602,3.563,,,,
4603,2.122,,,,
4604,0.857,,,,
4605,1.923,,,,
4606,2.42,,,,
4607,3.253,,,,
4608,3.483,,,,
4609,2.165,,,,
4610,2.814,,,,
4611,3.527,,,,
4612,3.68,,,,
4613,3.636,,,,
4614,2.629,,,,
4615,1.456,,,,
4616,2.646,,,,
4617,2.371,,,,
4618,4.277,,,,
4619,5.412,,,,
4620,5.732,,,,
4621,6.407,,,,
4622,4.368,,,,
4623,4.255,,,,
4624,2.405,,,,
4625,2.3,,,,
4626,1.638,,,,
4627,5.648,,,,
4628,5.321,,,,
4629,4.49,,,,
4630,4.471,,,,
4631,4.223,,,,
4632,3.488,,,,
4633,3.343,,,,
4634,3.082,,,,
4635,3.498,,,,
4636,2.938,,,,
4637,2.526,,,,
4638,1.272,,,,
4639,0.934,,,,
4640,2.073,,,,
4641,4.551,,,,
4642,5.917,,,,
4643,6.754,,,,
4644,6.11,,,,
4645,4.879,,,,
4646,5.768,,,,
4647,5.706,,,,
4648,6.691,,,,
4649,4.819,,,,
4650,1.364,,,,
4651,2.1,,,,
4652,1.201,,,,
