Series,N,NF,Category,Starting Year,Starting Month,V1,V2,V3,V4,V5,V6,V7,V8,V9,V10,V11,V12,V13,V14,V15,V16,V17,V18,V19,V20,V21,V22,V23,V24,V25,V26,V27,V28,V29,V30,V31,V32,V33,V34,V35,V36,V37,V38,V39,V40,V41,V42,V43,V44,V45,V46,V47,V48,V49,V50,V51,V52,V53,V54,V55,V56,V57,V58,V59,V60,V61,V62,V63,V64,V65,V66,V67,V68,V69,V70,V71,V72,V73,V74,V75,V76,V77,V78,V79,V80,V81,V82,V83,V84,V85,V86,V87,V88,V89,V90,V91,V92,V93,V94,V95,V96,V97,V98,V99,V100,V101,V102,V103,V104,V105,V106,V107,V108,V109,V110,V111,V112,V113,V114,V115,V116,V117,V118,V119,V120,V121,V122,V123,V124,V125,V126,V127,V128,V129,V130,V131,V132,V133,V134,V135,V136,V137,V138,V139,V140,V141,V142,V143,V144,V145,V146,V147,V148,V149,V150,V151,V152,V153,V154,V155,V156,V157,V158,V159,V160,V161,V162,V163,V164,V165,V166,V167,V168,V169,V170,V171,V172,V173,V174,V175,V176,V177,V178,V179,V180,V181,V182,V183,V184,V185,V186,V187,V188,V189,V190,V191,V192,V193,V194,V195,V196,V197,V198,V199,V200,V201,V202,V203,V204,V205,V206,V207,V208,V209,V210,V211,V212,V213,V214,V215,V216,V217,V218,V219,V220,V221,V222,V223,V224,V225,V226,V227,V228,V229,V230,V231,V232,V233,V234,V235,V236,V237,V238,V239,V240,V241,V242,V243,V244,V245,V246,V247,V248,V249,V250,V251,V252,V253,V254,V255,V256,V257,V258,V259,V260,V261,V262,V263,V264,V265,V266,V267,V268,V269,V270,V271,V272,V273,V274,V275,V276,V277,V278,V279,V280,V281,V282,V283,V284,V285,V286,V287,V288,V289,V290,V291,V292,V293,V294,V295,V296,V297,V298,V299,V300,V301,V302,V303,V304,V305,V306,V307,V308,V309,V310,V311,V312,V313,V314,V315,V316,V317,V318,V319,V320,V321,V322,V323,V324,V325,V326,V327,V328,V329,V330,V331,V332,V333,V334,V335,V336,V337,V338,V339,V340,V341,V342,V343,V344,V345,V346,V347,V348,V349,V350,V351,V352,V353,V354,V355,V356,V357,V358,V359,V360,V361,V362,V363,V364,V365,V366,V367,V368,V369,V370,V371,V372,V373,V374,V375,V376,V377,V378,V379,V380,V381,V382,V383,V384,V385,V386,V387,V388,V389,V390,V391,V392,V393,V394,V395,V396,V397,V398,V399,V400,V401,V402,V403,V404,V405,V406,V407,V408,V409,V410,V411,V412,V413,V414,V415,V416,V417,V418,V419,V420,V421,V422,V423,V424,V425,V426,V427,V428,V429,V430,V431,V432,V433,V434,V435,V436,V437,V438,V439,V440,V441,V442,V443,V444,V445,V446,V447,V448,V449,V450,V451,V452,V453,V454,V455,V456,V457,V458,V459,V460,V461,V462,V463,V464,V465,V466,V467,V468,V469,V470,V471,V472,V473,V474,V475,V476,V477,V478,V479,V480,V481,V482,V483,V484,V485,V486,V487,V488,V489,V490,V491,V492,V493,V494,V495,V496,V497,V498,V499,V500,V501,V502,V503,V504,V505,V506,V507,V508,V509,V510,V511,V512,V513,V514,V515,V516,V517,V518,V519,V520,V521,V522,V523,V524,V525,V526,V527,V528,V529,V530,V531,V532,V533,V534,V535,V536,V537,V538,V539,V540,V541,V542,V543,V544,V545,V546,V547,V548,V549,V550,V551,V552,V553,V554,V555,V556,V557,V558,V559,V560,V561,V562,V563,V564,V565,V566,V567,V568,V569,V570,V571,V572,V573,V574,V575,V576,V577,V578,V579,V580,V581,V582,V583,V584,V585,V586,V587,V588,V589,V590,V591,V592,V593,V594,V595,V596,V597,V598,V599,V600,V601,V602,V603,V604,V605,V606,V607,V608,V609,V610,V611,V612,V613,V614,V615,V616,V617,V618,V619,V620,V621,V622,V623,V624,V625,V626,V627,V628,V629,V630,V631,V632,V633,V634,V635,V636,V637,V638,V639,V640,V641,V642,V643,V644,V645,V646,V647,V648,V649,V650,V651,V652,V653,V654,V655,V656,V657,V658,V659,V660,V661,V662,V663,V664,V665,V666,V667,V668,V669,V670,V671,V672,V673,V674,V675,V676,V677,V678,V679,V680,V681,V682,V683,V684,V685,V686,V687,V688,V689,V690,V691,V692,V693,V694,V695,V696,V697,V698,V699,V700,V701,V702,V703,V704,V705,V706,V707,V708,V709,V710,V711,V712,V713,V714,V715,V716,V717,V718,V719,V720,V721,V722,V723,V724,V725,V726,V727,V728,V729,V730,V731,V732,V733,V734,V735,V736,V737,V738,V739,V740,V741,V742,V743,V744,V745,V746,V747,V748,V749,V750,V751,V752,V753,V754,V755,V756,V757,V758,V759,V760,V761,V762,V763,V764,V765,V766,V767,V768,V769,V770,V771,V772,V773,V774,V775,V776,V777,V778,V779,V780,V781,V782,V783,V784,V785,V786,V787,V788,V789,V790,V791,V792,V793,V794,V795,V796,V797,V798,V799,V800,V801,V802,V803,V804,V805,V806,V807,V808,V809,V810,V811,V812,V813,V814,V815,V816,V817,V818,V819,V820,V821,V822,V823,V824,V825,V826,V827,V828,V829,V830,V831,V832,V833,V834,V835,V836,V837,V838,V839,V840,V841,V842,V843,V844,V845,V846,V847,V848,V849,V850,V851,V852,V853,V854,V855,V856,V857,V858,V859,V860,V861,V862,V863,V864,V865,V866,V867
Q14640,,,,,,13137.60197,6344.59785,6892.42704,7519.6723,13528.00118,5669.69214,7148.34608,7466.15082,12853.79911,6330.38272,7156.17308,7536.3155,13123.97034,6282.31253,7151.93641,7208.43213,12554.57862,10820.50512,7602.52328,7418.23203,10898.04561,6321.84204,7482.1744,7038.37879,11816.14234,6549.84226,7504.93722,7152.68345,11863.92542,6233.62332,7696.86402,7390.86749,11273.96684,8003.56224,7816.51867,7409.97523,11974.98771,6411.79098,7917.40689,7211.90881,10672.98517,7013.395,7806.31958,7353.27875,10741.86242,6896.30636,7315.32171,7644.79015,10702.73742,6564.26703,7699.53363,7869.48327,10983.86231,7439.38972,8345.93392,6701.29328,10351.90229,6598.41562,8237.69689,7566.89511,11244.33903,7371.26069,8096.2175,7656.19361,10369.5035,7281.57067,7004.26373,7915.35,11349.16208,6986.95614,8229.87469,8700.48486,11139.1618,7615.60145,8485.37548,8682.36978,11628.28632,7518.3265,7911.27485,8285.78327,12582.7412,7917.94076,8707.6799,8196.55343,12379.05791,8116.72114,7575.2678,8187.43737,10341.60542,7452.33857,7901.35786,8891.93463,10700.78966,8215.61863,8139.50874,7943.87206,11500.17484,7920.45646,9173.21596,8616.17301,11178.0931,7702.10764,9038.19262,8107.28248,11180.17404,7943.51272,7684.97369,7543.22295,10750.22616,7982.55709,7789.94865,7931.87641,11027.38368,7610.66205,8206.51853,,,,,,,,,,,,,,,,,,,,,,,,,,,,,,,,,,,,,,,,,,,,,,,,,,,,,,,,,,,,,,,,,,,,,,,,,,,,,,,,,,,,,,,,,,,,,,,,,,,,,,,,,,,,,,,,,,,,,,,,,,,,,,,,,,,,,,,,,,,,,,,,,,,,,,,,,,,,,,,,,,,,,,,,,,,,,,,,,,,,,,,,,,,,,,,,,,,,,,,,,,,,,,,,,,,,,,,,,,,,,,,,,,,,,,,,,,,,,,,,,,,,,,,,,,,,,,,,,,,,,,,,,,,,,,,,,,,,,,,,,,,,,,,,,,,,,,,,,,,,,,,,,,,,,,,,,,,,,,,,,,,,,,,,,,,,,,,,,,,,,,,,,,,,,,,,,,,,,,,,,,,,,,,,,,,,,,,,,,,,,,,,,,,,,,,,,,,,,,,,,,,,,,,,,,,,,,,,,,,,,,,,,,,,,,,,,,,,,,,,,,,,,,,,,,,,,,,,,,,,,,,,,,,,,,,,,,,,,,,,,,,,,,,,,,,,,,,,,,,,,,,,,,,,,,,,,,,,,,,,,,,,,,,,,,,,,,,,,,,,,,,,,,,,,,,,,,,,,,,,,,,,,,,,,,,,,,,,,,,,,,,,,,,,,,,,,,,,,,,,,,,,,,,,,,,,,,,,,,,,,,,,,,,,,,,,,,,,,,,,,,,,,,,,,,,,,,,,,,,,,,,,,,,,,,,,,,,,,,,,,,,,,,,,,,,,,,,,,,,,,,,,,,,,,,,,,,,,,,,,,,,,,,,,,,,,,,,,,,,,,,,,,,,,,,,,
Q15444,,,,,,420,570,450,490,470,640,470,520,530,720,470,570,570,720,530,640,620,820,610,680,670,880,660,750,740,930,720,800,790,1000,780,820,850,1010,830,880,900,1100,880,900,880,1140,890,960,940,1100,940,1040,990,1240,970,1000,940,1290,970,1040,1040,1300,950,980,990,1220,1040,1060,1070,1280,1010,1150,1130,1390,1160,1200,1160,1480,1260,1360,1320,1620,1350,1400,1460,1850,1520,1530,1560,1910,1560,1580,1640,1970,1630,1670,1720,2050,1710,1820,1840,2220,1840,1860,1880,2280,1840,1920,1900,2230,1760,1750,1770,2060,1620,1600,1690,1920,1540,1540,1540,1730,1440,1430,1550,1990,1640,1660,1730,2100,,,,,,,,,,,,,,,,,,,,,,,,,,,,,,,,,,,,,,,,,,,,,,,,,,,,,,,,,,,,,,,,,,,,,,,,,,,,,,,,,,,,,,,,,,,,,,,,,,,,,,,,,,,,,,,,,,,,,,,,,,,,,,,,,,,,,,,,,,,,,,,,,,,,,,,,,,,,,,,,,,,,,,,,,,,,,,,,,,,,,,,,,,,,,,,,,,,,,,,,,,,,,,,,,,,,,,,,,,,,,,,,,,,,,,,,,,,,,,,,,,,,,,,,,,,,,,,,,,,,,,,,,,,,,,,,,,,,,,,,,,,,,,,,,,,,,,,,,,,,,,,,,,,,,,,,,,,,,,,,,,,,,,,,,,,,,,,,,,,,,,,,,,,,,,,,,,,,,,,,,,,,,,,,,,,,,,,,,,,,,,,,,,,,,,,,,,,,,,,,,,,,,,,,,,,,,,,,,,,,,,,,,,,,,,,,,,,,,,,,,,,,,,,,,,,,,,,,,,,,,,,,,,,,,,,,,,,,,,,,,,,,,,,,,,,,,,,,,,,,,,,,,,,,,,,,,,,,,,,,,,,,,,,,,,,,,,,,,,,,,,,,,,,,,,,,,,,,,,,,,,,,,,,,,,,,,,,,,,,,,,,,,,,,,,,,,,,,,,,,,,,,,,,,,,,,,,,,,,,,,,,,,,,,,,,,,,,,,,,,,,,,,,,,,,,,,,,,,,,,,,,,,,,,,,,,,,,,,,,,,,,,,,,,,,,,,,,,,,,,,,,,,,,,,,,,,,,,,,,,,,,,,,,,,,,,,,,,,,,,,
Q18148,,,,,,1090,1070,1470,2290,1840,2490,1850,3170,4060,4120,3870,3760,3380,3990,3090,4350,4030,4440,3750,4280,3610,4450,4850,5290,4440,3260,4250,4600,3780,4490,4700,5930,5090,3630,5720,2470,2470,1490,3330,3150,2830,1880,3050,2770,1620,7230,2740,4710,3300,2640,3810,2500,2850,2340,2190,2390,3410,3800,6540,4270,6050,2090,6300,3410,4980,8690,8800,8610,9130,7960,9230,,,,,,,,,,,,,,,,,,,,,,,,,,,,,,,,,,,,,,,,,,,,,,,,,,,,,,,,,,,,,,,,,,,,,,,,,,,,,,,,,,,,,,,,,,,,,,,,,,,,,,,,,,,,,,,,,,,,,,,,,,,,,,,,,,,,,,,,,,,,,,,,,,,,,,,,,,,,,,,,,,,,,,,,,,,,,,,,,,,,,,,,,,,,,,,,,,,,,,,,,,,,,,,,,,,,,,,,,,,,,,,,,,,,,,,,,,,,,,,,,,,,,,,,,,,,,,,,,,,,,,,,,,,,,,,,,,,,,,,,,,,,,,,,,,,,,,,,,,,,,,,,,,,,,,,,,,,,,,,,,,,,,,,,,,,,,,,,,,,,,,,,,,,,,,,,,,,,,,,,,,,,,,,,,,,,,,,,,,,,,,,,,,,,,,,,,,,,,,,,,,,,,,,,,,,,,,,,,,,,,,,,,,,,,,,,,,,,,,,,,,,,,,,,,,,,,,,,,,,,,,,,,,,,,,,,,,,,,,,,,,,,,,,,,,,,,,,,,,,,,,,,,,,,,,,,,,,,,,,,,,,,,,,,,,,,,,,,,,,,,,,,,,,,,,,,,,,,,,,,,,,,,,,,,,,,,,,,,,,,,,,,,,,,,,,,,,,,,,,,,,,,,,,,,,,,,,,,,,,,,,,,,,,,,,,,,,,,,,,,,,,,,,,,,,,,,,,,,,,,,,,,,,,,,,,,,,,,,,,,,,,,,,,,,,,,,,,,,,,,,,,,,,,,,,,,,,,,,,,,,,,,,,,,,,,,,,,,,,,,,,,,,,,,,,,,,,,,,,,,,,,,,,,,,,,,,,,,,,,,,,,,,,,,,,,,,,,,
Q18496,,,,,,938,901.5,934.6,910.9,853.1,915.4,890.3,880,890.6,905,837.7,889.8,899.2,909.6,891,885.9,915.3,874.1,870.2,834.8,820.7,859.4,825.6,869,854.2,860.5,869.1,839.5,891.2,885.8,857.9,862.6,897.7,895.6,880.6,902.1,907.9,921.3,930.8,926.5,951.5,941.7,969.1,954.4,993.3,992.2,991.5,1000,1007,1035.6,1012.7,1047.9,1057.3,1071.9,1054.6,1078.1,1076.4,1113.2,1119.8,1112.4,1104.1,1143.8,1139.7,1126.5,1141.2,1168,1171.4,1164.1,1173.9,1173.2,1193.3,1199.7,1221.2,1225.6,1241.9,1254.9,1262.4,1284.8,1303.6,1285.9,1324,1326.8,1321.4,1370.2,1377.2,1417.1,1444.3,1418.1,1475.8,1498.2,1539.5,1574,1612.7,1617.1,1672.7,1678.2,1699.9,1721.9,1748.7,1767.1,1815.5,1799,1806,1818.7,1836.2,1806.9,1848,1820.6,1816.1,1855.4,1817.2,1815.1,1781.3,1788.2,1828.9,1766.4,1814.9,1824.3,1885.6,1841.9,1845.7,1891.1,1874.2,1943.1,1860.4,1866.9,,,,,,,,,,,,,,,,,,,,,,,,,,,,,,,,,,,,,,,,,,,,,,,,,,,,,,,,,,,,,,,,,,,,,,,,,,,,,,,,,,,,,,,,,,,,,,,,,,,,,,,,,,,,,,,,,,,,,,,,,,,,,,,,,,,,,,,,,,,,,,,,,,,,,,,,,,,,,,,,,,,,,,,,,,,,,,,,,,,,,,,,,,,,,,,,,,,,,,,,,,,,,,,,,,,,,,,,,,,,,,,,,,,,,,,,,,,,,,,,,,,,,,,,,,,,,,,,,,,,,,,,,,,,,,,,,,,,,,,,,,,,,,,,,,,,,,,,,,,,,,,,,,,,,,,,,,,,,,,,,,,,,,,,,,,,,,,,,,,,,,,,,,,,,,,,,,,,,,,,,,,,,,,,,,,,,,,,,,,,,,,,,,,,,,,,,,,,,,,,,,,,,,,,,,,,,,,,,,,,,,,,,,,,,,,,,,,,,,,,,,,,,,,,,,,,,,,,,,,,,,,,,,,,,,,,,,,,,,,,,,,,,,,,,,,,,,,,,,,,,,,,,,,,,,,,,,,,,,,,,,,,,,,,,,,,,,,,,,,,,,,,,,,,,,,,,,,,,,,,,,,,,,,,,,,,,,,,,,,,,,,,,,,,,,,,,,,,,,,,,,,,,,,,,,,,,,,,,,,,,,,,,,,,,,,,,,,,,,,,,,,,,,,,,,,,,,,,,,,,,,,,,,,,,,,,,,,,,,,,,,,,,,,,,,,,,,,,,,,,,,,,,,,,,,,,,,,,,,,,,,,,,,,,,,,,,,,,,,,,,
Q19604,,,,,,488.1085,489.7687,490.3833,482.1605,511.2686,517.7448,528.4765,533.6729,564.6655,573.494,582.3893,581.1195,619.6299,622.7025,627.0275,629.8766,647.3981,657.1193,663.9226,671.2053,706.343,716.1398,718.9277,726.2712,761.1219,771.478,779.5028,784.3504,804.9089,820.18,820.3473,826.3816,872.705,890.0172,868.0231,891.9701,983.8048,988.7034,969.3607,979.3179,1043.5566,1041.3715,1060.1485,1069.0429,1116.8827,1149.8946,1179.0019,1190.6802,1226.1993,1260.3593,1288.1411,1295.3933,1330.5222,1376.0157,1558.4608,1580.1607,1849.5927,1941.6484,2016.2739,2060.6853,2212.7822,2243.1347,2289.4022,2330.8531,2519.8212,2568.8877,2648.5467,2583.657,2813.3903,2838.0488,3061.5368,3273.8331,4034.5445,4123.8795,4236.1416,4299.7324,4541.2757,4626.682,4673.5038,4669.4596,4697.3584,4731.9526,5011.8916,9068.9186,13636.0538,13723.0482,13761.8388,13825.8802,14223.5849,14334.2865,14584.7204,14770.8822,15889.6307,15989.0248,15169.5856,15424.0074,16718.376,16916.8064,17267.2526,17658.2182,18975.7518,19057.5024,19252.6358,17913.9858,18586.0432,18763.683,18918.0975,18956.596,18761.1314,18914.8157,19098.7922,19268.4931,20119.7387,20348.5565,20623.6927,20900.2327,22150.6913,22353.7498,22534.1151,22847.3385,24911.1926,25260.3897,25544.7738,,,,,,,,,,,,,,,,,,,,,,,,,,,,,,,,,,,,,,,,,,,,,,,,,,,,,,,,,,,,,,,,,,,,,,,,,,,,,,,,,,,,,,,,,,,,,,,,,,,,,,,,,,,,,,,,,,,,,,,,,,,,,,,,,,,,,,,,,,,,,,,,,,,,,,,,,,,,,,,,,,,,,,,,,,,,,,,,,,,,,,,,,,,,,,,,,,,,,,,,,,,,,,,,,,,,,,,,,,,,,,,,,,,,,,,,,,,,,,,,,,,,,,,,,,,,,,,,,,,,,,,,,,,,,,,,,,,,,,,,,,,,,,,,,,,,,,,,,,,,,,,,,,,,,,,,,,,,,,,,,,,,,,,,,,,,,,,,,,,,,,,,,,,,,,,,,,,,,,,,,,,,,,,,,,,,,,,,,,,,,,,,,,,,,,,,,,,,,,,,,,,,,,,,,,,,,,,,,,,,,,,,,,,,,,,,,,,,,,,,,,,,,,,,,,,,,,,,,,,,,,,,,,,,,,,,,,,,,,,,,,,,,,,,,,,,,,,,,,,,,,,,,,,,,,,,,,,,,,,,,,,,,,,,,,,,,,,,,,,,,,,,,,,,,,,,,,,,,,,,,,,,,,,,,,,,,,,,,,,,,,,,,,,,,,,,,,,,,,,,,,,,,,,,,,,,,,,,,,,,,,,,,,,,,,,,,,,,,,,,,,,,,,,,,,,,,,,,,,,,,,,,,,,,,,,,,,,,,,,,,,,,,,,,,,,,,,,,,,,,,,,,,,,,,,,,,,,,,,,,,,,,,,,,,,,,,,,,,,,,,,,,
Q19637,,,,,,7800,7500,7300,7200,6900,6900,6800,6700,6600,6600,6500,5900,5900,5800,5700,5300,5200,5100,5100,5200,5200,5000,5000,4900,4800,4900,4900,5000,5100,5100,5100,5100,5100,4900,4800,4800,4800,4700,4600,4500,4500,4500,4600,4400,4200,4200,4100,4300,4300,4300,4100,4300,4300,4100,4100,4100,4100,4200,4200,4200,4200,4400,4400,4400,4500,4400,4300,4200,4200,4200,4000,3300,3200,3200,3400,3200,3300,3400,3500,3500,3500,3600,3600,3800,3800,3700,3800,3800,3800,3700,3700,3800,3800,3800,3800,3700,3700,3700,3700,3700,3500,3500,3400,3400,3300,3300,3100,3100,3100,3100,3100,3100,3100,3100,3000,2900,2800,2500,2500,2500,2500,2500,2500,,,,,,,,,,,,,,,,,,,,,,,,,,,,,,,,,,,,,,,,,,,,,,,,,,,,,,,,,,,,,,,,,,,,,,,,,,,,,,,,,,,,,,,,,,,,,,,,,,,,,,,,,,,,,,,,,,,,,,,,,,,,,,,,,,,,,,,,,,,,,,,,,,,,,,,,,,,,,,,,,,,,,,,,,,,,,,,,,,,,,,,,,,,,,,,,,,,,,,,,,,,,,,,,,,,,,,,,,,,,,,,,,,,,,,,,,,,,,,,,,,,,,,,,,,,,,,,,,,,,,,,,,,,,,,,,,,,,,,,,,,,,,,,,,,,,,,,,,,,,,,,,,,,,,,,,,,,,,,,,,,,,,,,,,,,,,,,,,,,,,,,,,,,,,,,,,,,,,,,,,,,,,,,,,,,,,,,,,,,,,,,,,,,,,,,,,,,,,,,,,,,,,,,,,,,,,,,,,,,,,,,,,,,,,,,,,,,,,,,,,,,,,,,,,,,,,,,,,,,,,,,,,,,,,,,,,,,,,,,,,,,,,,,,,,,,,,,,,,,,,,,,,,,,,,,,,,,,,,,,,,,,,,,,,,,,,,,,,,,,,,,,,,,,,,,,,,,,,,,,,,,,,,,,,,,,,,,,,,,,,,,,,,,,,,,,,,,,,,,,,,,,,,,,,,,,,,,,,,,,,,,,,,,,,,,,,,,,,,,,,,,,,,,,,,,,,,,,,,,,,,,,,,,,,,,,,,,,,,,,,,,,,,,,,,,,,,,,,,,,,,,,,,,,,,,,,,,,,,,,,,,,,,,,,,,,,,,,,,,,,,,,
Q2002,,,,,,11870,12230,11740,13310,10560,10120,11870,3530,2650,2480,2320,2470,1630,1330,1300,3440,7950,5730,6280,7150,8410,7780,6540,5540,4990,6010,7390,7220,11340,11810,14500,17910,9920,10180,11480,8860,6810,10730,6620,6870,8520,9900,9470,8470,8560,10360,11740,8820,9550,14380,11930,12500,10670,12130,5960,5380,4460,4690,4880,3980,7900,9000,6630,6160,8030,8860,9610,9750,7900,6780,8970,6480,7240,9480,7360,7370,7270,11410,10470,11460,12810,19470,15080,15460,8900,7270,6240,7080,6100,8170,6880,7000,7020,8890,7910,11570,11310,11120,9300,12300,14120,13420,14360,13060,10660,12250,7440,7020,6850,5990,4600,4910,4490,4850,5230,3990,4120,4330,5700,4610,4110,4630,4260,10120,5370,6330,5750,4690,6510,5350,2900,8010,4490,7210,4690,4900,6630,8490,3510,5500,6590,6320,5820,12410,8390,7820,6960,5440,6990,6290,7570,12180,11880,14210,5350,9240,9860,12110,8600,13520,10940,12920,9560,7800,7060,7870,10930,10590,8260,7270,,,,,,,,,,,,,,,,,,,,,,,,,,,,,,,,,,,,,,,,,,,,,,,,,,,,,,,,,,,,,,,,,,,,,,,,,,,,,,,,,,,,,,,,,,,,,,,,,,,,,,,,,,,,,,,,,,,,,,,,,,,,,,,,,,,,,,,,,,,,,,,,,,,,,,,,,,,,,,,,,,,,,,,,,,,,,,,,,,,,,,,,,,,,,,,,,,,,,,,,,,,,,,,,,,,,,,,,,,,,,,,,,,,,,,,,,,,,,,,,,,,,,,,,,,,,,,,,,,,,,,,,,,,,,,,,,,,,,,,,,,,,,,,,,,,,,,,,,,,,,,,,,,,,,,,,,,,,,,,,,,,,,,,,,,,,,,,,,,,,,,,,,,,,,,,,,,,,,,,,,,,,,,,,,,,,,,,,,,,,,,,,,,,,,,,,,,,,,,,,,,,,,,,,,,,,,,,,,,,,,,,,,,,,,,,,,,,,,,,,,,,,,,,,,,,,,,,,,,,,,,,,,,,,,,,,,,,,,,,,,,,,,,,,,,,,,,,,,,,,,,,,,,,,,,,,,,,,,,,,,,,,,,,,,,,,,,,,,,,,,,,,,,,,,,,,,,,,,,,,,,,,,,,,,,,,,,,,,,,,,,,,,,,,,,,,,,,,,,,,,,,,,,,,,,,,,,,,,,,,,,,,,,,,,,,,,,,,,,,,,,,,,,,,,,,,,,,,,,,,,,,,,,,,,,,,,,,,,,,,,,,,,,,,,,,,,,,,,
Q22221,,,,,,2777.064,2756.645,2749.352,2753.728,2752.269,2755.186,2759.562,2769.772,2782.899,2790.191,2797.484,2798.943,2762.479,2766.855,2787.274,2777.064,2813.528,2828.113,2835.406,2848.533,2860.201,2866.035,2877.704,2877.704,2858.743,2832.489,2814.986,2822.279,2836.865,2842.699,2849.992,2870.411,2883.538,2889.372,2905.416,2905.416,2884.997,2864.577,2866.035,2874.787,2880.621,2887.914,2889.372,2893.748,2902.499,2899.582,2902.499,2892.289,2861.66,2839.782,2829.572,2813.528,2794.567,2787.274,2787.274,2810.611,2829.572,2833.948,2839.782,2836.865,2813.528,2828.113,2828.113,2831.03,2839.782,2848.533,2861.66,2874.787,2890.831,2890.831,2889.372,2882.08,2860.201,2849.992,2848.533,2845.616,2864.577,2874.787,2886.455,2905.416,2917.085,2934.587,2998.763,3003.139,3004.597,3000.221,3011.89,3033.768,3057.104,3077.524,3090.651,3099.402,3096.485,3077.524,3108.154,3121.28,3135.866,3162.119,3160.661,3160.661,3147.534,3163.578,3169.412,3173.788,3195.666,3207.335,3216.085,3224.837,3220.461,3208.793,3211.71,3242.339,3232.13,3223.378,3220.461,3219.003,3233.588,3235.047,3242.339,3254.008,3249.632,3232.13,3236.505,3243.798,3246.715,3274.427,3291.93,3309.432,3329.852,3341.52,3408.613,3426.116,3456.745,3442.16,3453.828,3455.286,3446.535,3437.784,3430.491,3431.95,3439.243,3446.121,3497.71,3535.542,3542.42,3518.345,3514.906,3518.345,3559.616,3594.009,3583.691,3607.766,3559.616,3542.42,3559.616,3580.252,3587.13,3594.009,3569.934,3552.737,3525.224,3535.542,3514.906,3528.663,3532.102,3566.494,3580.252,3604.326,3621.523,3631.84,3611.205,3611.205,3587.13,3631.84,3638.719,3607.766,3607.766,3607.766,3611.205,3649.036,3673.111,3666.233,3666.233,3649.036,3659.354,3697.186,3710.943,3707.504,3714.382,3738.457,3786.606,3807.241,3865.709,3882.905,3886.344,3882.905,3900.101,3910.419,3934.494,3975.764,3999.839,4023.914,4044.549,4068.624,4092.699,4120.213,4099.577,4078.942,4120.213,4199.315,4209.633,4244.025,4261.222,4312.81,4316.249,4357.52,4412.548,4426.305,4440.062,4433.184,4385.034,4412.548,4415.987,4457.258,4436.623,4495.09,4560.435,4615.464,4722.08,4766.79,4725.519,4711.762,4804.622,4890.603,4931.874,5031.612,5072.883,5165.742,5220.77,5210.453,5262.041,5310.191,5286.116,5268.92,5217.331,5265.48,5234.527,5237.967,5213.892,5213.892,5196.696,5203.574,5224.21,5200.135,5165.742,5138.228,5062.565,5100.397,5145.107,5213.892,5151.986,5169.181,5189.817,5207.013,5217.331,5207.013,5169.181,5169.181,5141.668,5258.602,5268.92,5279.237,5258.602,5290.154,5269.119,5295.412,5316.447,5347.998,5369.033,5411.102,5468.946,5532.049,5547.825,5532.049,5489.98,5447.911,5416.36,5437.394,5474.205,5511.015,5574.118,5595.152,5621.445,5647.738,5705.583,5663.514,5779.203,5768.686,5684.549,5710.842,5747.652,5805.497,5800.238,5847.565,5926.444,6063.168,6163.081,6315.581,6315.581,6152.564,6115.754,6157.823,6352.391,6436.529,6525.925,6457.563,6578.511,6688.942,6773.079,6909.803,6894.027,6851.958,6778.338,6746.786,6788.855,6830.924,6904.544,6951.871,7046.526,7220.061,7346.267,7398.853,7404.111,7283.163,7141.181,7125.406,7156.866,7189.42,7260.761,7336.417,7275.998,7394.161,7295.464,7190.207,7212.261,7297.784,7333.167,7336.446,7411.354,7465.608,7572.591,7631.917,7594.194,7667.846,7584.893,7538.042,7433.37,7524.33,7607.312,7558.207,7727.009,7821.287,7876.749,7917.98,7862.576,7828.42,7739.867,7552.531,7555.532,7615.318,7667.059,7738.535,7786.354,7782.26,7815.591,7865.759,7872.913,7934.914,7918.91,7734.814,7715.991,7751.815,7706.47,7762.229,7815.447,7843.398,7895.399,7929.199,7825.439,7935.969,7910.252,7865.28,7793.028,7836.073,7852.134,7866.114,7936.63,8023.006,8115.462,8157.5,8117.648,8157.491,8061.324,7937.561,7941.061,7997.971,7988.2,7991.114,8027.293,8054.919,8092.564,8143.165,8143.989,8221.87,8158.852,8026.536,8080.376,8137.622,8172.727,8257.166,8387.517,8507.771,8561.871,8647.748,8595.95,8647.911,8631.812,8572.725,8581.413,8611.474,8563.012,8591.692,8788.752,8870.727,8965.935,9006.812,8932.671,9083.839,8979.704,8953.977,8921.999,8923.187,9024.599,8952.529,9001.711,8993.176,9055.494,9054.89,8962.991,9100.14,8956.528,8835.805,8869.087,8886.05,8909.264,8841.471,8938.77,8945.472,9048.936,9056.482,8975.341,8971.227,8910.751,8906.493,8854.733,8858.655,8853.697,8955.981,8964.247,8991.182,8974.229,8963.412,8957.88,9039.318,9029.355,8981.507,9022.758,8998.766,8910.99,8908.584,9041.657,9135.925,9078.709,9078.152,9039.04,9136.913,9120.152,9028.051,9032.232,8977.144,8901.018,8895.303,8996.944,9003.6,9057.729,9067.039,9010.101,9130.105,9055.571,8962.012,8945.731,8932.038,8864.686,8906.158,9016.708,9034.235,9009.794,9035.626,9053.758,9116.671,9065.025,9033.641,9057.671,9055.168,9057.182,9117.236,9145.658,9147.394,9129.712,9122.05,9139.166,9252.248,9161.489,9116.585,9107.811,9090.963,9056.827,9078.632,9141.736,9138.763,9109.441,9123.911,9091.145,9172.296,9151.46,9093.332,9107.552,9076.801,9057.412,9134.228,9168.124,9259.947,9225.696,9289.778,9302.177,9355.28,9281.503,9304.047,9274.781,9244.135,9260.379,9216.232,9300.326,9315.822,9333.704,9392.628,9425.317,9574.768,9545.292,9494.145,9518.606,9571.307,9475.159,9548.772,9708.494,9695.731,9695.06,9728.103,9690.534,9692.663,9676.726,9654.758,9676.371,9658.114,9621.331,9618.877,9659.226,9729.186,9814.546,9801.62,9800.288,9849.076,9772.95,9806.616,9844.09,9851.233,9824.317,9838.729,9889.339,9857.351,9871.265,9901.776,9880.182,9943.851,9853.151,9783.153,9812.504,9813.051,9778.55,9802.771,9829.85,9885.494,9874.093,9860.966,9835.095,9863.258,9764.032,9725.025,9721.889,9675.69,9658.22,9655.045,9737.951,9800.825,9754.597,9751.797,9758.049,9804.469,9775.587,9803.394,9906.954,9765.941,9722.542,9717.066,9813.031,9802.8,9751.202,9825.832,9781.129,9830.828,9800.01,9814.124,9834.319,9873.268,9869.663,9914.059,10003.31,10007.66,10025.68,10039.16,10099.45,10163.21,10166.88,10141.88,10235.8,10260.43,10206.13,10219.28,10207.39,10235.13,10207.94,10167.87,10150.17,10181.67,10144.05,10054.1,10091.89,9967.536,9969.07,9966.309,10028.67,10072.03,10107.03,10112.42,10033.84,10032.01,9985.688,10013.6,9994.385,9883.078,9896.953,9840.282,9742.87,9754.194,9786.384,9706.154,9783.095,9821.469,9745.9,9691.647,9594.55,9558.62,9443.478,9466.721,9523.554,9549.012,9596.017,9537.64,9629.261,9649.024,9650.922,9586.208,9567.999,9601.022,9521.722,9546.165,9622.348,9594.828,9640.71,9634.871,9709.04,9747.415,9842.834,9736.963,9770.754,9687.753,9686.018,9691.071,9727.154,9699.365,9762.7,9706.087,9813.837,9858.185,9869.701,9877.161,9893.443,9767.57,9752.593,9707.957,9757.349,9693.43,9661.7,9656.484,9699.902,9779.077,9724.814,9765.759,9761.338,9712.157,9697.189,9588.834,9620.373,9653.991,9655.448,9663.589,9720.518,9839.89,,,,,,,,,,,,,,,,,,,,,,,,,,,,,,,,,,,,,,,,,,,,,,,,,,,,,,,,,,,,,,,,,,,,,,,,,,,,,,,,,,,,,,,,,,,,,,,,,,,,,,,,,,,,,,,,,,,,,,,,,,,,,,,,,
Q5109,,,,,,516.4,516.4,516.4,519.1,521.8,524.5,526.5,528.4,530.4,533.1,535.9,538.6,544.9,551.3,557.6,562.6,567.5,572.5,577.6,582.6,587.7,590.5,593.4,596.2,601,605.9,610.7,614.4,618.1,621.8,629.7,637.5,645.4,650.5,655.5,660.6,676.4,676.4,676.4,689,701.7,714.3,723.3,732.4,741.4,793,844.7,896.3,894.6,892.8,891.1,904.1,917.2,930.2,939.6,948.9,958.3,964.9,971.6,978.2,980.8,983.5,986.1,1000.1,1014.2,1028.2,1036.5,1044.8,1053.1,1054.9,1056.6,1058.4,1064.9,1071.5,1078,1091.2,1104.5,1117.7,1124.1,1130.4,1136.8,1140.4,1144.1,1147.7,1154.2,1160.8,1167.3,1182.2,1197.2,1212.1,1215.9,1219.6,1223.4,1231.3,1239.1,1247,1253.5,1260,1266.5,1283.2,1299.9,1316.6,1326.4,1336.1,1345.9,1352.4,1359,1365.5,1367.6,1369.7,1371.8,1391.1,1410.3,1429.6,1442,1454.4,1466.8,1474.6,1482.5,1490.3,1496.4,1502.5,1508.6,1534.6,1560.6,1586.6,1608.5,1630.4,1652.3,1668.9,1685.4,1702,1714.4,1726.9,1739.3,1779.2,1819.2,1859.1,1883.5,1907.9,1932.3,1955.1,1977.9,2000.7,2014.9,2029.2,2043.4,2087.8,2132.2,2176.6,2197.1,2217.5,2238,2259.6,2281.2,2302.8,2308.2,2313.6,2319,2338.5,2358,2377.5,2387.6,2397.7,2407.8,2421.8,2435.9,2449.9,2466.7,2483.4,2500.2,2503.6,2507,2510.4,2522.7,2535.1,2547.4,2542.8,2538.2,2533.6,2565.6,2597.6,2629.6,2642.7,2655.8,2668.9,2672.5,2676.1,2679.7,2680.8,2682,2683.1,2716.3,2749.6,2782.8,2781.6,2780.4,2779.2,2805.1,2831,2856.9,2876.5,2896.1,2915.7,2958.8,3001.9,3045,3072.6,3100.3,3127.9,3151.4,3174.9,3198.4,3194.4,3190.3,3186.3,3213.2,3240,3266.9,3289.3,3311.7,3334.1,3360.1,3386.2,3412.2,3407.4,3402.6,3397.8,3370.3,3342.8,3315.3,3312.4,3309.6,3306.7,3305.7,3304.6,3303.6,3293.3,3282.9,3272.6,3305.4,3338.3,3371.1,3383.2,3395.4,3407.5,3416.1,3424.6,3433.2,3431.8,3430.5,3429.1,3455.2,3481.2,3507.3,3525.2,3543.1,3561,3586.2,3611.4,3636.6,3664.5,3692.3,3720.2,3764,3807.8,3851.6,3869.5,3887.5,3905.4,3927.1,3948.8,3970.5,3987.2,4003.8,4020.5,4085.1,4149.8,4214.4,4276.5,4338.5,4400.6,4401.6,4402.5,4403.5,4412.9,4422.4,4431.8,4476.3,4520.7,4565.2,4653.5,4741.9,4830.2,4832,4833.7,4835.5,4807.1,4778.6,4750.2,4775.8,4801.5,4827.1,4876.6,4926.1,4975.6,4991.5,5007.4,5023.3,5048.2,5073.1,5098,5125,5151.9,5178.9,5205.6,5232.4,5259.1,5278.4,5297.8,5317.1,5314.4,5311.8,5309.1,5316.8,5324.6,5332.3,5352.6,5373,5393.3,5442.3,5491.4,5540.4,5549.1,5557.8,5566.5,5559.5,5552.5,5545.5,5537.2,5528.8,5520.5,5509.5,5498.4,5487.4,5486.3,5485.3,5484.2,5514.8,5545.3,5575.9,5569.5,5563.2,5556.8,5552.3,5547.7,5543.2,5363.6,5183.9,5004.3,5006.8,5009.3,5011.8,5010.3,5008.9,5007.4,5010,5012.5,5015.1,5003.1,4991.2,4979.2,5002.4,5025.6,5048.8,5044.6,5040.4,5036.2,5019.2,5002.1,4985.1,4984.5,4984,4983.4,4994.8,5006.1,5017.5,5050.1,5082.8,5115.4,5116.7,5117.9,5119.2,5142.4,5165.7,5188.9,5135.9,5083,5030,5043,5055.9,5068.9,5084.2,5099.6,5114.9,5129.1,5143.3,5157.5,5143.6,5129.7,5115.8,5134.8,5153.9,5172.9,5168.6,5164.3,5160,5184.2,5208.5,5232.7,5159.1,5085.4,5011.8,5022.9,5034,5045.1,5054.7,5064.2,5073.8,5090.9,5108.1,5125.2,5097.9,5070.7,5043.4,5040.4,5037.5,5034.5,5046,5057.5,5069,5103.7,5138.3,5173,5147.8,5122.6,5097.4,5133.3,5169.2,5205.1,5192.5,5179.9,5167.3,5189.4,5211.6,5233.7,5215.5,5197.2,5179,5176.6,5174.3,5171.9,5181.5,5191.1,5200.7,5211.6,5222.6,5233.5,5217.4,5201.2,5185.1,5159.9,5134.8,5109.6,5135.9,5162.1,5188.4,5182.1,5175.8,5169.5,5132.1,5094.7,5057.3,5052.6,5047.8,5043.1,5011.2,4979.4,4947.5,4947.9,4948.4,4948.8,4977,5005.3,5033.5,5040.6,5047.7,5054.8,5075.7,5096.5,5117.4,5169.5,5221.7,5273.8,5271.5,5269.1,5266.8,5350.3,5433.7,5517.2,5537.6,5558,5578.4,5612.8,5647.2,5681.6,5733.2,5784.7,5836.3,5837.2,5838.1,5839,5885.4,5931.8,5978.2,5996.1,6013.9,6031.8,6045.3,6058.8,6072.3,6028.4,5984.6,5940.7,6011.3,6081.9,6152.5,6193.6,6234.8,6275.9,6358.4,6440.8,6523.3,6536,6548.8,6561.5,6591.6,6621.8,6651.9,6668.3,6684.6,6701,6685.4,6669.7,6654.1,6614,6573.9,6533.8,6559.7,6585.6,6611.5,6617.9,6624.2,6630.6,6679.4,6728.3,6777.1,6856.9,6936.8,7016.6,7032.3,7048,7063.7,7054.4,7045.2,7035.9,7040.2,7044.6,7048.9,7054.1,7059.3,7064.5,7083.5,7102.5,7121.5,7152.1,7182.8,7213.4,7482.1,7750.8,8019.5,8045.6,8071.6,8097.7,8101.8,8105.8,8109.9,8128.8,8147.6,8166.5,8188.6,8210.7,8232.8,8235.2,8237.5,8239.9,8234.5,8229,8223.6,8221.9,8220.2,8218.5,8219.8,8221,8222.3,8221.3,8220.3,8219.3,8240.8,8262.2,8283.7,8303.9,8324.1,8344.3,8331.9,8319.6,8307.2,8351.6,8396,8440.4,8435.9,8431.4,8426.9,8427.4,8427.9,8428.4,8448.6,8468.9,8489.1,8531,8573,8614.9,8637.9,8660.8,8683.8,8680.3,8676.7,8673.2,8696.7,8720.1,8743.6,8782.2,8820.9,8859.5,8898.1,8936.8,516.4,524.5,530.4,538.6,557.6,572.5,587.7,596.2,610.7,621.8,645.4,660.6,676.4,714.3,741.4,896.3,891.1,930.2,958.3,978.2,986.1,1028.2,1053.1,1058.4,1078,1117.7,1136.8,1147.7,1167.3,1212.1,1223.4,1247,1266.5,1316.6,1345.9,1365.5,1371.8,1429.6,1466.8,1490.3,1508.6,1586.6,1652.3,1702,1739.3,1859.1,1932.3,2000.7,2043.4,2176.6,2238,2302.8,2319,2377.5,2407.8,2449.9,2500.2,2510.4,2547.4,2533.6,2629.6,2668.9,2679.7,2683.1,2782.8,2779.2,2856.9,2915.7,3045,3127.9,3198.4,3186.3,3266.9,3334.1,3412.2,3397.8,3315.3,3306.7,3303.6,3272.6,3371.1,3407.5,3433.2,3429.1,3507.3,3561,3636.6,3720.2,3851.6,3905.4,3970.5,4020.5,4214.4,4400.6,4403.5,4431.8,4565.2,4830.2,4835.5,4750.2,4827.1,4975.6,5023.3,5098,5178.9,5259.1,5317.1,5309.1,5332.3,5393.3,5540.4,5566.5,5545.5,5520.5,5487.4,5484.2,5575.9,5556.8,5543.2,5004.3,5011.8,5007.4,5015.1,4979.2,5048.8,5036.2,4985.1,4983.4,5017.5,5115.4,5119.2,5188.9,5030,5068.9,5114.9,5157.5,5115.8,5172.9,5160,5232.7,5011.8,5045.1,5073.8,5125.2,5043.4,5034.5,5069,5173,5097.4,5205.1,5167.3,5233.7,5179,5171.9,5200.7,5233.5,5185.1,5109.6,5188.4,5169.5,5057.3,5043.1,4947.5,4948.8,5033.5,5054.8,5117.4,5273.8,5266.8,5517.2,5578.4,5681.6,5836.3,5839,5978.2,6031.8,6072.3,5940.7,6152.5,6275.9,6523.3,6561.5,6651.9,6701,6654.1,6533.8,6611.5,6630.6,6777.1,7016.6,7063.7,7035.9,7048.9,7064.5,7121.5,7213.4,8019.5,8097.7,8109.9,8166.5,8232.8,8239.9,8223.6,8218.5,8222.3,8219.3,8283.7,8344.3,8307.2,8440.4,
Q7774,,,,,,4094.04817,4063.87672,4066.48756,4047.26647,4028.23884,4097.77498,3984.50833,4136.45903,4109.65021,4154.13686,4102.23715,4179.41292,4177.46099,4173.57175,4195.24907,4192.74767,4172.44315,3987.2156,4150.22914,4220.69714,4181.58202,4195.5476,4206.26352,4155.09401,4161.62134,4200.5743,4145.63142,4169.00405,4225.75142,4220.9788,4192.54157,4162.39489,4214.08483,4136.46463,4218.18734,4274.59912,4171.31866,4345.92746,4280.0809,4310.81784,4100.22643,4203.54875,4259.92864,4277.30475,4250.39805,4301.88217,4183.90674,4090.54985,4121.04096,4241.94048,4141.40716,4213.95185,4082.22202,4266.33766,4138.01023,4155.98636,4129.96503,4269.99596,4253.90084,4303.41169,4158.36692,4201.89091,4211.30093,4251.53638,4184.49869,4189.15712,4155.75999,4185.9436,4204.27021,4220.13954,4215.79187,4118.54342,4139.48134,4168.89607,4185.62907,4162.36835,4134.38196,4238.67295,4019.57565,4125.99338,4076.22343,4206.77338,4074.38927,4139.6063,4051.56139,4117.93563,4217.52101,4122.3941,4139.08302,4159.02819,4068.33099,4087.19683,4084.18001,4118.96681,4099.58299,4092.53089,4050.30782,4033.61375,3980.20063,4068.02177,4127.98466,4082.23597,4078.62302,4079.90189,4027.97186,4118.64897,4097.6163,4024.2889,3942.23724,4077.8664,4087.28435,4030.36856,4041.04769,4015.84668,3958.97639,,,,,,,,,,,,,,,,,,,,,,,,,,,,,,,,,,,,,,,,,,,,,,,,,,,,,,,,,,,,,,,,,,,,,,,,,,,,,,,,,,,,,,,,,,,,,,,,,,,,,,,,,,,,,,,,,,,,,,,,,,,,,,,,,,,,,,,,,,,,,,,,,,,,,,,,,,,,,,,,,,,,,,,,,,,,,,,,,,,,,,,,,,,,,,,,,,,,,,,,,,,,,,,,,,,,,,,,,,,,,,,,,,,,,,,,,,,,,,,,,,,,,,,,,,,,,,,,,,,,,,,,,,,,,,,,,,,,,,,,,,,,,,,,,,,,,,,,,,,,,,,,,,,,,,,,,,,,,,,,,,,,,,,,,,,,,,,,,,,,,,,,,,,,,,,,,,,,,,,,,,,,,,,,,,,,,,,,,,,,,,,,,,,,,,,,,,,,,,,,,,,,,,,,,,,,,,,,,,,,,,,,,,,,,,,,,,,,,,,,,,,,,,,,,,,,,,,,,,,,,,,,,,,,,,,,,,,,,,,,,,,,,,,,,,,,,,,,,,,,,,,,,,,,,,,,,,,,,,,,,,,,,,,,,,,,,,,,,,,,,,,,,,,,,,,,,,,,,,,,,,,,,,,,,,,,,,,,,,,,,,,,,,,,,,,,,,,,,,,,,,,,,,,,,,,,,,,,,,,,,,,,,,,,,,,,,,,,,,,,,,,,,,,,,,,,,,,,,,,,,,,,,,,,,,,,,,,,,,,,,,,,,,,,,,,,,,,,,,,,,,,,,,,,,,,,,,,,,,,,,,,,,,,,,,,,,,,,,,,,,,,,,,,,,,,,
Q8030,,,,,,709,550,380,441,775,825,1079,1200,1411,1434,1543,1404,1468,1622,2971,3185,2912,2991,3028,3214,2552,2775,2899,2742,2673,2360,2440,2606,2861,2193,2255,2240,2141,2338,2490,2641,2684,2641,2570,2485,2440,2506,2636,2638,2776,2806,2923,2950,2925,2920,3388,3889,3839,3909,4056,4116,4049,4286,4793,4992,5050,5272,5512,5849,6017,6239,6605,6704,6694,6801,7077,7264,7298,7586,8003,8237,8357,8704,8967,8956,504,510,479,484,540,549,526,728,599,727,708,704,704,724,723,721,785,,,,,,,,,,,,,,,,,,,,,,,,,,,,,,,,,,,,,,,,,,,,,,,,,,,,,,,,,,,,,,,,,,,,,,,,,,,,,,,,,,,,,,,,,,,,,,,,,,,,,,,,,,,,,,,,,,,,,,,,,,,,,,,,,,,,,,,,,,,,,,,,,,,,,,,,,,,,,,,,,,,,,,,,,,,,,,,,,,,,,,,,,,,,,,,,,,,,,,,,,,,,,,,,,,,,,,,,,,,,,,,,,,,,,,,,,,,,,,,,,,,,,,,,,,,,,,,,,,,,,,,,,,,,,,,,,,,,,,,,,,,,,,,,,,,,,,,,,,,,,,,,,,,,,,,,,,,,,,,,,,,,,,,,,,,,,,,,,,,,,,,,,,,,,,,,,,,,,,,,,,,,,,,,,,,,,,,,,,,,,,,,,,,,,,,,,,,,,,,,,,,,,,,,,,,,,,,,,,,,,,,,,,,,,,,,,,,,,,,,,,,,,,,,,,,,,,,,,,,,,,,,,,,,,,,,,,,,,,,,,,,,,,,,,,,,,,,,,,,,,,,,,,,,,,,,,,,,,,,,,,,,,,,,,,,,,,,,,,,,,,,,,,,,,,,,,,,,,,,,,,,,,,,,,,,,,,,,,,,,,,,,,,,,,,,,,,,,,,,,,,,,,,,,,,,,,,,,,,,,,,,,,,,,,,,,,,,,,,,,,,,,,,,,,,,,,,,,,,,,,,,,,,,,,,,,,,,,,,,,,,,,,,,,,,,,,,,,,,,,,,,,,,,,,,,,,,,,,,,,,,,,,,,,,,,,,,,,,,,,,,,,,,,,,,,,,,,,,,,,,,,,,,,,,,
