x,Q10414
0,5179.131
1,5137.479
2,5077.676
3,5284.417
4,5092.667
5,5192.319
6,5219.939
7,5256.108
8,5359.752
9,5431.052
10,5317.293
11,5069.178
12,5348.783
13,5366.819
14,5953.697
15,5018.825
16,5422.311
17,5451.616
18,5514.557
19,5564.548
20,5659.655
21,5655.631
22,5908.532
23,5756.613
24,5784.29
25,5814.538
26,5714.195
27,5912.001
28,5495.338
29,6290.395
30,5932.46
31,5862.514
32,5874.427
33,5733.157
34,5692.787
35,5875.535
36,5829.863
37,5960.552
38,5962.653
39,5825.192
40,5930.274
41,5798.114
42,5837.003
43,5802.933
44,5703.613
45,5809.657
46,5847.588
47,5956.587
48,6075.77
49,6041.803
50,6692.036
51,5541.686
52,6304.787
53,6073.754
54,6152.583
55,6256.56
56,6235.909
57,6305.5
58,6276.087
59,6350.367
60,6397.451
61,6173.264
62,6417.56
63,6690.101
64,6459.21
65,6739.391
66,6661.356
67,6732.815
68,6808.86
69,6839.106
70,6587.724
71,6635.883
72,6866.248
73,7048.895
74,7630.927
75,6833.793
76,7186.835
77,7043.71
78,7385.629
79,7329.334
80,7131.647
81,7369.908
82,7455.618
83,7315.604
84,7460.928
85,7597.495
86,7391.671
87,7975.801
88,7409.492
89,7981.453
90,7670.004
91,7488.017
92,7905.419
93,7793.075
94,7953.246
95,8007.754
96,7884.731
97,7951.071
98,7971.202
99,8026.034
100,7973.453
101,8305.276
102,8106.765
103,8188.66
104,8240.572
105,8111.633
106,8224.464
107,8485.579
108,8239.105
109,8182.719
110,9164.539
111,7685.13
112,8749.883
113,8136.981
114,8286.44
115,8539.453
116,8607.025
117,8861.552
118,8497.414
119,8751.105
120,8676.319
121,8706.382
122,8552.427
123,8898.46
124,8568.98
125,8881.348
126,8773.71
127,8710.606
128,8844.965
129,8864.415
130,8806.273
131,8435.321
132,8820.709
133,8794.317
134,8653.933
135,8729.675
136,8736.238
137,8646.153
138,8851.699
139,8898.755
140,8680.955
141,8895.813
142,9012.077
143,8387.628
144,8799.427
145,8941.71
146,9646.876
147,8251.659
148,8918.851
149,8753.157
150,8778.387
151,8709.524
152,9004.324
153,8644.961
154,8670.879
155,8886.843
156,8885.175
157,8403.349
158,8919.221
159,9004.198
160,8468.436
161,9124.421
162,9013.319
163,9048.924
164,9088.615
165,8952.258
166,9087.872
167,9023.914
168,9090.746
169,9058.054
170,9444.945
171,9217.05
172,9403.043
173,9152.758
174,9349.992
175,9524.32
176,9276.437
177,9337.5
178,9653.534
179,9607.152
180,9431.757
181,9625.146
182,10327.63
183,8972.235
184,9708.268
185,9596.172
186,9653.773
187,9768.206
188,9657.579
189,10085.31
190,9519.877
191,9903.947
192,9868.09
193,9789.946
194,9561.928
195,10159.53
196,9825.089
197,9798.096
198,9833.89
199,9748.467
200,9948.231
201,9953.622
202,9971.66
203,9594.206
204,9655.957
205,9758.667
206,10831.04
207,9774.265
208,10149.28
209,10101.47
210,10296.69
211,10367.71
212,10407.49
213,10151.15
214,10168.45
215,10162.96
216,10231.05
217,10142.64
218,10030.04
219,10328.04
220,9926.603
221,10145.68
222,10041.96
223,9686.052
224,9863.184
225,10092.16
226,9893.518
227,10157.95
228,9767.896
229,9776.236
230,9782.742
231,9985.548
232,9649.561
233,9825.656
234,9727.834
235,9589.521
236,9747.365
237,9928.397
238,9241.363
239,9181.289
240,9208.763
241,9236.216
242,9595.933
243,8275.445
244,8989.512
245,8374.648
246,8782.468
247,8813.042
248,8507.348
249,8618.661
250,8490.829
251,8652.528
252,8546.677
253,8164.107
254,8462.798
255,8715.85
256,8423.637
257,8667.726
258,8410.469
259,8581.012
260,8820.49
261,8382.293
262,8489.392
263,8420.195
264,8463.31
265,8762.428
266,8801.511
267,8627.625
268,8670.762
269,8702.93
270,8774.528
271,8977.026
272,8852.061
273,8676.806
274,8818.427
275,8335.327
276,8673.376
277,8715.46
278,9408.546
279,8262.175
280,8829.896
281,8688.218
282,8741.608
283,8608.972
284,8622.6
285,8645.855
286,8685.401
287,8785.72
288,8955.569
289,8812.195
290,8522.105
291,8670.337
292,8677.924
293,8660.935
294,8564.765
295,8785.506
296,8651.756
297,8674.795
298,8826.614
299,8816.346
300,9131.837
301,8638.594
302,8948.602
303,8701.366
304,8863.956
305,8755.859
306,9162.382
307,8887.393
308,8605.693
309,9152.327
310,9077.954
311,9148.067
312,9106.327
313,9086.831
314,8903.651
315,9147.325
316,8542.622
317,9056.279
318,8987.216
319,8702.52
320,8973.174
321,9118.658
322,8819.591
323,9055.526
324,8826.091
325,8913.272
326,8888.72
327,8880.807
328,8723.181
329,8578.848
330,8599.656
331,8667.287
332,8527.705
333,8784.452
334,8636.458
335,8547.808
336,8599.225
337,8826.48
338,9237.541
339,8327.954
340,8750.318
341,8768.902
342,8657.148
343,8771.832
344,8848.447
345,8742.072
346,8809.395
347,8430.946
348,8649.904
349,8596.375
350,8628.567
351,8862.755
352,8406.807
353,9090.664
354,8902.423
355,8923.744
356,9090.254
357,8770.947
358,8687.222
359,8952.792
360,9052.753
361,8832.906
362,8849.379
363,8907.28
364,8820.44
365,8866.318
366,9063.391
367,8946.564
368,8888.783
369,9082.279
370,9158.801
371,8989.496
372,9143.343
373,9152.43
374,9702.694
375,8648.484
376,9317.937
377,8981.04
378,9195.762
379,9245.882
380,9191.009
381,9163.306
382,9183.762
383,9378.437
384,9091.049
385,9228.903
386,8835.73
387,9602.473
388,8709.83
389,9423.534
390,9366.28
391,9126.061
392,9104.914
393,9451.556
394,9137.747
395,9360.243
396,9257.887
397,8885.272
398,9495.531
399,8976.974
400,9172.208
401,9172.44
402,9118.845
403,9408.247
404,9375.234
405,9309.481
406,9393.936
407,8829.797
408,9126.86
409,9437.035
410,9903.458
411,8688.624
412,9394.113
413,9176.126
414,9289.034
415,9351.978
416,9365.376
417,9155.842
418,9412.42
419,9179.506
420,9304.558
421,9359.51
422,9180.584
423,9347.926
424,9192.48
425,9435.727
426,9326.021
427,9288.126
428,9255.215
429,9011.302
430,9131.071
431,9269.498
432,9279.877
433,9160.533
434,9798.633
435,8646.909
436,9219.331
437,9002.496
438,9275.807
439,9113.359
440,8808.318
441,9265.797
442,9055.838
443,9040.427
444,8976.403
445,8657.146
446,8784.164
447,9042.307
448,8700.272
449,8867.381
450,8779.324
451,8548.024
452,8677.521
453,8819.202
454,8502.159
455,8702.325
456,8659.124
457,8506.044
458,8385.669
459,8587.463
460,8413.779
461,8417.321
462,8421.619
463,8386.101
464,8524.971
465,8467.87
466,8467.282
467,8195.47
468,8327.046
469,8563.964
470,8957.127
471,7936.701
472,8549.321
473,8434.516
474,8511.127
475,8533.549
476,8559.331
477,8423.195
478,8433.521
479,8301.402
480,8386.246
481,8404.506
482,8244.97
483,8407.95
484,8198.83
485,8445.752
486,8335.405
487,8520.225
488,8325.021
489,8012.492
490,8301.675
491,8266.499
492,8319.107
493,7986.516
494,8151.147
495,8045.352
496,8187.537
497,8124.069
498,8076.411
499,8046.961
500,8119.487
501,8025.638
502,8046.724
503,8179.276
504,8089.513
505,8217.944
506,8747.906
507,7594.759
508,8233.128
509,8003.553
510,8257.706
511,8104.653
512,8059.949
513,8310.4
514,8231.984
515,8375.182
516,8224.491
517,8355.467
518,8028.622
519,8331.448
520,8369.439
521,8262.434
522,8280.985
523,8254.964
524,8339.627
525,8222.531
526,8547.234
527,8373.84
528,8277.258
529,8383.059
530,8441.508
531,7999.393
532,8495.475
533,8250.376
534,8271.287
535,8309.071
536,8212.402
537,8401.246
538,8636.326
539,8137.907
540,8181.178
541,8076.672
542,8156.079
543,8533.439
544,8229.048
545,8540.665
546,8402.882
547,8586.102
548,8382.101
549,8468.266
550,8453.973
551,8574.428
552,8659.064
553,8557.87
554,8134.691
555,8446.248
556,8132.077
557,8687.555
558,8644.557
559,8650.722
560,8676.536
561,8442.562
562,8603.251
563,8603.058
564,8429.298
565,8559.286
566,8529.289
567,8429.298
568,8469.294
569,8299.308
570,8389.301
571,8419.299
572,8499.292
573,8459.295
574,8509.291
575,8599.284
576,8469.294
577,8449.296
578,8429.298
579,8439.297
580,8449.296
581,8359.303
582,8469.294
583,8209.316
584,8599.284
585,8589.285
586,8339.305
587,8639.28
588,8699.275
589,8579.285
590,8529.289
591,8559.286
592,8599.284
593,8559.286
594,8479.293
595,8489.293
596,8569.286
597,8509.291
598,8589.285
599,8539.288
600,8619.282
601,8709.274
602,8739.272
603,8769.27
604,8579.285
605,8789.268
606,8759.27
607,8809.266
608,8739.272
609,8849.262
610,8789.268
611,8709.274
612,8829.264
613,8799.267
614,8809.266
615,8929.256
616,8859.262
617,8999.25
618,9019.248
619,9219.231
620,8959.254
621,8989.251
622,9129.239
623,9189.234
624,9279.227
625,9209.232
626,9389.217
627,9409.216
628,9239.23
629,9279.227
630,9339.222
631,9569.202
632,9409.216
633,9389.217
634,9489.209
635,9419.215
636,9539.205
637,9599.2
638,9499.208
639,9479.21
640,9689.192
641,9699.192
642,9729.189
643,9789.185
644,10029.16
645,9629.198
646,9549.204
647,9639.197
648,9629.198
649,9649.196
650,9649.196
651,9579.202
652,9749.187
653,9669.194
654,9689.192
655,9759.187
656,9769.186
657,9919.173
658,9659.195
659,10019.17
660,9859.178
661,9939.172
662,9969.17
663,9939.172
664,9919.173
665,9919.173
666,10079.16
667,9979.169
668,10169.15
669,10089.16
670,10039.16
671,10099.16
672,10009.17
673,10159.15
674,10119.16
675,10429.13
676,9909.174
677,10159.15
678,10199.15
679,9849.179
680,10039.16
681,10169.15
682,10149.15
683,10119.16
684,10409.13
685,10289.14
686,10629.11
687,10379.14
688,10519.12
689,10469.13
690,10499.12
691,10449.13
692,10539.12
693,10469.13
694,10439.13
695,10549.12
696,10639.11
697,10609.12
698,10529.12
699,10679.11
700,10719.11
701,10619.12
702,10579.12
703,10699.11
704,10659.11
705,10639.11
706,10839.1
707,10809.1
708,10669.11
709,10789.1
710,10879.09
711,10749.1
712,10689.11
713,10899.09
714,10579.12
715,10829.1
716,10739.11
717,10699.11
718,10719.11
719,10979.08
720,10589.12
721,10549.12
722,10619.12
723,10679.11
724,10629.11
725,10759.1
726,10719.11
727,10649.11
728,10609.12
729,10599.12
730,10529.12
731,10779.1
732,10549.12
733,10479.13
734,10459.13
735,10459.13
736,10429.13
