id,low,hi,m,q,cost
0,0,4,272,1008,152160
1,0,5,289.429,984.762,141796
2,0,6,196.071,1140.36,285005
3,0,7,250.833,1030.83,355660
4,0,8,319,871.778,552165
5,0,9,339.576,816.909,553283
6,0,10,324,863.636,551674
7,0,11,298.322,949.231,618919
8,0,12,260.44,1088.13,860245
9,0,13,246.615,1143.43,875432
10,0,14,208.964,1306.58,1.28986e+06
11,0,15,206.956,1315.96,1.2505e+06
12,0,16,195.245,1374.51,1.28102e+06
13,0,17,190.795,1398.25,1.25699e+06
14,0,18,173.702,1495.11,1.43996e+06
15,0,19,166.338,1539.29,1.45187e+06
16,0,20,150.026,1642.6,1.70005e+06
17,0,21,145.957,1669.72,1.6818e+06
18,0,22,145.623,1672.07,1.645e+06
19,0,23,148.309,1652.37,1.62279e+06
20,0,24,141.185,1706.98,1.69117e+06
21,0,25,124.291,1842.14,2.31321e+06
22,0,26,117.753,1896.61,2.38223e+06
23,0,27,114.236,1927.09,2.37632e+06
24,0,28,104.956,2010.62,2.62721e+06
25,0,29,101.315,2044.6,2.63382e+06
26,0,30,98.9919,2067.06,2.61422e+06
27,0,31,103.504,2021.93,2.67125e+06
28,0,32,102.199,2035.42,2.63963e+06
29,0,33,93.2345,2131.04,3.08162e+06
30,0,34,95.2297,2109.1,3.0637e+06
31,0,35,81.8417,2260.83,4.33616e+06
32,0,36,70.1612,2397.1,5.38093e+06
33,0,37,55.9788,2567.29,7.09886e+06
34,0,38,50.7308,2632.01,7.27595e+06
35,0,39,45.3874,2699.7,7.48921e+06
36,0,40,39.5157,2776.03,7.7991e+06
37,0,41,31.1563,2887.49,8.59281e+06
38,0,42,27.5219,2937.16,8.67461e+06
39,0,43,23.4292,2994.45,8.8263e+06
40,0,44,16.4572,3094.39,9.51598e+06
41,0,45,25.8791,2956.2,1.09684e+07
42,0,46,22.1381,3012.31,1.11159e+07
43,0,47,23.8146,2986.61,1.10568e+07
44,0,48,21.7827,3018.44,1.10339e+07
45,0,49,18.3808,3072.87,1.11957e+07
46,0,50,17.9692,3079.59,1.10897e+07
47,0,51,14.7123,3133.88,1.12697e+07
48,0,52,12.5133,3171.26,1.13029e+07
49,0,53,9.49419,3223.59,1.14798e+07
50,0,54,6.48196,3276.81,1.16745e+07
51,0,55,4.14491,3318.87,1.1762e+07
52,0,56,3.88903,3323.56,1.16609e+07
53,0,57,4.33572,3315.23,1.15678e+07
54,0,58,9.37522,3219.47,1.25443e+07
55,0,59,10.1906,3203.71,1.24691e+07
56,0,60,13.7361,3133.98,1.29651e+07
57,0,61,10.8454,3191.8,1.32815e+07
58,0,62,14.47,3118.1,1.38769e+07
59,0,63,13.5762,3136.57,1.38131e+07
60,0,64,14.9392,3107.94,1.38171e+07
61,0,65,21.1957,2974.47,1.61741e+07
62,0,66,27.0253,2848.17,1.83071e+07
63,0,67,32.0779,2737.01,1.99562e+07
64,0,68,37.3098,2620.16,2.18254e+07
65,0,69,40.6484,2544.49,2.25319e+07
66,0,70,45.1556,2440.82,2.40262e+07
67,1,5,321,869,144929
68,1,6,186,1184,305909
69,1,7,259.286,988.571,377948
70,1,8,342.381,739.286,558601
71,1,9,362.333,672.778,545232
72,1,10,339.091,758,554835
73,1,11,306,890.364,637966
74,1,12,260.524,1087.42,895370
75,1,13,244.56,1161.92,907413
76,1,14,201.824,1375.6,1.3186e+06
77,1,15,200.5,1382.67,1.27443e+06
78,1,16,188.132,1452.75,1.29464e+06
79,1,17,183.995,1477.57,1.26445e+06
80,1,18,165.759,1593.07,1.43138e+06
81,1,19,158.456,1641.75,1.43272e+06
82,1,20,141.301,1761.84,1.65902e+06
83,1,21,137.675,1788.43,1.63303e+06
84,1,22,138.063,1785.45,1.59567e+06
85,1,23,141.64,1756.84,1.5795e+06
86,1,24,134.478,1816.52,1.63454e+06
87,1,25,116.769,1970,2.22665e+06
88,1,26,110.308,2028.15,2.27921e+06
89,1,27,107.082,2058.26,2.26394e+06
90,1,28,97.6492,2149.44,2.48939e+06
91,1,29,94.2611,2183.33,2.48503e+06
92,1,30,92.2536,2204.07,2.4587e+06
93,1,31,97.4919,2148.19,2.53687e+06
94,1,32,96.4809,2159.31,2.50184e+06
95,1,33,87.3195,2263.14,2.91537e+06
96,1,34,89.78,2234.44,2.90842e+06
97,1,35,75.9384,2400.54,4.13831e+06
98,1,36,63.9369,2548.56,5.1374e+06
99,1,37,49.3243,2733.65,6.79496e+06
100,1,38,44.1503,2800.91,6.94309e+06
101,1,39,38.8704,2871.31,7.12547e+06
102,1,40,33.031,2951.12,7.39984e+06
103,1,41,24.5801,3069.43,8.14131e+06
104,1,42,21.0858,3119.51,8.19881e+06
105,1,43,17.1021,3177.94,8.32194e+06
106,1,44,10.1008,3282.96,8.96086e+06
107,1,45,20.224,3127.74,1.05227e+07
108,1,46,16.5661,3185.04,1.06423e+07
109,1,47,18.5511,3153.28,1.0603e+07
110,1,48,16.6538,3184.27,1.05654e+07
111,1,49,13.3224,3239.8,1.07004e+07
112,1,50,13.0968,3243.63,1.05941e+07
113,1,51,9.90317,3298.99,1.07474e+07
114,1,52,7.80458,3336.06,1.07628e+07
115,1,53,4.84922,3389.26,1.09137e+07
116,1,54,1.89747,3443.38,1.10818e+07
117,1,55,-0.357864,3485.47,1.11485e+07
118,1,56,-0.462064,3487.45,1.10489e+07
119,1,57,0.152969,3475.56,1.09658e+07
120,1,58,5.51047,3370.2,1.20144e+07
121,1,59,6.48451,3350.72,1.19523e+07
122,1,60,10.2717,3273.71,1.24964e+07
123,1,61,7.39979,3333.07,1.27863e+07
124,1,62,11.2525,3252.16,1.34314e+07
125,1,63,10.4325,3269.65,1.33603e+07
126,1,64,11.9364,3237.07,1.33831e+07
127,1,65,18.4777,3093.16,1.58298e+07
128,1,66,24.5663,2957.18,1.80412e+07
129,1,67,29.8432,2837.57,1.97529e+07
130,1,68,35.2947,2712.19,2.16842e+07
131,1,69,38.7885,2630.66,2.24248e+07
132,1,70,43.4776,2519.69,2.39664e+07
133,2,6,96,1604,250583
134,2,7,223.714,1178.29,384124
135,2,8,340.714,749.286,597081
136,2,9,366.071,647.857,577614
137,2,10,336.833,774.556,584474
138,2,11,297.576,957.758,661699
139,2,12,245.364,1218.82,902149
140,2,13,229.266,1304.67,899400
141,2,14,182.308,1570.77,1.27224e+06
142,2,15,183.582,1563.12,1.22636e+06
143,2,16,171.821,1637.61,1.22811e+06
144,2,17,169.206,1655.04,1.19182e+06
145,2,18,150.564,1785.54,1.32818e+06
146,2,19,144.138,1832.66,1.31591e+06
147,2,20,126.684,1966.47,1.50656e+06
148,2,21,124.158,1986.68,1.47411e+06
149,2,22,125.87,1972.42,1.4417e+06
150,2,23,130.881,1928.99,1.44015e+06
151,2,24,124.032,1990.63,1.47779e+06
152,2,25,105.717,2161.57,2.02407e+06
153,2,26,99.6231,2220.48,2.05721e+06
154,2,27,96.9709,2247,2.0334e+06
155,2,28,87.5885,2343.95,2.22664e+06
156,2,29,84.6771,2375.01,2.21188e+06
157,2,30,83.1921,2391.34,2.18089e+06
158,2,31,89.3838,2321.17,2.29105e+06
159,2,32,88.8306,2327.62,2.25512e+06
160,2,33,79.5748,2438.69,2.63275e+06
161,2,34,82.6537,2400.72,2.64357e+06
162,2,35,68.4171,2581.05,3.81775e+06
163,2,36,56.1597,2740.39,4.76011e+06
164,2,37,41.1673,2940.29,6.34298e+06
165,2,38,36.1546,3008.8,6.45996e+06
166,2,39,31.0176,3080.72,6.60912e+06
167,2,40,25.2814,3162.94,6.84486e+06
168,2,41,16.7955,3287.4,7.52745e+06
169,2,42,13.5105,3336.67,7.56085e+06
170,2,43,9.69776,3395.13,7.65484e+06
171,2,44,2.71519,3504.53,8.2382e+06
172,2,45,13.6342,3329.82,9.9294e+06
173,2,46,10.1067,3387.44,1.00203e+07
174,2,47,12.4588,3348.24,1.00077e+07
175,2,48,10.7401,3377.46,9.9566e+06
176,2,49,7.51628,3433.33,1.00642e+07
177,2,50,7.51837,3433.3,9.961e+06
178,2,51,4.42017,3489.07,1.0087e+07
179,2,52,2.4543,3525.11,1.00853e+07
180,2,53,-0.408947,3578.55,1.02098e+07
181,2,54,-3.27367,3632.98,1.03507e+07
182,2,55,-5.421,3674.5,1.03971e+07
183,2,56,-5.34488,3673,1.03023e+07
184,2,57,-4.53349,3656.77,1.02331e+07
185,2,58,1.17643,3540.67,1.13644e+07
186,2,59,2.33351,3516.76,1.13193e+07
187,2,60,6.38983,3431.58,1.19194e+07
188,2,61,3.55154,3492.13,1.21814e+07
189,2,62,7.6568,3403.18,1.28837e+07
190,2,63,6.92629,3419.25,1.28063e+07
191,2,64,8.58919,3382.11,1.28518e+07
192,2,65,15.4396,3226.84,1.53986e+07
193,2,66,21.809,3080.34,1.76975e+07
194,2,67,27.3293,2951.53,1.94797e+07
195,2,68,33.0186,2816.89,2.14807e+07
196,2,69,36.6821,2728.96,2.22602e+07
197,2,70,41.5681,2610.07,2.38551e+07
198,3,7,177,1443,398016
199,3,8,348.571,699.524,643745
200,3,9,378.929,557.857,612247
201,3,10,339.167,756.667,619658
202,3,11,290.667,1015.33,693991
203,3,12,229.394,1362.55,919568
204,3,13,213.273,1459.27,902633
205,3,14,161.154,1789.36,1.23798e+06
206,3,15,165.879,1757.86,1.19355e+06
207,3,16,154.967,1834.24,1.17909e+06
208,3,17,154.25,1839.5,1.13927e+06
209,3,18,135.147,1985.96,1.24785e+06
210,3,19,129.779,2028.9,1.22485e+06
211,3,20,111.981,2177.21,1.38327e+06
212,3,21,110.737,2188,1.34752e+06
213,3,22,113.962,2158.97,1.32268e+06
214,3,23,120.584,2097.16,1.33747e+06
215,3,24,114.049,2160.34,1.36048e+06
216,3,25,95.0099,2350.73,1.86599e+06
217,3,26,89.3,2409.73,1.88283e+06
218,3,27,87.2615,2431.48,1.85307e+06
219,3,28,77.9043,2534.41,2.01799e+06
220,3,29,75.4945,2561.72,1.99552e+06
221,3,30,74.5594,2572.63,1.96218e+06
222,3,31,81.7734,2486.06,2.10461e+06
223,3,32,81.6908,2487.08,2.06927e+06
224,3,33,72.2984,2606.05,2.41546e+06
225,3,34,76.0246,2557.61,2.44437e+06
226,3,35,61.3269,2753.58,3.56969e+06
227,3,36,48.7655,2925.25,4.46139e+06
228,3,37,33.3389,3141.22,5.97686e+06
229,3,38,28.4826,3210.83,6.06633e+06
230,3,39,23.4827,3284.16,6.18603e+06
231,3,40,17.8411,3368.78,6.38721e+06
232,3,41,9.30162,3499.72,7.01623e+06
233,3,42,6.22702,3547.89,7.02888e+06
234,3,43,2.58362,3606.19,7.09733e+06
235,3,44,-4.39267,3720.13,7.63018e+06
236,3,45,7.36484,3524.17,9.44881e+06
237,3,46,3.96195,3582.02,9.51422e+06
238,3,47,6.6917,3534.71,9.52876e+06
239,3,48,5.14894,3561.96,9.46634e+06
240,3,49,2.0259,3618.18,9.54965e+06
241,3,50,2.25684,3613.94,9.45073e+06
242,3,51,-0.753061,3670.13,9.55251e+06
243,3,52,-2.59064,3705.04,9.53606e+06
244,3,53,-5.36833,3758.74,9.6371e+06
245,3,54,-8.15248,3813.5,9.75383e+06
246,3,55,-10.1967,3854.38,9.7824e+06
247,3,56,-9.94092,3849.18,9.69342e+06
248,3,57,-8.9329,3828.35,9.63844e+06
249,3,58,-2.86193,3700.86,1.0849e+07
250,3,59,-1.52256,3672.29,1.08206e+07
251,3,60,2.80661,3578.49,1.14736e+07
252,3,61,-0.00642899,3640.38,1.17109e+07
253,3,62,4.35427,3542.99,1.24669e+07
254,3,63,3.70809,3557.63,1.23842e+07
255,3,64,5.52844,3515.76,1.24511e+07
256,3,65,12.6935,3348.58,1.50915e+07
257,3,66,19.3478,3191.1,1.74714e+07
258,3,67,25.1136,3052.72,1.93178e+07
259,3,68,31.0425,2908.45,2.13819e+07
260,3,69,34.8743,2813.93,2.21956e+07
261,3,70,39.9572,2686.85,2.38375e+07
262,4,8,512,-390,426481
263,4,9,498,-315.333,391189
264,4,10,412.857,167.143,490036
265,4,11,333.81,641.429,643959
266,4,12,249.333,1176.44,940154
267,4,13,226,1332,929786
268,4,14,162.091,1779.36,1.29291e+06
269,4,15,167.448,1740.08,1.24181e+06
270,4,16,154.615,1838.46,1.22357e+06
271,4,17,153.846,1844.62,1.17921e+06
272,4,18,132.25,2024.58,1.28533e+06
273,4,19,126.574,2073.78,1.2573e+06
274,4,20,107.059,2249.41,1.40818e+06
275,4,21,106.223,2257.21,1.36893e+06
276,4,22,110.263,2218.16,1.34452e+06
277,4,23,117.917,2141.62,1.36274e+06
278,4,24,111.013,2212.96,1.38063e+06
279,4,25,90.5195,2431.56,1.87748e+06
280,4,26,84.7036,2495.53,1.88617e+06
281,4,27,82.8783,2516.22,1.85219e+06
282,4,28,73.1231,2630.03,2.00446e+06
283,4,29,70.8957,2656.76,1.97692e+06
284,4,30,70.232,2664.95,1.94112e+06
285,4,31,78.2704,2563.13,2.0995e+06
286,4,32,78.4236,2561.13,2.06306e+06
287,4,33,68.6229,2691.81,2.39626e+06
288,4,34,72.8266,2634.36,2.43338e+06
289,4,35,57.4102,2850.19,3.54119e+06
290,4,36,44.3249,3037.75,4.40866e+06
291,4,37,28.2521,3273.48,5.88985e+06
292,4,38,23.409,3346.13,5.96079e+06
293,4,39,18.4131,3422.73,6.06057e+06
294,4,40,12.7406,3511.6,6.23843e+06
295,4,41,4.02013,3651.13,6.83226e+06
296,4,42,1.0587,3699.5,6.82966e+06
297,4,43,-2.50844,3758.95,6.87958e+06
298,4,44,-9.57666,3879.11,7.37738e+06
299,4,45,2.9876,3661.33,9.29307e+06
300,4,46,-0.369979,3720.64,9.33996e+06
301,4,47,2.68076,3665.73,9.37258e+06
302,4,48,1.24769,3692,9.30116e+06
303,4,49,-1.8415,3749.67,9.36682e+06
304,4,50,-1.43617,3741.97,9.26975e+06
305,4,51,-4.41761,3799.61,9.35391e+06
306,4,52,-6.18061,3834.28,9.32614e+06
307,4,53,-8.92581,3889.19,9.40996e+06
308,4,54,-11.6796,3945.18,9.50891e+06
309,4,55,-13.6669,3986.25,9.52394e+06
310,4,56,-13.2704,3977.92,9.43822e+06
311,4,57,-12.1018,3952.99,9.39268e+06
312,4,58,-5.69481,3814.18,1.06622e+07
313,4,59,-4.20643,3781.43,1.06445e+07
314,4,60,0.36881,3679.25,1.1335e+07
315,4,61,-2.45717,3743.31,1.1555e+07
316,4,62,2.13442,3637.7,1.2349e+07
317,4,63,1.54071,3651.55,1.22614e+07
318,4,64,3.4918,3605.38,1.23418e+07
319,4,65,10.9536,3426.29,1.50499e+07
320,4,66,17.8744,3257.89,1.74861e+07
321,4,67,23.8665,3110.08,1.93747e+07
322,4,68,30.0162,2956.34,2.14789e+07
323,4,69,33.9952,2855.54,2.23114e+07
324,4,70,39.2561,2720.51,2.39801e+07
325,5,9,547,-691,403472
326,5,10,417.143,131.429,528950
327,5,11,314.286,817.143,676319
328,5,12,213.571,1522.14,933881
329,5,13,193,1673,900220
330,5,14,122.909,2210.36,1.1958e+06
331,5,15,136.364,2102.73,1.15817e+06
332,5,16,126.573,2184.31,1.12205e+06
333,5,17,130,2154.62,1.0802e+06
334,5,18,108.725,2346.09,1.15099e+06
335,5,19,105.429,2376.86,1.11536e+06
336,5,20,86.1176,2563.53,1.22787e+06
337,5,21,87.6471,2548.24,1.19237e+06
338,5,22,94.2002,2480.52,1.18493e+06
339,5,23,104.351,2372.25,1.22967e+06
340,5,24,98.1128,2440.86,1.23326e+06
341,5,25,76.8961,2681.32,1.68257e+06
342,5,26,71.7899,2740.89,1.6767e+06
343,5,27,70.9289,2751.23,1.64094e+06
344,5,28,61.3565,2869.28,1.76413e+06
345,5,29,59.8923,2887.83,1.73276e+06
346,5,30,60.0239,2886.12,1.69915e+06
347,5,31,69.4139,2760.92,1.89901e+06
348,5,32,70.2107,2750.03,1.86669e+06
349,5,33,60.3005,2888.77,2.16742e+06
350,5,34,65.3393,2816.55,2.22823e+06
351,5,35,49.4113,3050.16,3.28436e+06
352,5,36,36.0081,3251.21,4.09898e+06
353,5,37,19.4652,3504.87,5.50926e+06
354,5,38,14.8541,3577.11,5.55493e+06
355,5,39,10.0616,3653.79,5.62745e+06
356,5,40,4.53797,3744.01,5.77264e+06
357,5,41,-4.21053,3889.82,6.31328e+06
358,5,42,-6.89463,3935.44,6.29374e+06
359,5,43,-10.2368,3993.38,6.32151e+06
360,5,44,-17.272,4117.67,6.77033e+06
361,5,45,-3.71951,3873.72,8.8277e+06
362,5,46,-6.91759,3932.35,8.85182e+06
363,5,47,-3.42042,3867.07,8.91708e+06
364,5,48,-4.6413,3890.27,8.83748e+06
365,5,49,-7.60606,3947.59,8.88129e+06
366,5,50,-6.93247,3934.34,8.79218e+06
367,5,51,-9.80689,3991.83,8.85447e+06
368,5,52,-11.4188,4024.6,8.81473e+06
369,5,53,-14.0622,4079.23,8.87758e+06
370,5,54,-16.7208,4135.06,8.95488e+06
371,5,55,-18.5882,4174.9,8.95479e+06
372,5,56,-17.9873,4161.88,8.87805e+06
373,5,57,-16.5965,4131.28,8.84991e+06
374,5,58,-9.78578,3979.18,1.02028e+07
375,5,59,-8.09452,3940.84,1.02041e+07
376,5,60,-3.21702,3828.66,1.09497e+07
377,5,61,-6.01633,3893.98,1.11468e+07
378,5,62,-1.14368,3778.66,1.19963e+07
379,5,63,-1.64641,3790.72,1.19049e+07
380,5,64,0.475966,3739.08,1.20075e+07
381,5,65,8.28133,3546.55,1.48097e+07
382,5,66,15.5116,3365.79,1.73262e+07
383,5,67,21.7689,3207.27,1.92777e+07
384,5,68,28.1763,3042.82,2.14428e+07
385,5,69,32.3344,2934.71,2.23076e+07
386,5,70,37.805,2790.64,2.40204e+07
387,6,10,499,-578,509515
388,6,11,334.571,627.81,722668
389,6,12,199.286,1665,991881
390,6,13,177.143,1842.14,942381
391,6,14,95,2526.67,1.20337e+06
392,6,15,116.727,2338.36,1.17446e+06
393,6,16,108.727,2410.36,1.12617e+06
394,6,17,115.699,2345.29,1.08491e+06
395,6,18,93.3516,2561.32,1.13478e+06
396,6,19,91.7802,2577.03,1.09411e+06
397,6,20,71.7143,2784.38,1.18315e+06
398,6,21,75.2353,2746.82,1.1505e+06
399,6,22,84.0196,2650.2,1.15432e+06
400,6,23,96.4293,2509.55,1.2156e+06
401,6,24,90.3684,2580.26,1.21039e+06
402,6,25,67.8045,2851.03,1.63399e+06
403,6,26,63.0779,2909.32,1.61838e+06
404,6,27,62.9305,2911.19,1.5812e+06
405,6,28,53.2213,3037.41,1.68569e+06
406,6,29,52.313,3049.52,1.65162e+06
407,6,30,53.0615,3039.29,1.61937e+06
408,6,31,63.7094,2890.22,1.84807e+06
409,6,32,64.9878,2871.9,1.81782e+06
410,6,33,54.7427,3022.16,2.09914e+06
411,6,34,60.5123,2935.62,2.17556e+06
412,6,35,43.8443,3191.19,3.20301e+06
413,6,36,29.9355,3409.1,3.98388e+06
414,6,37,12.7383,3684.25,5.34736e+06
415,6,38,8.25535,3757.47,5.37388e+06
416,6,39,3.56914,3835.58,5.42572e+06
417,6,40,-1.89916,3928.54,5.54614e+06
418,6,41,-10.7761,4082.4,6.04682e+06
419,6,42,-13.2504,4126.12,6.01408e+06
420,6,43,-16.434,4183.42,6.02457e+06
421,6,44,-23.5121,4313.19,6.43562e+06
422,6,45,-8.96998,4041.73,8.61211e+06
423,6,46,-12.0679,4100.6,8.61828e+06
424,6,47,-8.15898,4025.02,8.70905e+06
425,6,48,-9.21625,4045.82,8.62261e+06
426,6,49,-12.1078,4103.65,8.64927e+06
427,6,50,-11.2042,4085.27,8.56587e+06
428,6,51,-14.0179,4143.42,8.61105e+06
429,6,52,-15.5192,4174.95,8.5616e+06
430,6,53,-18.1019,4230.05,8.60794e+06
431,6,54,-20.7041,4286.43,8.66817e+06
432,6,55,-22.4869,4325.65,8.65593e+06
433,6,56,-21.7095,4308.29,8.58593e+06
434,6,57,-20.1221,4272.31,8.57119e+06
435,6,58,-12.9213,4106.69,9.99157e+06
436,6,59,-11.0513,4063.06,1.00068e+07
437,6,60,-5.88889,3940.88,1.07953e+07
438,6,61,-8.69275,4008.17,1.09752e+07
439,6,62,-3.55522,3883.16,1.18673e+07
440,6,63,-3.99213,3893.94,1.17722e+07
441,6,64,-1.71829,3837.09,1.18908e+07
442,6,65,6.42039,3630.91,1.47663e+07
443,6,66,13.9487,3437.68,1.73435e+07
444,6,67,20.4583,3268.43,1.93401e+07
445,6,68,27.1107,3093.25,2.15477e+07
446,6,69,31.432,2978.02,2.24323e+07
447,6,70,37.0988,2825.02,2.41728e+07
448,7,11,99,2905,212565
449,7,12,-2.85714,3753.81,292873
450,7,13,26.4286,3500,286276
451,7,14,-38.5714,4085,393262
452,7,15,17.6667,3560.11,518365
453,7,16,27.8788,3461.39,499020
454,7,17,50.8182,3232,528154
455,7,18,35.5594,3389.67,537707
456,7,19,42.6374,3314.18,525884
457,7,20,26.7253,3489.21,568334
458,7,21,36.7143,3376,580322
459,7,22,51.4118,3204.53,647581
460,7,23,69.1176,2992.06,783356
461,7,24,65.418,3037.69,769622
462,7,25,43.1053,3320.32,1.11801e+06
463,7,26,40.3759,3355.8,1.09635e+06
464,7,27,42.3766,3329.12,1.07419e+06
465,7,28,33.6533,3448.34,1.14526e+06
466,7,29,34.3676,3438.34,1.12084e+06
467,7,30,36.6739,3405.28,1.1064e+06
468,7,31,49.4846,3217.39,1.41118e+06
469,7,32,51.9556,3180.33,1.39779e+06
470,7,33,41.917,3334.25,1.63638e+06
471,7,34,49.0148,3223.05,1.75765e+06
472,7,35,31.9901,3495.45,2.7104e+06
473,7,36,17.9444,3724.86,3.4204e+06
474,7,37,0.41129,4017.08,4.6884e+06
475,7,38,-3.58138,4084.96,4.69144e+06
476,7,39,-7.83422,4158.67,4.71715e+06
477,7,40,-12.9534,4249.11,4.80415e+06
478,7,41,-21.7059,4406.66,5.24352e+06
479,7,42,-23.7104,4443.41,5.19966e+06
480,7,43,-26.5007,4495.49,5.1919e+06
481,7,44,-33.4216,4626.99,5.54921e+06
482,7,45,-17.6255,4321.6,7.9119e+06
483,7,46,-20.4456,4377.06,7.89727e+06
484,7,47,-15.9373,4286.89,8.03723e+06
485,7,48,-16.6745,4301.88,7.94787e+06
486,7,49,-19.3537,4357.25,7.95398e+06
487,7,50,-18.0796,4330.5,7.88738e+06
488,7,51,-20.7128,4386.67,7.91169e+06
489,7,52,-21.9883,4414.31,7.85374e+06
490,7,53,-24.4056,4467.49,7.88031e+06
491,7,54,-26.8536,4522.16,7.91997e+06
492,7,55,-28.4582,4558.53,7.89521e+06
493,7,56,-27.4108,4534.44,7.8417e+06
494,7,57,-25.5376,4490.73,7.85312e+06
495,7,58,-17.8515,4308.83,9.37651e+06
496,7,59,-15.7249,4257.79,9.4186e+06
497,7,60,-10.1982,4123.31,1.02761e+07
498,7,61,-12.9473,4191.12,1.04317e+07
499,7,62,-7.47437,4054.29,1.13922e+07
500,7,63,-7.78908,4062.27,1.12956e+07
501,7,64,-5.30592,3998.53,1.14434e+07
502,7,65,3.23027,3776.59,1.443e+07
503,7,66,11.1159,3568.94,1.71021e+07
504,7,67,17.9318,3387.18,1.91735e+07
505,7,68,24.8803,3199.57,2.14532e+07
506,7,69,29.4096,3075.77,2.2377e+07
507,7,70,35.3166,2912.34,2.41702e+07
508,8,12,-172,5558,22289.1
509,8,13,-76.5714,4667.33,107095
510,8,14,-130.714,5190.71,150856
511,8,15,-37.381,4257.38,399820
512,8,16,-12.6667,4002,405458
513,8,17,22.9697,3621.88,473002
514,8,18,10,3764.55,467726
515,8,19,22.5175,3622.68,469374
516,8,20,7.25275,3800.77,494087
517,8,21,21.4505,3630.4,525140
518,8,22,40.1429,3399.86,616794
519,8,23,61.4706,3129.71,777641
520,8,24,58.2353,3171.76,759602
521,8,25,34.2415,3491.68,1.08883e+06
522,8,26,32.1579,3520.16,1.06301e+06
523,8,27,35.1805,3477.84,1.04425e+06
524,8,28,26.3117,3604.96,1.10278e+06
525,8,29,27.7583,3583.74,1.08006e+06
526,8,30,30.8399,3537.52,1.07035e+06
527,8,31,45.2043,3317.27,1.40301e+06
528,8,32,48.2154,3270.09,1.39274e+06
529,8,33,37.6923,3438.46,1.61978e+06
530,8,34,45.6288,3308.83,1.75496e+06
531,8,35,27.63,3608.81,2.69273e+06
532,8,36,12.9163,3858.95,3.38039e+06
533,8,37,-5.4505,4177.3,4.61551e+06
534,8,38,-9.32258,4245.71,4.60501e+06
535,8,39,-13.4824,4320.59,4.61593e+06
536,8,40,-18.5695,4413.85,4.68474e+06
537,8,41,-27.5065,4580.67,5.09346e+06
538,8,42,-29.2941,4614.64,5.04139e+06
539,8,43,-31.9292,4665.58,5.02183e+06
540,8,44,-38.9308,4803.28,5.35009e+06
541,8,45,-22.0133,4464.93,7.82504e+06
542,8,46,-24.753,4520.64,7.79729e+06
543,8,47,-19.8039,4418.36,7.96068e+06
544,8,48,-20.3885,4430.63,7.86698e+06
545,8,49,-23.0184,4486.74,7.86056e+06
546,8,50,-21.5146,4454.16,7.79983e+06
547,8,51,-24.1113,4511.28,7.81166e+06
548,8,52,-25.2925,4537.66,7.747e+06
549,8,53,-27.6713,4591.58,7.76154e+06
550,8,54,-30.0844,4647.08,7.78871e+06
551,8,55,-31.6213,4682.94,7.7553e+06
552,8,56,-30.402,4654.09,7.70836e+06
553,8,57,-28.3342,4604.46,7.73163e+06
554,8,58,-20.2371,4407.43,9.31242e+06
555,8,59,-17.9369,4350.69,9.36568e+06
556,8,60,-12.1182,4205.23,1.02574e+07
557,8,61,-14.898,4275.65,1.04011e+07
558,8,62,-9.15512,4128.25,1.1395e+07
559,8,63,-9.42105,4135.16,1.12953e+07
560,8,64,-6.79349,4065.97,1.14545e+07
561,8,65,2.08834,3829.12,1.44982e+07
562,8,66,10.28,3607.95,1.72148e+07
563,8,67,17.3509,3414.67,1.93164e+07
564,8,68,24.5463,3215.6,2.16226e+07
565,8,69,29.2325,3084.39,2.25551e+07
566,8,70,35.3327,2911.55,2.43613e+07
567,9,13,-75,4649,117291
568,9,14,-147.714,5400.38,157438
569,9,15,-22.8571,4068.57,420728
570,9,16,4.40476,3768.69,415628
571,9,17,44.1667,3318.06,465638
572,9,18,24.3636,3549.09,469026
573,9,19,36.5455,3402.91,461964
574,9,20,16.3986,3651.39,498148
575,9,21,31.3736,3461.7,520111
576,9,22,51.3187,3202.42,597941
577,9,23,74,2900,738831
578,9,24,68.7941,2971.15,726120
579,9,25,40.7353,3363.97,1.09397e+06
580,9,26,37.6987,3407.5,1.06877e+06
581,9,27,40.4561,3367.05,1.0459e+06
582,9,28,30.1729,3521.3,1.11376e+06
583,9,29,31.3896,3502.65,1.08849e+06
584,9,30,34.4212,3455.15,1.07503e+06
585,9,31,49.7233,3210.32,1.39728e+06
586,9,32,52.6087,3163.19,1.38219e+06
587,9,33,40.8923,3358.46,1.62789e+06
588,9,34,49.1932,3217.35,1.75439e+06
589,9,35,29.5971,3557.01,2.73036e+06
590,9,36,13.6918,3838,3.43815e+06
591,9,37,-5.99507,4192.37,4.69326e+06
592,9,38,-10.089,4267.42,4.67856e+06
593,9,39,-14.4677,4349.16,4.68504e+06
594,9,40,-19.8112,4450.69,4.74895e+06
595,9,41,-29.2146,4632.49,5.15233e+06
596,9,42,-31.0069,4667.73,5.09523e+06
597,9,43,-33.6947,4721.49,5.06987e+06
598,9,44,-40.9871,4869.77,5.38921e+06
599,9,45,-23.0441,4498.95,7.9205e+06
600,9,46,-25.8737,4558.37,7.88681e+06
601,9,47,-20.6134,4446.15,8.05501e+06
602,9,48,-21.1867,4458.57,7.95719e+06
603,9,49,-23.9059,4518.39,7.94572e+06
604,9,50,-22.2883,4482.27,7.88378e+06
605,9,51,-24.9698,4543.05,7.89081e+06
606,9,52,-26.1656,4570.55,7.82204e+06
607,9,53,-28.6113,4627.62,7.83164e+06
608,9,54,-31.0885,4686.24,7.85363e+06
609,9,55,-32.648,4723.67,7.81565e+06
610,9,56,-31.3352,4691.73,7.76895e+06
611,9,57,-29.1449,4637.7,7.79449e+06
612,9,58,-20.6915,4426.36,9.39981e+06
613,9,59,-18.2833,4365.36,9.45377e+06
614,9,60,-12.2274,4209.92,1.03552e+07
615,9,61,-15.108,4284.82,1.04974e+07
616,9,62,-9.14465,4127.78,1.15001e+07
617,9,63,-9.42063,4135.14,1.13975e+07
618,9,64,-6.69925,4061.67,1.15559e+07
619,9,65,2.49093,3810.47,1.46183e+07
620,9,66,10.9511,3576.4,1.73433e+07
621,9,67,18.239,3372.34,1.94437e+07
622,9,68,25.6446,3162.52,2.17442e+07
623,9,69,30.4484,3024.81,2.2664e+07
624,9,70,36.7062,2843.33,2.44554e+07
625,10,14,-133,5214,170205
626,10,15,28.5714,3382.86,404049
627,10,16,48.9286,3145.36,381386
628,10,17,87.5,2682.5,400938
629,10,18,53.6667,3099.78,431427
630,10,19,62.4242,2988.85,414624
631,10,20,33.9091,3359.55,476232
632,10,21,48.4615,3165.51,485098
633,10,22,68.8462,2886.92,542976
634,10,23,92.2637,2559.08,656596
635,10,24,83.9286,2678.55,656097
636,10,25,50.4706,3169.26,1.07931e+06
637,10,26,45.9314,3237.35,1.05728e+06
638,10,27,48.0805,3204.4,1.0303e+06
639,10,28,35.9123,3395.04,1.11254e+06
640,10,29,36.6767,3382.8,1.08489e+06
641,10,30,39.4935,3336.8,1.06719e+06
642,10,31,55.7256,3066.26,1.37427e+06
643,10,32,58.3399,3021.82,1.35415e+06
644,10,33,45.1696,3250.1,1.62424e+06
645,10,34,53.7923,3097.77,1.73963e+06
646,10,35,32.335,3484,2.7623e+06
647,10,36,15.0488,3800.91,3.49563e+06
648,10,37,-6.14122,4196.46,4.77626e+06
649,10,38,-10.5074,4279.42,4.75786e+06
650,10,39,-15.1502,4369.18,4.76044e+06
651,10,40,-20.7944,4480.18,4.8202e+06
652,10,41,-30.724,4678.77,5.21977e+06
653,10,42,-32.5334,4715.57,5.15769e+06
654,10,43,-35.2895,4772.53,5.12675e+06
655,10,44,-42.9076,4932.5,5.43821e+06
656,10,45,-23.861,4526.18,8.02428e+06
657,10,46,-26.7994,4589.84,7.98495e+06
658,10,47,-21.2135,4466.95,8.15675e+06
659,10,48,-21.7854,4479.73,8.05468e+06
660,10,49,-24.6107,4543.77,8.03857e+06
661,10,50,-22.8798,4503.95,7.97485e+06
662,10,51,-25.6608,4568.85,7.97752e+06
663,10,52,-26.8801,4597.7,7.90473e+06
664,10,53,-29.4045,4658.29,7.90982e+06
665,10,54,-31.9565,4720.39,7.92706e+06
666,10,55,-33.5461,4759.6,7.88472e+06
667,10,56,-32.1392,4724.42,7.83784e+06
668,10,57,-29.8241,4665.78,7.86504e+06
669,10,58,-20.998,4439.24,9.49301e+06
670,10,59,-18.4812,4373.8,9.54684e+06
671,10,60,-12.1801,4207.87,1.04562e+07
672,10,61,-15.1733,4287.69,1.05977e+07
673,10,62,-8.98242,4120.54,1.16072e+07
674,10,63,-9.27463,4128.52,1.15019e+07
675,10,64,-6.4596,4050.64,1.16585e+07
676,10,65,3.05024,3784.37,1.47364e+07
677,10,66,11.7877,3536.81,1.74667e+07
678,10,67,19.298,3321.51,1.95627e+07
679,10,68,26.9188,3100.51,2.18541e+07
680,10,69,31.8402,2956.14,2.27591e+07
681,10,70,38.2575,2765.76,2.45327e+07
682,11,15,89,2557,404509
683,11,16,96,2470.67,369731
684,11,17,132.143,2012.86,365346
685,11,18,78.6905,2707.74,426603
686,11,19,83.8333,2639.17,403439
687,11,20,45.3333,3165.33,485857
688,11,21,60.4545,2953.64,485997
689,11,22,82.2378,2641.41,530599
690,11,23,107.198,2275.33,625092
691,11,24,95.5385,2450.22,635416
692,11,25,56.0714,3055.38,1.10185e+06
693,11,26,50.2647,3146.35,1.08024e+06
694,11,27,52.1569,3116.08,1.04976e+06
695,11,28,38.1837,3344.31,1.1391e+06
696,11,29,38.7895,3334.21,1.10899e+06
697,11,30,41.6767,3285.13,1.08834e+06
698,11,31,59.2468,2980.58,1.39063e+06
699,11,32,61.7787,2935.85,1.36673e+06
700,11,33,47.164,3198.91,1.65218e+06
701,11,34,56.3391,3030.7,1.76231e+06
702,11,35,32.9615,3467.08,2.81608e+06
703,11,36,14.2974,3821.7,3.5607e+06
704,11,37,-8.40659,4260.65,4.84826e+06
705,11,38,-12.9228,4349.47,4.82193e+06
706,11,39,-17.7192,4445.39,4.81611e+06
707,11,40,-23.5684,4564.33,4.8662e+06
708,11,41,-33.9597,4779.08,5.25199e+06
709,11,42,-35.68,4815.21,5.18355e+06
710,11,43,-38.4124,4873.5,5.14459e+06
711,11,44,-46.2949,5044.29,5.44033e+06
712,11,45,-25.9664,4597.06,8.10512e+06
713,11,46,-28.9511,4663.72,8.05713e+06
714,11,47,-22.9469,4527.62,8.23915e+06
715,11,48,-23.4577,4539.37,8.13234e+06
716,11,49,-26.3421,4606.67,8.10857e+06
717,11,50,-24.4381,4561.61,8.04527e+06
718,11,51,-27.2787,4629.79,8.04059e+06
719,11,52,-28.4791,4658.99,7.96258e+06
720,11,53,-31.0465,4722.33,7.96042e+06
721,11,54,-33.6399,4787.16,7.97016e+06
722,11,55,-35.2253,4827.32,7.92187e+06
723,11,56,-33.6842,4787.77,7.87692e+06
724,11,57,-31.2049,4723.31,7.90899e+06
725,11,58,-21.9534,4479.69,9.57115e+06
726,11,59,-19.2949,4408.79,9.62801e+06
727,11,60,-12.7092,4230.98,1.05531e+07
728,11,61,-15.7991,4315.43,1.06904e+07
729,11,62,-9.34603,4136.9,1.17144e+07
730,11,63,-9.63554,4145.01,1.16058e+07
731,11,64,-6.70288,4061.91,1.1764e+07
732,11,65,3.16162,3779.13,1.48693e+07
733,11,66,12.2071,3516.81,1.76153e+07
734,11,67,19.9663,3289.21,1.97156e+07
735,11,68,27.8268,3056.02,2.20065e+07
736,11,69,32.8843,2904.29,2.29018e+07
737,11,70,39.4807,2704.2,2.46645e+07
738,12,16,166,1444,353889
739,12,17,190.857,1112.57,328941
740,12,18,105.357,2281.07,433481
741,12,19,105.119,2284.4,405486
742,12,20,53.3333,3026.67,507444
743,12,21,69.8788,2784,500449
744,12,22,93.9091,2423.55,534616
745,12,23,121.084,2006.86,613470
746,12,24,105.495,2251.1,634384
747,12,25,58.967,2995.54,1.13781e+06
748,12,26,52,3109.33,1.11443e+06
749,12,27,53.9118,3077.47,1.08049e+06
750,12,28,38.0882,3346.47,1.17212e+06
751,12,29,38.7719,3334.62,1.13938e+06
752,12,30,41.9649,3278.21,1.11654e+06
753,12,31,61.2632,2930.84,1.42054e+06
754,12,32,63.8442,2883.52,1.3934e+06
755,12,33,47.7132,3184.64,1.68886e+06
756,12,34,57.6383,2996.06,1.79725e+06
757,12,35,32.2043,3487.78,2.87299e+06
758,12,36,12.1077,3883.02,3.62e+06
759,12,37,-12.1744,4368.66,4.90262e+06
760,12,38,-16.746,4461.61,4.86587e+06
761,12,39,-21.6119,4562.18,4.84904e+06
762,12,40,-27.5961,4687.84,4.88619e+06
763,12,41,-38.4116,4918.57,5.25206e+06
764,12,42,-39.9556,4952.03,5.17692e+06
765,12,43,-42.5916,5010.02,5.1289e+06
766,12,44,-50.6985,5191.07,5.4043e+06
767,12,45,-28.9152,4697.32,8.16488e+06
768,12,46,-31.902,4766.01,8.10661e+06
769,12,47,-25.4003,4614.31,8.30343e+06
770,12,48,-25.8061,4623.91,8.19179e+06
771,12,49,-28.7187,4693.81,8.15874e+06
772,12,50,-26.5951,4642.14,8.09746e+06
773,12,51,-29.47,4713.05,8.08383e+06
774,12,52,-30.622,4741.85,8.0001e+06
775,12,53,-33.2096,4807.41,7.98929e+06
776,12,54,-35.823,4874.49,7.99011e+06
777,12,55,-37.3813,4915,7.93515e+06
778,12,56,-35.6759,4870.09,7.89365e+06
779,12,57,-33.0022,4798.79,7.93271e+06
780,12,58,-23.2805,4536.31,9.63615e+06
781,12,59,-20.4559,4459.1,9.69791e+06
782,12,60,-13.5541,4268.15,1.06432e+07
783,12,61,-16.7337,4357.18,1.07745e+07
784,12,62,-9.99095,4166.14,1.18174e+07
785,12,63,-10.2668,4174.04,1.17052e+07
786,12,64,-7.19965,4085.1,1.18667e+07
787,12,65,3.0486,3784.48,1.5006e+07
788,12,66,12.4271,3506.25,1.7773e+07
789,12,67,20.4556,3265.4,1.98818e+07
790,12,68,28.5747,3019.12,2.21762e+07
791,12,69,33.7808,2859.46,2.30641e+07
792,12,70,40.5704,2648.99,2.48188e+07
793,13,17,184,1220,359846
794,13,18,72.2857,2821.24,447376
795,13,19,81.4286,2687.14,415664
796,13,20,22.619,3569.29,491532
797,13,21,49.6667,3154.56,497561
798,13,22,82.5455,2639.45,547234
799,13,23,116.727,2092.55,638021
800,13,24,99.2657,2377.75,652814
801,13,25,46.5385,3256.54,1.14177e+06
802,13,26,40.3516,3361.71,1.10955e+06
803,13,27,44.0714,3297.24,1.07626e+06
804,13,28,27.5,3590,1.15101e+06
805,13,29,29.5098,3553.82,1.11864e+06
806,13,30,34.0867,3469.91,1.09989e+06
807,13,31,56.2456,3056.28,1.4344e+06
808,13,32,59.5865,2992.8,1.40804e+06
809,13,33,42.3247,3326.53,1.6912e+06
810,13,34,53.642,3103.96,1.81352e+06
811,13,35,26.3439,3649.92,2.87438e+06
812,13,36,5.06087,4082.68,3.59362e+06
813,13,37,-20.6,4613,4.83359e+06
814,13,38,-24.8752,4702.78,4.78166e+06
815,13,39,-29.4994,4801.43,4.74845e+06
816,13,40,-35.3476,4928.14,4.76522e+06
817,13,41,-46.3744,5170.73,5.09486e+06
818,13,42,-47.4905,5195.66,5.014e+06
819,13,43,-49.8105,5248.24,4.95564e+06
820,13,44,-57.9729,5435.98,5.19889e+06
821,13,45,-34.4285,4886.61,8.10297e+06
822,13,46,-37.2666,4953.78,8.03114e+06
823,13,47,-30.0868,4781.46,8.25775e+06
824,13,48,-30.2548,4785.55,8.14246e+06
825,13,49,-33.0844,4855.35,8.09645e+06
826,13,50,-30.6193,4793.72,8.04326e+06
827,13,51,-33.4352,4865.06,8.01683e+06
828,13,52,-34.4465,4891.01,7.9269e+06
829,13,53,-36.9739,4956.72,7.90407e+06
830,13,54,-39.5325,5024.1,7.89252e+06
831,13,55,-40.9906,5062.98,7.82955e+06
832,13,56,-39.0437,5010.42,7.79683e+06
833,13,57,-36.1014,4930,7.8501e+06
834,13,58,-25.8224,4645.61,9.61675e+06
835,13,59,-22.7694,4560.12,9.69026e+06
836,13,60,-15.4836,4353.69,1.0671e+07
837,13,61,-18.7143,4446.31,1.07905e+07
838,13,62,-11.6226,4240.65,1.1867e+07
839,13,63,-11.8452,4247.18,1.17513e+07
840,13,64,-8.59942,4150.89,1.1923e+07
841,13,65,2.08837,3830.25,1.51181e+07
842,13,66,11.8498,3534.15,1.79257e+07
843,13,67,20.1912,3278.35,2.00593e+07
844,13,68,28.6097,3017.38,2.23733e+07
845,13,69,33.9973,2848.57,2.32636e+07
846,13,70,41.0136,2626.39,2.50235e+07
847,14,18,141,1676,440805
848,14,19,130.286,1840.29,403492
849,14,20,40.7143,3243.57,515074
850,14,21,70,2775,507278
851,14,22,105.667,2192.44,537632
852,14,23,142.061,1585.88,602189
853,14,24,116.818,2015,637564
854,14,25,52.3776,3131.97,1.18182e+06
855,14,26,44.3407,3273.96,1.14741e+06
856,14,27,48.022,3207.69,1.10897e+06
857,14,28,28.7143,3561.67,1.18816e+06
858,14,29,30.8235,3522.29,1.15219e+06
859,14,30,35.7843,3428.04,1.12997e+06
860,14,31,60.2167,2955.68,1.4617e+06
861,14,32,63.4912,2891.28,1.43066e+06
862,14,33,44.1128,3278.85,1.72947e+06
863,14,34,56.3377,3030.28,1.84683e+06
864,14,35,26.3128,3650.79,2.93898e+06
865,14,36,3.18182,4136.54,3.6647e+06
866,14,37,-24.4609,4726.25,4.90293e+06
867,14,38,-28.7692,4819.6,4.84087e+06
868,14,39,-33.4496,4922.57,4.79713e+06
869,14,40,-39.4383,5056.32,4.80167e+06
870,14,41,-50.9606,5317.49,5.11242e+06
871,14,42,-51.8374,5337.66,5.02611e+06
872,14,43,-54.0222,5388.63,4.95991e+06
873,14,44,-62.4395,5587.84,5.18432e+06
874,14,45,-37.1444,4980.76,8.18829e+06
875,14,46,-39.99,5050,8.10685e+06
876,14,47,-32.2277,4858.53,8.34744e+06
877,14,48,-32.2829,4859.91,8.22735e+06
878,14,49,-35.157,4932.72,8.1729e+06
879,14,50,-32.4467,4863.16,8.12112e+06
880,14,51,-35.3146,4937.72,8.08672e+06
881,14,52,-36.2814,4963.18,7.99149e+06
882,14,53,-38.8433,5031.5,7.96103e+06
883,14,54,-41.4355,5101.49,7.94165e+06
884,14,55,-42.8725,5140.77,7.87275e+06
885,14,56,-40.7475,5081.98,7.84299e+06
886,14,57,-37.5941,4993.68,7.90226e+06
887,14,58,-26.7918,4687.62,9.70636e+06
888,14,59,-23.564,4595.09,9.78295e+06
889,14,60,-15.9343,4373.83,1.07798e+07
890,14,61,-19.2808,4471.99,1.08952e+07
891,14,62,-11.8765,4252.33,1.19859e+07
892,14,63,-12.098,4258.97,1.18666e+07
893,14,64,-8.71493,4156.35,1.2039e+07
894,14,65,2.38837,3815.85,1.52601e+07
895,14,66,12.5069,3502.18,1.80805e+07
896,14,67,21.1328,3231.9,2.02146e+07
897,14,68,29.8232,2956.7,2.25235e+07
898,14,69,35.3599,2779.53,2.34002e+07
899,14,70,42.5745,2546.26,2.51441e+07
900,15,19,-42,4884,132268
901,15,20,-104,5896.67,157361
902,15,21,-25,4580,255769
903,15,22,43.3333,3418.33,377925
904,15,23,101.667,2407.22,515107
905,15,24,79.4545,2799.64,522998
906,15,25,10.0909,4048.18,977379
907,15,26,7.76224,4090.87,936515
908,15,27,17.6374,3906.54,917824
909,15,28,-0.0879121,4243.32,960850
910,15,29,6.14286,4122.86,940431
911,15,30,14.8088,3952.43,940358
912,15,31,44.5833,3356.94,1.35091e+06
913,15,32,49.9587,3247.64,1.33044e+06
914,15,33,29.9649,3660.84,1.59118e+06
915,15,34,44.8271,3348.74,1.74796e+06
916,15,35,13.039,4026.88,2.78117e+06
917,15,36,-10.9881,4547.47,3.44381e+06
918,15,37,-39.8024,5181.38,4.59451e+06
919,15,38,-43.1913,5257.07,4.51754e+06
920,15,39,-47.0923,5345.49,4.4566e+06
921,15,40,-52.4923,5469.69,4.43697e+06
922,15,41,-63.9011,5735.9,4.69595e+06
923,15,42,-63.9163,5736.26,4.61133e+06
924,15,43,-65.4187,5772.32,4.53879e+06
925,15,44,-73.6374,5972.3,4.72119e+06
926,15,45,-45.9879,5290.28,7.93612e+06
927,15,46,-48.4586,5352.05,7.84058e+06
928,15,47,-39.7126,5130.48,8.13255e+06
929,15,48,-39.3308,5120.68,8.01293e+06
930,15,49,-41.9664,5189.21,7.94374e+06
931,15,50,-38.7272,5103.91,7.90963e+06
932,15,51,-41.4106,5175.47,7.86027e+06
933,15,52,-42.1075,5194.28,7.76048e+06
934,15,53,-44.502,5259.74,7.71628e+06
935,15,54,-46.9409,5327.21,7.68271e+06
936,15,55,-48.1794,5361.89,7.60632e+06
937,15,56,-45.7005,5291.65,7.59323e+06
938,15,57,-42.17,5190.45,7.67644e+06
939,15,58,-30.6688,4856.91,9.56953e+06
940,15,59,-27.1252,4752.96,9.66625e+06
941,15,60,-19.0089,4512.18,1.07155e+07
942,15,61,-22.367,4612.93,1.08143e+07
943,15,62,-14.5256,4375.07,1.19546e+07
944,15,63,-14.648,4378.82,1.18323e+07
945,15,64,-11.0276,4266.59,1.20222e+07
946,15,65,0.60181,3902.2,1.53218e+07
947,15,66,11.1782,3567.28,1.82019e+07
948,15,67,20.1798,3279.23,2.0376e+07
949,15,68,29.2274,2986.69,2.27193e+07
950,15,69,34.987,2798.55,2.36071e+07
951,15,70,42.4727,2551.52,2.53672e+07
952,16,20,-100,5822,172213
953,16,21,4,4019.33,260239
954,16,22,83.5714,2613.57,352614
955,16,23,146.429,1482.14,447179
956,16,24,109.333,2162.22,485821
957,16,25,20.1212,3827.52,1.01458e+06
958,16,26,15.5455,3914.45,969452
959,16,27,25.7692,3716.79,942562
960,16,28,4.06593,4143.63,992766
961,16,29,10.5934,4013.08,967016
962,16,30,19.8214,3825.44,960904
963,16,31,52.6912,3146.13,1.35896e+06
964,16,32,57.7451,3040,1.33102e+06
965,16,33,34.6646,3532.38,1.61797e+06
966,16,34,50.5965,3187.19,1.7629e+06
967,16,35,15.0526,3969.16,2.84543e+06
968,16,36,-11.4545,4561.15,3.52458e+06
969,16,37,-42.8458,5272.69,4.68378e+06
970,16,38,-46.2648,5351.32,4.59809e+06
971,16,39,-50.2348,5443.96,4.52841e+06
972,16,40,-55.8154,5576.03,4.499e+06
973,16,41,-67.8462,5864.77,4.74374e+06
974,16,42,-67.5702,5858.05,4.65527e+06
975,16,43,-68.919,5891.32,4.57682e+06
976,16,44,-77.4631,6104.93,4.74489e+06
977,16,45,-47.7152,5351.31,8.05425e+06
978,16,46,-50.2339,5415.96,7.95059e+06
979,16,47,-40.8303,5171.47,8.25182e+06
980,16,48,-40.3576,5159.02,8.12703e+06
981,16,49,-43.0879,5231.83,8.05125e+06
982,16,50,-39.5994,5137.64,8.01617e+06
983,16,51,-42.3835,5213.74,7.96093e+06
984,16,52,-43.0654,5232.6,7.85638e+06
985,16,53,-45.5356,5301.77,7.80659e+06
986,16,54,-48.0466,5372.91,7.76737e+06
987,16,55,-49.2917,5408.61,7.68621e+06
988,16,56,-46.6376,5331.64,7.67399e+06
989,16,57,-42.8944,5221.84,7.75996e+06
990,16,58,-30.8245,4863.76,9.67979e+06
991,16,59,-27.1128,4752.41,9.77547e+06
992,16,60,-18.6364,4495.29,1.08315e+07
993,16,61,-22.1566,4603.25,1.09303e+07
994,16,62,-13.9905,4350.1,1.20752e+07
995,16,63,-14.1403,4354.79,1.19492e+07
996,16,64,-10.3929,4236.12,1.21347e+07
997,16,65,1.67635,3849.91,1.54447e+07
998,16,66,12.6253,3495.89,1.83223e+07
999,16,67,21.9175,3192.35,2.04827e+07
1000,16,68,31.2409,2884.67,2.2806e+07
1001,16,69,37.1393,2688.06,2.36703e+07
1002,16,70,44.8189,2429.51,2.54013e+07
1003,17,21,-12,4334,282406
1004,17,22,99.4286,2291.14,376076
1005,17,23,175.714,867.143,450825
1006,17,24,122.024,1887.26,507319
1007,17,25,10.1667,4049.83,1.0622e+06
1008,17,26,6.66667,4118.67,1.00854e+06
1009,17,27,20.3636,3844.73,980275
1010,17,28,-4.05594,4341.26,1.0206e+06
1011,17,29,4.72527,4159.78,994829
1012,17,30,16.1099,3920.7,990163
1013,17,31,53.8571,3115.43,1.40297e+06
1014,17,32,59.3971,2995.4,1.37059e+06
1015,17,33,33.4069,3567.18,1.66388e+06
1016,17,34,51.2487,3168.71,1.81089e+06
1017,17,35,11.8947,4060.74,2.91022e+06
1018,17,36,-16.9474,4724.11,3.57872e+06
1019,17,37,-50.8052,5514.12,4.71239e+06
1020,17,38,-53.8114,5585.27,4.61542e+06
1021,17,39,-57.4704,5673.08,4.53374e+06
1022,17,40,-62.913,5805.52,4.48928e+06
1023,17,41,-75.3385,6112.02,4.70633e+06
1024,17,42,-74.465,6090.18,4.61669e+06
1025,17,43,-75.4029,6113.94,4.5327e+06
1026,17,44,-84.0941,6337.01,4.67705e+06
1027,17,45,-51.8374,5498.34,8.12575e+06
1028,17,46,-54.2492,5561.85,8.01145e+06
1029,17,47,-43.9798,5288,8.33525e+06
1030,17,48,-43.2808,5269.13,8.20633e+06
1031,17,49,-45.9993,5343.43,8.12081e+06
1032,17,50,-42.1345,5236.5,8.08992e+06
1033,17,51,-44.9328,5314.86,8.02549e+06
1034,17,52,-45.5109,5331.24,7.91569e+06
1035,17,53,-47.9825,5402.09,7.85741e+06
1036,17,54,-50.4968,5475,7.80957e+06
1037,17,55,-51.6802,5509.72,7.72246e+06
1038,17,56,-48.7739,5423.5,7.71548e+06
1039,17,57,-44.7439,5302.6,7.81007e+06
1040,17,58,-32.0112,4916.37,9.77469e+06
1041,17,59,-28.0716,4795.56,9.87456e+06
1042,17,60,-19.1663,4519.49,1.09492e+07
1043,17,61,-22.8195,4633.96,1.10433e+07
1044,17,62,-14.2695,4363.21,1.22043e+07
1045,17,63,-14.4137,4367.83,1.20742e+07
1046,17,64,-10.4988,4241.24,1.22602e+07
1047,17,65,2.06735,3830.75,1.55979e+07
1048,17,66,13.4387,3455.5,1.84877e+07
1049,17,67,23.0633,3134.67,2.06467e+07
1050,17,68,32.7013,2810.2,2.29619e+07
1051,17,69,38.7671,2603.96,2.38098e+07
1052,17,70,46.6709,2332.6,2.55212e+07
1053,18,22,237,-552,214479
1054,18,23,292.857,-1631.9,225512
1055,18,24,190.357,383.929,394097
1056,18,25,33.4524,3522.02,1.09979e+06
1057,18,26,24,3714.22,1.04107e+06
1058,18,27,36.9697,3446.18,999344
1059,18,28,5.09091,4115.64,1.05395e+06
1060,18,29,13.8112,3929.6,1.01955e+06
1061,18,30,25.5495,3675.27,1.00505e+06
1062,18,31,67.3407,2755.87,1.39326e+06
1063,18,32,71.8214,2655.8,1.3523e+06
1064,18,33,41.0294,3353.75,1.68546e+06
1065,18,34,60.0735,2915.74,1.81458e+06
1066,18,35,15.3664,3958.9,2.98079e+06
1067,18,36,-16.8772,4722,3.67168e+06
1068,18,37,-54.1278,5616.02,4.81672e+06
1069,18,38,-57.1039,5688.43,4.71007e+06
1070,18,39,-60.7962,5779.51,4.61893e+06
1071,18,40,-66.4229,5920.18,4.56417e+06
1072,18,41,-79.5913,6253.78,4.76658e+06
1073,18,42,-78.3077,6220.83,4.67356e+06
1074,18,43,-79.0222,6239.41,4.58398e+06
1075,18,44,-88.0891,6478.17,4.71425e+06
1076,18,45,-53.243,5548.94,8.26276e+06
1077,18,46,-55.7241,5615.93,8.13993e+06
1078,18,47,-44.6719,5313.84,8.47094e+06
1079,18,48,-43.8831,5292.01,8.33587e+06
1080,18,49,-46.7339,5371.83,8.24378e+06
1081,18,50,-42.5902,5254.43,8.21032e+06
1082,18,51,-45.5264,5338.6,8.14029e+06
1083,18,52,-46.1036,5355.34,8.02536e+06
1084,18,53,-48.6795,5430.9,7.96181e+06
1085,18,54,-51.2921,5508.41,7.9087e+06
1086,18,55,-52.4959,5544.52,7.81683e+06
1087,18,56,-49.3988,5450.58,7.80955e+06
1088,18,57,-45.136,5319.85,7.90528e+06
1089,18,58,-31.7631,4905.29,9.89238e+06
1090,18,59,-27.6477,4776.34,9.98891e+06
1091,18,60,-18.3479,4481.85,1.10657e+07
1092,18,61,-22.2044,4605.25,1.11619e+07
1093,18,62,-13.3017,4317.4,1.23226e+07
1094,18,63,-13.4943,4323.69,1.21885e+07
1095,18,64,-9.4519,4190.29,1.23674e+07
1096,18,65,3.59422,3755.42,1.57079e+07
1097,18,66,15.3673,3359.06,1.85869e+07
1098,18,67,25.2999,3021.36,2.07245e+07
1099,18,68,35.2281,2680.49,2.30114e+07
1100,18,69,41.43,2465.49,2.38303e+07
1101,18,70,49.5315,2181.93,2.55052e+07
1102,19,23,326,-2350,235574
1103,19,24,178.286,653.524,422897
1104,19,25,-20,4751.43,1.08502e+06
1105,19,26,-18.4524,4718.93,1.01501e+06
1106,19,27,6.83333,4179.5,986799
1107,19,28,-25.3939,4877.76,1.00842e+06
1108,19,29,-9.54545,4529.09,986478
1109,19,30,8.04196,4136.31,987043
1110,19,31,58.956,2982.25,1.42811e+06
1111,19,32,65.2747,2836.92,1.38587e+06
1112,19,33,31.25,3630.83,1.70156e+06
1113,19,34,53.8971,3094.85,1.85097e+06
1114,19,35,4.65686,4276.62,2.99533e+06
1115,19,36,-29.9794,5119.43,3.6416e+06
1116,19,37,-69.7719,6100.98,4.71783e+06
1117,19,38,-71.4812,6143.71,4.60098e+06
1118,19,39,-74.1558,6211.47,4.49771e+06
1119,19,40,-79.0796,6337.85,4.42481e+06
1120,19,41,-92.2925,6681.38,4.58542e+06
1121,19,42,-89.8435,6616.89,4.4992e+06
1122,19,43,-89.6923,6612.86,4.40835e+06
1123,19,44,-98.6359,6854.34,4.50628e+06
1124,19,45,-60.4274,5809.97,8.2571e+06
1125,19,46,-62.5725,5869.32,8.12208e+06
1126,19,47,-50.2857,5525.29,8.49299e+06
1127,19,48,-49.0701,5490.85,8.3559e+06
1128,19,49,-51.7702,5568.25,8.25141e+06
1129,19,50,-47.0528,5431.45,8.22878e+06
1130,19,51,-49.8964,5514.86,8.14666e+06
1131,19,52,-50.2506,5525.37,8.02671e+06
1132,19,53,-52.7367,5599.95,7.95224e+06
1133,19,54,-55.269,5676.76,7.88807e+06
1134,19,55,-56.3229,5709.08,7.78973e+06
1135,19,56,-52.8614,5601.77,7.79314e+06
1136,19,57,-48.2024,5455.79,7.90434e+06
1137,19,58,-34.0075,5006.29,9.95584e+06
1138,19,59,-29.5819,4864.67,1.00619e+07
1139,19,60,-19.7472,4546.68,1.11693e+07
1140,19,61,-23.7179,4676.39,1.12563e+07
1141,19,62,-14.3418,4366.98,1.24441e+07
1142,19,63,-14.4967,4372.14,1.23054e+07
1143,19,64,-10.235,4228.66,1.24893e+07
1144,19,65,3.39963,3765.09,1.58733e+07
1145,19,66,15.6714,3343.76,1.87774e+07
1146,19,67,25.9969,2985.81,2.09233e+07
1147,19,68,36.2944,2625.4,2.32113e+07
1148,19,69,42.6977,2399.14,2.40189e+07
1149,19,70,51.0621,2100.81,2.56808e+07
1150,20,24,250,-972,409594
1151,20,25,-38.2857,5178.1,1.16558e+06
1152,20,26,-31.0714,5021.79,1.08004e+06
1153,20,27,3.69048,4257.02,1.04617e+06
1154,20,28,-35,5121.11,1.0562e+06
1155,20,29,-14.0606,4646.48,1.0325e+06
1156,20,30,7.54545,4149.55,1.0309e+06
1157,20,31,67.028,2761.62,1.47387e+06
1158,20,32,73.0769,2618.46,1.42282e+06
1159,20,33,33.0769,3578.46,1.76019e+06
1160,20,34,58.5,2959.83,1.90299e+06
1161,20,35,2.52941,4340.44,3.08521e+06
1162,20,36,-35.9314,5301.96,3.72497e+06
1163,20,37,-79.484,6405.29,4.7753e+06
1164,20,38,-80.3509,6427.54,4.64849e+06
1165,20,39,-82.406,6480.98,4.53456e+06
1166,20,40,-87.013,6602.29,4.44786e+06
1167,20,41,-100.706,6967.44,4.58157e+06
1168,20,42,-97.3123,6875.81,4.49788e+06
1169,20,43,-96.5261,6854.32,4.40424e+06
1170,20,44,-105.638,7106.43,4.48077e+06
1171,20,45,-63.9521,5939.21,8.38113e+06
1172,20,46,-65.9951,5997.1,8.23542e+06
1173,20,47,-52.5862,5612.71,8.62504e+06
1174,20,48,-51.1281,5570.42,8.48225e+06
1175,20,49,-53.871,5650.88,8.36849e+06
1176,20,50,-48.7137,5497.88,8.34693e+06
1177,20,51,-51.6312,5585.41,8.25652e+06
1178,20,52,-51.9017,5593.61,8.13085e+06
1179,20,53,-54.437,5671.36,8.04887e+06
1180,20,54,-57.0168,5751.34,7.97723e+06
1181,20,55,-58.0322,5783.15,7.87322e+06
1182,20,56,-54.2911,5664.68,7.87932e+06
1183,20,57,-49.3117,5505.34,7.99551e+06
1184,20,58,-34.332,5021,1.00815e+07
1185,20,59,-29.6689,4868.67,1.01868e+07
1186,20,60,-19.3502,4528.15,1.13027e+07
1187,20,61,-23.5289,4667.44,1.1389e+07
1188,20,62,-13.7255,4337.4,1.25822e+07
1189,20,63,-13.9154,4343.85,1.24389e+07
1190,20,64,-9.49012,4191.92,1.26175e+07
1191,20,65,4.7049,3699.82,1.60123e+07
1192,20,66,17.4433,3253.98,1.89115e+07
1193,20,67,28.1253,2876.55,2.10397e+07
1194,20,68,38.7561,2497.38,2.33027e+07
1195,20,69,45.3172,2261.19,2.40828e+07
1196,20,70,53.9068,1949.1,2.57102e+07
1197,21,25,-279,10875,672193
1198,21,26,-189.143,8868.19,690540
1199,21,27,-99.2857,6831.43,781733
1200,21,28,-121.905,7351.67,746439
1201,21,29,-77,6303.89,797850
1202,21,30,-38.4848,5392.36,860108
1203,21,31,40.1818,3504.36,1.43582e+06
1204,21,32,51.7133,3223.76,1.39299e+06
1205,21,33,8.84615,4281.15,1.67846e+06
1206,21,34,41.3626,3468.24,1.87455e+06
1207,21,35,-19.7857,5017.33,2.98238e+06
1208,21,36,-60.2647,6056.29,3.53764e+06
1209,21,37,-106.078,7247.45,4.47049e+06
1210,21,38,-104.087,7195,4.34695e+06
1211,21,39,-103.86,7188.95,4.23105e+06
1212,21,40,-106.782,7267.85,4.13154e+06
1213,21,41,-119.896,7626.3,4.21498e+06
1214,21,42,-114.449,7475.61,4.15541e+06
1215,21,43,-112.105,7409.96,4.07219e+06
1216,21,44,-120.678,7652.88,4.11299e+06
1217,21,45,-74.4538,6327.78,8.28904e+06
1218,21,46,-75.8462,6368.15,8.13252e+06
1219,21,47,-60.7143,5924.29,8.582e+06
1220,21,48,-58.5714,5860.71,8.44109e+06
1221,21,49,-60.9901,5933.28,8.31413e+06
1222,21,50,-55.0145,5752.01,8.31114e+06
1223,21,51,-57.7137,5834.79,8.20737e+06
1224,21,52,-57.621,5831.92,8.07815e+06
1225,21,53,-59.9632,5905.31,7.98434e+06
1226,21,54,-62.3697,5981.51,7.90071e+06
1227,21,55,-63.1373,6006.07,7.79094e+06
1228,21,56,-58.9048,5869.22,7.81343e+06
1229,21,57,-53.4068,5689.62,7.95166e+06
1230,21,58,-37.4231,5162.16,1.01189e+07
1231,21,59,-32.3623,4993.47,1.02382e+07
1232,21,60,-21.3931,4624.17,1.13938e+07
1233,21,61,-25.676,4769.79,1.14678e+07
1234,21,62,-15.3035,4413.67,1.26963e+07
1235,21,63,-15.4289,4418.01,1.2548e+07
1236,21,64,-10.7336,4253.68,1.27347e+07
1237,21,65,4.14756,3727.88,1.61838e+07
1238,21,66,17.4641,3252.92,1.91159e+07
1239,21,67,28.5997,2852.04,2.12578e+07
1240,21,68,39.6537,2450.41,2.35264e+07
1241,21,69,46.4459,2201.36,2.42969e+07
1242,21,70,55.334,1872.5,2.5914e+07
1243,22,26,-323,12170,569477
1244,22,27,-158.571,8333.33,777406
1245,22,28,-170.714,8620.71,722339
1246,22,29,-102.381,6980.71,814361
1247,22,30,-49.6667,5698,897464
1248,22,31,46.9697,3314.3,1.5011e+06
1249,22,32,59.3636,3004.45,1.44652e+06
1250,22,33,8.07692,4303.72,1.74688e+06
1251,22,34,45.7143,3337.69,1.94053e+06
1252,22,35,-24.7912,5170.84,3.07894e+06
1253,22,36,-70,6361.33,3.61483e+06
1254,22,37,-120.324,7703.29,4.50458e+06
1255,22,38,-116.422,7597.94,4.37762e+06
1256,22,39,-114.799,7553.58,4.25589e+06
1257,22,40,-116.877,7611.09,4.14558e+06
1258,22,41,-130.293,7986.74,4.2012e+06
1259,22,42,-123.338,7789.66,4.15143e+06
1260,22,43,-119.972,7693.17,4.07024e+06
1261,22,44,-128.607,7943.59,4.09091e+06
1262,22,45,-77.8696,6455.3,8.43623e+06
1263,22,46,-79.1,6491.8,8.2688e+06
1264,22,47,-62.5538,5995.42,8.73642e+06
1265,22,48,-60.116,5921.47,8.58872e+06
1266,22,49,-62.5972,5997.56,8.45238e+06
1267,22,50,-56.0985,5796.1,8.44865e+06
1268,22,51,-58.9055,5884.05,8.33682e+06
1269,22,52,-58.7298,5878.49,8.20138e+06
1270,22,53,-61.1492,5955.91,8.10045e+06
1271,22,54,-63.6297,6036.11,8.00988e+06
1272,22,55,-64.3682,6060.24,7.89448e+06
1273,22,56,-59.8235,5910.26,7.91798e+06
1274,22,57,-53.9691,5715.11,8.05875e+06
1275,22,58,-37.091,5146.88,1.02537e+07
1276,22,59,-31.7814,4966.36,1.03687e+07
1277,22,60,-20.2794,4571.45,1.15256e+07
1278,22,61,-24.8321,4729.28,1.16019e+07
1279,22,62,-13.9948,4349.98,1.28282e+07
1280,22,63,-14.1885,4356.82,1.2675e+07
1281,22,64,-9.33253,4183.62,1.28522e+07
1282,22,65,6.16138,3625.84,1.63001e+07
1283,22,66,19.9802,3123.76,1.92149e+07
1284,22,67,31.4906,2701.71,2.13277e+07
1285,22,68,42.892,2279.86,2.35593e+07
1286,22,69,49.8323,2020.76,2.42946e+07
1287,22,70,58.9449,1677.51,2.58668e+07
1288,23,27,-157,8293,851580
1289,23,28,-173.714,8699.71,780044
1290,23,29,-85,6511.43,860998
1291,23,30,-23.4524,4972.74,917891
1292,23,31,88.8333,2128.17,1.45377e+06
1293,23,32,95.3333,1961.33,1.38211e+06
1294,23,33,28.1818,3707.27,1.76646e+06
1295,23,34,68.7413,2639.21,1.91762e+06
1296,23,35,-16.1538,4903.08,3.17633e+06
1297,23,36,-69.0549,6331.41,3.74141e+06
1298,23,37,-126.214,7893.76,4.6381e+06
1299,23,38,-121.088,7751.94,4.50124e+06
1300,23,39,-118.725,7685.78,4.36961e+06
1301,23,40,-120.599,7738.85,4.24863e+06
1302,23,41,-135.035,8152.7,4.28975e+06
1303,23,42,-126.91,7917.07,4.24004e+06
1304,23,43,-122.883,7798.95,4.15511e+06
1305,23,44,-132.038,8070.56,4.16507e+06
1306,23,45,-76.5909,6407.13,8.6148e+06
1307,23,46,-78.0304,6450.8,8.43698e+06
1308,23,47,-60.2462,5905.42,8.89697e+06
1309,23,48,-57.7983,5829.53,8.73795e+06
1310,23,49,-60.6349,5918.41,8.59575e+06
1311,23,50,-53.8123,5702.36,8.58014e+06
1312,23,51,-56.9704,5803.42,8.46475e+06
1313,23,52,-56.9121,5801.54,8.32249e+06
1314,23,53,-59.6048,5889.5,8.21838e+06
1315,23,54,-62.3369,5979.66,8.12494e+06
1316,23,55,-63.1985,6008.38,8.00488e+06
1317,23,56,-58.4553,5848.69,8.02097e+06
1318,23,57,-52.3445,5640.92,8.15342e+06
1319,23,58,-34.619,5032.35,1.0345e+07
1320,23,59,-29.156,4842.96,1.04457e+07
1321,23,60,-17.1868,4424.04,1.15817e+07
1322,23,61,-22.1316,4598.76,1.16708e+07
1323,23,62,-10.8874,4197.72,1.28736e+07
1324,23,63,-11.2422,4210.49,1.27171e+07
1325,23,64,-6.29528,4030.75,1.28755e+07
1326,23,65,9.77801,3441.4,1.62905e+07
1327,23,66,24.0606,2912.94,1.9159e+07
1328,23,67,35.9012,2470.89,2.12186e+07
1329,23,68,47.6065,2029.99,2.33889e+07
1330,23,69,54.6415,1762.66,2.40752e+07
1331,23,70,63.9335,1406.47,2.55833e+07
1332,24,28,2,4014,532309
1333,24,29,61.7143,2501.24,519897
1334,24,30,98.9286,1546.07,505758
1335,24,31,208.69,-1307.74,830891
1336,24,32,190,-815.556,799674
1337,24,33,90.4848,1838.18,1.44761e+06
1338,24,34,127.091,849.818,1.51357e+06
1339,24,35,18.3217,3822.84,3.07706e+06
1340,24,36,-48.022,5658.35,3.771e+06
1341,24,37,-116.352,7571.58,4.76935e+06
1342,24,38,-111.857,7444.24,4.61395e+06
1343,24,39,-110.353,7401.12,4.46834e+06
1344,24,40,-113.431,7490.39,4.33961e+06
1345,24,41,-130.268,7984.28,4.39e+06
1346,24,42,-121.789,7732.74,4.32619e+06
1347,24,43,-117.872,7615.22,4.23034e+06
1348,24,44,-128.377,7933.85,4.24581e+06
1349,24,45,-68.2213,6089.09,8.70262e+06
1350,24,46,-70.5138,6160.16,8.51909e+06
1351,24,47,-51.8739,5576.11,8.93783e+06
1352,24,48,-49.9,5513.6,8.76502e+06
1353,24,49,-53.5624,5630.8,8.62558e+06
1354,24,50,-46.7582,5410.8,8.58596e+06
1355,24,51,-50.6459,5537.79,8.47647e+06
1356,24,52,-51.0197,5550.13,8.32952e+06
1357,24,53,-54.2848,5658.96,8.23035e+06
1358,24,54,-57.5363,5768.43,8.14203e+06
1359,24,55,-58.7518,5809.76,8.02093e+06
1360,24,56,-53.9906,5646.29,8.02047e+06
1361,24,57,-47.783,5431.1,8.13232e+06
1362,24,58,-29.3053,4784.38,1.02816e+07
1363,24,59,-23.834,4591.05,1.03575e+07
1364,24,60,-11.5055,4151.34,1.14462e+07
1365,24,61,-17.0095,4349.48,1.15641e+07
1366,24,62,-5.45142,3929.54,1.27182e+07
1367,24,63,-6.09568,3953.16,1.25626e+07
1368,24,64,-1.15854,3770.49,1.26925e+07
1369,24,65,15.4355,3150.98,1.60363e+07
1370,24,66,30.1193,2597.89,1.88244e+07
1371,24,67,42.2227,2137.96,2.08029e+07
1372,24,68,54.1673,1680.08,2.28843e+07
1373,24,69,61.2229,1407.26,2.3507e+07
1374,24,70,70.6302,1040.38,2.49301e+07
1375,25,29,199,-1297,372846
1376,25,30,202.857,-1398.57,340502
1377,25,31,314.286,-4370,534247
1378,25,32,264.524,-3026.43,573283
1379,25,33,126.333,750.778,1.43167e+06
1380,25,34,163.091,-266.182,1.4522e+06
1381,25,35,28,3516.36,3.20043e+06
1382,25,36,-51.014,5755.09,3.92325e+06
1383,25,37,-129.396,8002.03,4.90644e+06
1384,25,38,-122.396,7799.03,4.73988e+06
1385,25,39,-119.286,7707.81,4.58219e+06
1386,25,40,-121.632,7777.43,4.43887e+06
1387,25,41,-139.485,8313.01,4.46404e+06
1388,25,42,-129.04,7996.18,4.40471e+06
1389,25,43,-123.947,7840,4.30645e+06
1390,25,44,-134.895,8179.37,4.30433e+06
1391,25,45,-68.3896,6095.54,8.90738e+06
1392,25,46,-70.8752,6174.25,8.71036e+06
1393,25,47,-50.583,5524.9,9.12714e+06
1394,25,48,-48.5522,5459.24,8.94206e+06
1395,25,49,-52.6154,5591.97,8.79431e+06
1396,25,50,-45.3607,5352.56,8.74429e+06
1397,25,51,-49.6398,5495.2,8.62893e+06
1398,25,52,-50.1122,5511.11,8.47411e+06
1399,25,53,-53.665,5631.9,8.36955e+06
1400,25,54,-57.1746,5752.4,8.27605e+06
1401,25,55,-58.4919,5798.06,8.14894e+06
1402,25,56,-53.4494,5621.58,8.14322e+06
1403,25,57,-46.8984,5390.11,8.24987e+06
1404,25,58,-27.3858,4694.16,1.04069e+07
1405,25,59,-21.7115,4489.88,1.04709e+07
1406,25,60,-8.81596,4021.34,1.15448e+07
1407,25,61,-14.7629,4239.4,1.16738e+07
1408,25,62,-2.71474,3793.62,1.28104e+07
1409,25,63,-3.53239,3824.14,1.26516e+07
1410,25,64,1.52345,3633.71,1.27653e+07
1411,25,65,18.7962,2977.34,1.60855e+07
1412,25,66,34.0191,2393.8,1.88348e+07
1413,25,67,46.5041,1911.05,2.07658e+07
1414,25,68,58.797,1431.62,2.27914e+07
1415,25,69,65.9605,1149.86,2.33689e+07
1416,25,70,75.5708,768.649,2.47327e+07
1417,26,30,79,2152,212923
1418,26,31,268.857,-3037.43,537735
1419,26,32,217.857,-1626.43,543723
1420,26,33,56.7857,2883.57,1.2791e+06
1421,26,34,117.167,1172.78,1.37609e+06
1422,26,35,-35.7576,5556.61,2.93243e+06
1423,26,36,-117.545,7928.45,3.46153e+06
1424,26,37,-197.902,10285.6,4.20269e+06
1425,26,38,-179.286,9733.3,4.10196e+06
1426,26,39,-167.604,9382.86,3.98593e+06
1427,26,40,-163.821,9268.11,3.85526e+06
1428,26,41,-178.632,9722.31,3.81985e+06
1429,26,42,-162.353,9217.65,3.83693e+06
1430,26,43,-152.993,8924.36,3.78218e+06
1431,26,44,-162.035,9210.7,3.74189e+06
1432,26,45,-86.1654,6782.87,8.78278e+06
1433,26,46,-87.1948,6816.16,8.57225e+06
1434,26,47,-63.5743,6044.55,9.07737e+06
1435,26,48,-60.2372,5934.43,8.89429e+06
1436,26,49,-63.6652,6048.7,8.72725e+06
1437,26,50,-54.9462,5755.15,8.70246e+06
1438,26,51,-58.8171,5886.77,8.56785e+06
1439,26,52,-58.6447,5880.85,8.40776e+06
1440,26,53,-61.8418,5991.68,8.28685e+06
1441,26,54,-65.0296,6103.25,8.17719e+06
1442,26,55,-65.911,6134.4,8.04273e+06
1443,26,56,-60.0645,5925.87,8.05912e+06
1444,26,57,-52.6906,5660.41,8.19441e+06
1445,26,58,-31.6444,4895.73,1.04532e+07
1446,26,59,-25.3858,4666.25,1.05328e+07
1447,26,60,-11.5434,4154.08,1.16532e+07
1448,26,61,-17.6692,4382.78,1.17656e+07
1449,26,62,-4.81271,3898.52,1.29427e+07
1450,26,63,-5.56297,3927.03,1.27763e+07
1451,26,64,-0.143725,3719.29,1.28979e+07
1452,26,65,18.076,3014.79,1.62793e+07
1453,26,66,34.0767,2390.77,1.90631e+07
1454,26,67,47.1534,1876.41,2.10057e+07
1455,26,68,59.9879,1367.31,2.30334e+07
1456,26,69,67.4228,1069.92,2.35979e+07
1457,26,70,77.3953,667.694,2.4947e+07
1458,27,31,358,-5682,506138
1459,27,32,260.286,-2913.43,552992
1460,27,33,41.0714,3370.71,1.35958e+06
1461,27,34,120.476,1067.98,1.45902e+06
1462,27,35,-67.1667,6572.17,3.01871e+06
1463,27,36,-159.03,9297.45,3.45089e+06
1464,27,37,-246.455,11920.2,4.05077e+06
1465,27,38,-216.643,11015.9,4.0006e+06
1466,27,39,-197.418,10426.3,3.91207e+06
1467,27,40,-188.835,10160.3,3.78768e+06
1468,27,41,-202.286,10581.7,3.71592e+06
1469,27,42,-181.015,9908.13,3.7774e+06
1470,27,43,-168.358,9503.11,3.74388e+06
1471,27,44,-176.698,9772.77,3.68075e+06
1472,27,45,-91.2982,6983.05,8.98683e+06
1473,27,46,-91.9173,7003.48,8.75962e+06
1474,27,47,-65.5974,6126.15,9.28571e+06
1475,27,48,-61.773,5997.4,9.09062e+06
1476,27,49,-65.3656,6119.55,8.90987e+06
1477,27,50,-55.7783,5790.38,8.8805e+06
1478,27,51,-59.8923,5933,8.73482e+06
1479,27,52,-59.6239,5923.61,8.56536e+06
1480,27,53,-62.9853,6042.38,8.43493e+06
1481,27,54,-66.3191,6161.28,8.31619e+06
1482,27,55,-67.1724,6192,8.17402e+06
1483,27,56,-60.8521,5962.36,8.18962e+06
1484,27,57,-52.9516,5672.68,8.3252e+06
1485,27,58,-30.5737,4844.69,1.0609e+07
1486,27,59,-24.0007,4599.3,1.06796e+07
1487,27,60,-9.42552,4050.3,1.17931e+07
1488,27,61,-16.0224,4300.99,1.19123e+07
1489,27,62,-2.54311,3784.28,1.3079e+07
1490,27,63,-3.45661,3819.6,1.29078e+07
1491,27,64,2.137,3601.45,1.30151e+07
1492,27,65,21.1741,2852.66,1.63829e+07
1493,27,66,37.8199,2192.38,1.91346e+07
1494,27,67,51.3519,1651.09,2.10338e+07
1495,27,68,64.5977,1116.85,2.30092e+07
1496,27,69,72.164,809.151,2.35302e+07
1497,27,70,82.3742,390.533,2.48224e+07
1498,28,32,406,-7382,384210
1499,28,33,65.1429,2616.48,1.45748e+06
1500,28,34,160.357,-208.214,1.50926e+06
1501,28,35,-84.1667,7127.5,3.18752e+06
1502,28,36,-192.667,10418.7,3.55459e+06
1503,28,37,-290.848,13429.6,4.04281e+06
1504,28,38,-247.545,12087.2,4.04125e+06
1505,28,39,-219.965,11223,3.97387e+06
1506,28,40,-206.593,10799.6,3.85106e+06
1507,28,41,-219.429,11210.3,3.75105e+06
1508,28,42,-193.036,10356.9,3.84208e+06
1509,28,43,-177.294,9842.69,3.81837e+06
1510,28,44,-185.564,10115.6,3.7382e+06
1511,28,45,-89.6904,6919.81,9.23112e+06
1512,28,46,-90.5439,6948.54,8.98545e+06
1513,28,47,-61.7293,5968.85,9.4987e+06
1514,28,48,-57.9091,5837.69,9.28532e+06
1515,28,49,-62.1796,5985.73,9.09478e+06
1516,28,50,-52.0356,5630.69,9.04687e+06
1517,28,51,-56.8043,5799.19,8.89554e+06
1518,28,52,-56.7615,5797.66,8.71581e+06
1519,28,53,-60.6017,5935.91,8.5804e+06
1520,28,54,-64.359,6072.42,8.45709e+06
1521,28,55,-65.4132,6111.08,8.30802e+06
1522,28,56,-58.7783,5865.59,8.31287e+06
1523,28,57,-50.4894,5556.13,8.43628e+06
1524,28,58,-26.8266,4664.83,1.071e+07
1525,28,59,-20.077,4408.35,1.0761e+07
1526,28,60,-4.85628,3824.89,1.18436e+07
1527,28,61,-12.11,4105.37,1.19831e+07
1528,28,62,1.91597,3558.35,1.31165e+07
1529,28,63,0.70399,3606.02,1.29438e+07
1530,28,64,6.37506,3381.07,1.30279e+07
1531,28,65,26.191,2588.43,1.63483e+07
1532,28,66,43.4332,1893,1.90377e+07
1533,28,67,57.3612,1326.59,2.0869e+07
1534,28,68,70.9599,769.045,2.2768e+07
1535,28,69,78.5836,453.934,2.32332e+07
1536,28,70,88.9701,21.1628,2.44503e+07
1537,29,33,-133,8891,1.1869e+06
1538,29,34,60,3036.67,1.43831e+06
1539,29,35,-225.714,11798.6,2.77148e+06
1540,29,36,-325.952,14906,2.89089e+06
1541,29,37,-416.333,17737.9,3.10676e+06
1542,29,38,-339.273,15297.6,3.36046e+06
1543,29,39,-290,13720.9,3.44564e+06
1544,29,40,-262.727,12839.1,3.4013e+06
1545,29,41,-268.901,13040.8,3.27491e+06
1546,29,42,-231.67,11812.2,3.4929e+06
1547,29,43,-208.679,11045.8,3.54007e+06
1548,29,44,-214.059,11226.9,3.43914e+06
1549,29,45,-103.554,7469.73,9.37829e+06
1550,29,46,-102.962,7449.4,9.11428e+06
1551,29,47,-69.807,6300.04,9.68574e+06
1552,29,48,-64.797,6124.68,9.46288e+06
1553,29,49,-68.8182,6266.77,9.25204e+06
1554,29,50,-57.1485,5850.55,9.21071e+06
1555,29,51,-61.8874,6021.15,9.04143e+06
1556,29,52,-61.4174,6004.07,8.85144e+06
1557,29,53,-65.1923,6142.48,8.70101e+06
1558,29,54,-68.8855,6279.13,8.56334e+06
1559,29,55,-69.6825,6308.89,8.40493e+06
1560,29,56,-62.2687,6029.64,8.41795e+06
1561,29,57,-53.1675,5683.79,8.55256e+06
1562,29,58,-27.7486,4709.4,1.08833e+07
1563,29,59,-20.504,4429.27,1.09323e+07
1564,29,60,-4.30535,3797.53,1.20256e+07
1565,29,61,-12.0321,4101.44,1.21633e+07
1566,29,62,2.81436,3512.53,1.33026e+07
1567,29,63,1.48179,3565.84,1.31229e+07
1568,29,64,7.42471,3326.14,1.31986e+07
1569,29,65,28.2551,2479.04,1.65293e+07
1570,29,66,46.2961,1739.36,1.92056e+07
1571,29,67,60.7915,1140.21,2.10077e+07
1572,29,68,74.8987,552.414,2.28678e+07
1573,29,69,82.7021,224.671,2.32969e+07
1574,29,70,93.3871,-227.661,2.44672e+07
1575,30,34,-26,5846,1.49842e+06
1576,30,35,-378.286,16884.3,2.55006e+06
1577,30,36,-463.571,19585,2.48919e+06
1578,30,37,-542.143,22099.3,2.51177e+06
1579,30,38,-420,18150,3.06433e+06
1580,30,39,-344.727,15691.1,3.30126e+06
1581,30,40,-302.545,14299.1,3.32467e+06
1582,30,41,-303.112,14318,3.18317e+06
1583,30,42,-254.89,12694.5,3.48868e+06
1584,30,43,-225.297,11688.3,3.57477e+06
1585,30,44,-229.179,11821.6,3.45828e+06
1586,30,45,-102.971,7446.4,9.66675e+06
1587,30,46,-102.377,7425.64,9.3783e+06
1588,30,47,-65.6037,6126.3,9.9377e+06
1589,30,48,-60.5088,5944.58,9.69188e+06
1590,30,49,-65.3609,6119.26,9.46748e+06
1591,30,50,-52.9091,5666.84,9.40431e+06
1592,30,51,-58.4641,5870.53,9.22693e+06
1593,30,52,-58.251,5862.64,9.02418e+06
1594,30,53,-62.6043,6025.16,8.86681e+06
1595,30,54,-66.8,6183.2,8.72275e+06
1596,30,55,-67.8188,6221.91,8.55574e+06
1597,30,56,-59.9939,5921.96,8.55665e+06
1598,30,57,-50.405,5551.19,8.6776e+06
1599,30,58,-23.4236,4498.92,1.09965e+07
1600,30,59,-15.9844,4206.31,1.10236e+07
1601,30,60,0.967742,3533.87,1.20817e+07
1602,30,61,-7.57148,3875.44,1.22431e+07
1603,30,62,7.90441,3251.25,1.33452e+07
1604,30,63,6.19404,3320.8,1.3165e+07
1605,30,64,12.2073,3074.26,1.32156e+07
1606,30,65,33.9292,2176.42,1.64933e+07
1607,30,66,52.6387,1396.86,1.91007e+07
1608,30,67,67.5632,770.027,2.08291e+07
1609,30,68,82.0466,156.898,2.26068e+07
1610,30,69,89.8827,-177.446,2.29779e+07
1611,30,70,100.739,-644.251,2.40694e+07
1612,31,35,-629,25325,2.13753e+06
1613,31,36,-659.143,26299.6,1.95995e+06
1614,31,37,-704.286,27774.3,1.8505e+06
1615,31,38,-511.071,21398.2,2.83968e+06
1616,31,39,-398.833,17656.9,3.26516e+06
1617,31,40,-337.394,15588.5,3.36021e+06
1618,31,41,-331.727,15395.8,3.20703e+06
1619,31,42,-270.699,13300.5,3.58299e+06
1620,31,43,-234.121,12032.5,3.69006e+06
1621,31,44,-237.297,12143.6,3.55829e+06
1622,31,45,-93.1786,7051.45,9.9445e+06
1623,31,46,-93.7353,7071.31,9.62884e+06
1624,31,47,-53.652,5628.31,1.01363e+07
1625,31,48,-49.3189,5470.87,9.86213e+06
1626,31,49,-55.8596,5710.7,9.6308e+06
1627,31,50,-43.1128,5239.07,9.53191e+06
1628,31,51,-50.1299,5501.04,9.35459e+06
1629,31,52,-50.655,5520.82,9.13986e+06
1630,31,53,-56.0474,5725.73,8.98191e+06
1631,31,54,-61.1391,5920.91,8.83742e+06
1632,31,55,-62.6923,5980.97,8.66368e+06
1633,31,56,-54.6598,5667.7,8.64348e+06
1634,31,57,-44.7558,5278.14,8.73959e+06
1635,31,58,-16.2507,4147.44,1.10135e+07
1636,31,59,-8.7931,3849.14,1.10106e+07
1637,31,60,8.80979,3139.15,1.20123e+07
1638,31,61,-0.78629,3529.4,1.22134e+07
1639,31,62,15.2328,2872.61,1.32586e+07
1640,31,63,12.9746,2965.95,1.30836e+07
1641,31,64,18.9427,2717.28,1.3103e+07
1642,31,65,41.521,1768.99,1.62983e+07
1643,31,66,60.8481,950.81,1.88115e+07
1644,31,67,76.1356,298.544,2.04462e+07
1645,31,68,90.9301,-337.618,2.21224e+07
1646,31,69,98.7126,-674.858,2.24278e+07
1647,31,70,109.67,-1153.32,2.34273e+07
1648,32,36,-640,25636,2.14319e+06
1649,32,37,-706.571,27855,1.99867e+06
1650,32,38,-457.5,19469.6,2.94463e+06
1651,32,39,-330.595,15154.9,3.23274e+06
1652,32,40,-270.667,13097.3,3.21546e+06
1653,32,41,-277.212,13324.2,3.05343e+06
1654,32,42,-215,11146.8,3.29643e+06
1655,32,43,-181.608,9966.98,3.30952e+06
1656,32,44,-193.352,10385.8,3.2052e+06
1657,32,45,-34.9231,4682.4,9.19303e+06
1658,32,46,-43.3214,4987.54,8.90341e+06
1659,32,47,-4.52941,3565.16,9.2176e+06
1660,32,48,-5.46569,3599.8,8.94282e+06
1661,32,49,-17.6058,4053.03,8.78062e+06
1662,32,50,-7.54386,3674.04,8.62145e+06
1663,32,51,-18.8195,4102.51,8.51659e+06
1664,32,52,-22.3766,4238.87,8.3248e+06
1665,32,53,-30.83,4565.73,8.22334e+06
1666,32,54,-38.5573,4867.09,8.13079e+06
1667,32,55,-42.1217,5007.3,7.98146e+06
1668,32,56,-35.0923,4728.46,7.9187e+06
1669,32,57,-25.9316,4362.03,7.95748e+06
1670,32,58,3.2906,3183.4,1.0052e+07
1671,32,59,9.88506,2915.23,1.0001e+07
1672,32,60,27.4138,2196.55,1.08694e+07
1673,32,61,15.9377,2670.9,1.11911e+07
1674,32,62,31.9113,2005.33,1.21078e+07
1675,32,63,28.4696,2149.88,1.19742e+07
1676,32,64,33.8603,1921.68,1.19478e+07
1677,32,65,56.8892,939.108,1.49456e+07
1678,32,66,76.4426,98.3137,1.72684e+07
1679,32,67,91.713,-563.405,1.87381e+07
1680,32,68,106.465,-1207.58,2.02437e+07
1681,32,69,113.84,-1532.06,2.04593e+07
1682,32,70,124.583,-2008.35,2.13214e+07
1683,33,37,-753,29511,2.16694e+06
1684,33,38,-405.429,17577.7,3.12891e+06
1685,33,39,-257.143,12437.1,3.28465e+06
1686,33,40,-200.595,10458,3.16748e+06
1687,33,41,-224.167,11290.8,3.01225e+06
1688,33,42,-160.121,9006.55,3.14304e+06
1689,33,43,-130.636,7945.09,3.08327e+06
1690,33,44,-152.832,8751.54,3.0198e+06
1691,33,45,23.7363,2277.36,8.67161e+06
1692,33,46,5.75824,2942.55,8.43478e+06
1693,33,47,43.1786,1545.52,8.58745e+06
1694,33,48,36.1618,1809.82,8.3343e+06
1695,33,49,17.6961,2511.52,8.25416e+06
1696,33,50,24.9536,2233.32,8.05368e+06
1697,33,51,9.07018,2847.47,8.02582e+06
1698,33,52,2.36842,3108.84,7.86268e+06
1699,33,53,-9.24675,3565.71,7.81676e+06
1700,33,54,-19.6386,3977.92,7.77296e+06
1701,33,55,-25.1581,4198.7,7.6471e+06
1702,33,56,-18.9565,3948.57,7.5523e+06
1703,33,57,-10.3538,3598.72,7.54723e+06
1704,33,58,19.9179,2357.58,9.50336e+06
1705,33,59,25.7692,2115.73,9.41565e+06
1706,33,60,43.4154,1380.47,1.01778e+07
1707,33,61,30.0443,1942.05,1.06073e+07
1708,33,62,46.1424,1260.57,1.14215e+07
1709,33,63,41.5605,1456.06,1.13262e+07
1710,33,64,46.4699,1244.96,1.1264e+07
1711,33,65,70.1303,219.674,1.4105e+07
1712,33,66,90.055,-650.37,1.62726e+07
1713,33,67,105.42,-1326.44,1.76055e+07
1714,33,68,120.23,-1983.02,1.89689e+07
1715,33,69,127.259,-2296.98,1.91105e+07
1716,33,70,137.862,-2774.1,1.98573e+07
1717,34,38,-576,23832,3.12395e+06
1718,34,39,-321.429,14837.1,3.4691e+06
1719,34,40,-230.357,11588.9,3.35805e+06
1720,34,41,-252.381,12381.8,3.15557e+06
1721,34,42,-167.833,9309.89,3.30869e+06
1722,34,43,-130.909,7956,3.23375e+06
1723,34,44,-157.091,8924.73,3.15147e+06
1724,34,45,49.6154,1207.69,8.89668e+06
1725,34,46,24.8901,2139.01,8.6608e+06
1726,34,47,64.9231,617.758,8.73553e+06
1727,34,48,54.0714,1033.74,8.47622e+06
1728,34,49,31.0588,1923.56,8.41713e+06
1729,34,50,37.598,1668.53,8.18697e+06
1730,34,51,18.5449,2417.95,8.17741e+06
1731,34,52,10.1404,2751.33,8.01165e+06
1732,34,53,-3.41353,3293.49,7.97269e+06
1733,34,54,-15.3506,3774.95,7.93219e+06
1734,34,55,-21.7617,4035.67,7.80154e+06
1735,34,56,-15.3162,3771.4,7.69143e+06
1736,34,57,-6.3,3398.73,7.66942e+06
1737,34,58,26.0692,2050.02,9.60302e+06
1738,34,59,31.8974,1805.23,9.49448e+06
1739,34,60,50.3968,1022.09,1.0216e+07
1740,34,61,35.572,1654.62,1.06896e+07
1741,34,62,52.399,931.054,1.14643e+07
1742,34,63,47.0945,1160.91,1.13793e+07
1743,34,64,51.9637,948.294,1.12964e+07
1744,34,65,76.7595,-142.722,1.40835e+07
1745,34,66,97.49,-1061.77,1.61814e+07
1746,34,67,113.322,-1768.92,1.74421e+07
1747,34,68,128.527,-2453.14,1.87257e+07
1748,34,69,135.485,-2768.6,1.88192e+07
1749,34,70,146.216,-3258.65,1.94947e+07
1750,35,39,222,-5632,718601
1751,35,40,162.286,-3462.38,689957
1752,35,41,21.7857,1689.29,986961
1753,35,42,58.9286,315,964189
1754,35,43,53.6667,511.444,910339
1755,35,44,-14.6667,3085.33,1.18848e+06
1756,35,45,203.727,-5213.64,5.87885e+06
1757,35,46,149.196,-3123.26,6.03776e+06
1758,35,47,176.264,-4169.89,5.93649e+06
1759,35,48,147.956,-3065.89,5.91544e+06
1760,35,49,109.357,-1547.67,6.18161e+06
1761,35,50,106.926,-1451.25,5.98766e+06
1762,35,51,77.4755,-273.211,6.23803e+06
1763,35,52,61.5893,367.534,6.21598e+06
1764,35,53,41.193,1196.98,6.35846e+06
1765,35,54,23.6015,1918.23,6.47356e+06
1766,35,55,12.8701,2361.8,6.4401e+06
1767,35,56,16.7532,2200,6.31101e+06
1768,35,57,23.7648,1905.51,6.24491e+06
1769,35,58,56.3261,527.087,7.93856e+06
1770,35,59,60.2,361.8,7.80808e+06
1771,35,60,77.9453,-401.248,8.379e+06
1772,35,61,59.9817,377.175,9.07006e+06
1773,35,62,76.2671,-333.955,9.70024e+06
1774,35,63,68.9507,-12.0345,9.71313e+06
1775,35,64,72.6874,-177.694,9.60335e+06
1776,35,65,97.746,-1296.98,1.21509e+07
1777,35,66,118.46,-2229.13,1.40288e+07
1778,35,67,133.981,-2932.71,1.5111e+07
1779,35,68,148.865,-3612.42,1.62133e+07
1780,35,69,155.059,-3897.34,1.62347e+07
1781,35,70,165.299,-4371.79,1.67771e+07
1782,36,40,238,-6390,695990
1783,36,41,25.4286,1546,1.06579e+06
1784,36,42,72.1429,-213.571,1.02522e+06
1785,36,43,62.2619,161.905,961903
1786,36,44,-23.1667,3436.67,1.24747e+06
1787,36,45,240.606,-6762.55,6.02386e+06
1788,36,46,169.455,-3987.64,6.24724e+06
1789,36,47,197.657,-5096.95,6.09073e+06
1790,36,48,161.703,-3670.77,6.09104e+06
1791,36,49,115.626,-1827.69,6.38583e+06
1792,36,50,112.036,-1682.87,6.17333e+06
1793,36,51,78.2647,-309.515,6.42969e+06
1794,36,52,60.4167,422.255,6.39533e+06
1795,36,53,37.8844,1353.59,6.52436e+06
1796,36,54,18.7895,2149.21,6.62053e+06
1797,36,55,7.46617,2624.79,6.56729e+06
1798,36,56,12.2338,2422.96,6.43321e+06
1799,36,57,20.2936,2079.07,6.36706e+06
1800,36,58,55.9881,544.209,8.1091e+06
1801,36,59,60.213,361.13,7.96909e+06
1802,36,60,79.3769,-475.692,8.54014e+06
1803,36,61,59.9214,380.352,9.24283e+06
1804,36,62,77.4176,-395.313,9.87421e+06
1805,36,63,69.4964,-41.5025,9.88403e+06
1806,36,64,73.4532,-219.557,9.76524e+06
1807,36,65,100.131,-1428.96,1.23268e+07
1808,36,66,122.028,-2428.92,1.41909e+07
1809,36,67,138.295,-3177.22,1.52435e+07
1810,36,68,153.82,-3896.53,1.6308e+07
1811,36,69,160.087,-4188.98,1.63015e+07
1812,36,70,170.625,-4684.25,1.6804e+07
1813,37,41,28,1444,1.16744e+06
1814,37,42,89.4286,-910.762,1.10167e+06
1815,37,43,71.7857,-228.571,1.02544e+06
1816,37,44,-37.381,4028.93,1.31314e+06
1817,37,45,288.167,-8775.94,6.18383e+06
1818,37,46,193.273,-5011.82,6.49296e+06
1819,37,47,222.273,-6171.82,6.27448e+06
1820,37,48,176.224,-4314.51,6.29914e+06
1821,37,49,120.824,-2061.59,6.62007e+06
1822,37,50,115.978,-1862.9,6.38497e+06
1823,37,51,77.1786,-259.19,6.64008e+06
1824,37,52,57.2353,571.779,6.58699e+06
1825,37,53,32.4265,1613.75,6.69484e+06
1826,37,54,11.8163,2486.25,6.76493e+06
1827,37,55,0.0350877,2988.91,6.68735e+06
1828,37,56,6.02256,2731.45,6.55001e+06
1829,37,57,15.4416,2323.29,6.48657e+06
1830,37,58,54.8221,603.676,8.2893e+06
1831,37,59,59.5158,397.154,8.13963e+06
1832,37,60,80.3348,-525.82,8.71438e+06
1833,37,61,59.2462,416.138,9.42481e+06
1834,37,62,78.1402,-434.092,1.00609e+07
1835,37,63,69.5788,-45.9748,1.00654e+07
1836,37,64,73.8123,-239.305,9.93764e+06
1837,37,65,102.305,-1549.99,1.25192e+07
1838,37,66,125.517,-2625.47,1.43722e+07
1839,37,67,142.609,-3423.08,1.53963e+07
1840,37,68,158.834,-4185.68,1.64234e+07
1841,37,69,165.177,-4485.9,1.63892e+07
1842,37,70,176.035,-5003.47,1.68521e+07
1843,38,42,-183,10168,432362
1844,38,43,-115.714,7521.43,437817
1845,38,44,-202.5,10963.9,538188
1846,38,45,245.714,-6964.64,6.46974e+06
1847,38,46,139.167,-2667.22,6.6295e+06
1848,38,47,184.788,-4522.48,6.4341e+06
1849,38,48,137.182,-2570.64,6.36017e+06
1850,38,49,79.0559,-168.1,6.5543e+06
1851,38,50,79.8901,-202.857,6.2973e+06
1852,38,51,40.7033,1442.99,6.4417e+06
1853,38,52,22.9643,2193.94,6.32185e+06
1854,38,53,-0.661765,3201.99,6.34252e+06
1855,38,54,-19.8039,4025.1,6.33445e+06
1856,38,55,-29.3808,4440.1,6.21184e+06
1857,38,56,-19.6667,4015.91,6.11608e+06
1858,38,57,-6.73684,3447,6.11038e+06
1859,38,58,38.5065,1441.21,8.14144e+06
1860,38,59,45.1101,1146.25,8.00914e+06
1861,38,60,68.9921,71.5613,8.67557e+06
1862,38,61,47.0913,1064.4,9.31859e+06
1863,38,62,68.4692,88.1385,1.00413e+07
1864,38,63,59.9932,478.038,1.00112e+07
1865,38,64,65.2503,234.457,9.89661e+06
1866,38,65,96.3903,-1218.74,1.26199e+07
1867,38,66,121.611,-2404.11,1.45584e+07
1868,38,67,140.102,-3279.37,1.56233e+07
1869,38,68,157.536,-4110.39,1.66779e+07
1870,38,69,164.357,-4437.77,1.66396e+07
1871,38,70,175.922,-4996.78,1.71055e+07
1872,39,43,-54,4950,439861
1873,39,44,-190.286,10446.9,578467
1874,39,45,382.5,-12846.4,6.3224e+06
1875,39,46,215.119,-5983.81,6.74611e+06
1876,39,47,254,-7590.89,6.43084e+06
1877,39,48,183.03,-4633.82,6.45124e+06
1878,39,49,106,-1398.55,6.74141e+06
1879,39,50,102.483,-1249.64,6.45611e+06
1880,39,51,53.7912,827.857,6.64163e+06
1881,39,52,31.6484,1780,6.51929e+06
1882,39,53,3.71429,2990.48,6.54269e+06
1883,39,54,-18.3676,3954.72,6.52835e+06
1884,39,55,-29.2402,4433.11,6.39192e+06
1885,39,56,-18.4623,3955.29,6.28257e+06
1886,39,57,-4.29825,3322.63,6.26367e+06
1887,39,58,45.2256,1094.06,8.29327e+06
1888,39,59,51.8182,795.195,8.13965e+06
1889,39,60,77.2614,-366.714,8.76727e+06
1890,39,61,52.7372,761.403,9.46296e+06
1891,39,62,75.4261,-289.851,1.01499e+07
1892,39,63,65.7154,163.315,1.01328e+07
1893,39,64,70.9368,-82.0889,9.99858e+06
1894,39,65,103.962,-1645.29,1.26768e+07
1895,39,66,130.443,-2907.56,1.45468e+07
1896,39,67,149.601,-3827.13,1.55389e+07
1897,39,68,167.564,-4695.34,1.65135e+07
1898,39,69,174.177,-5017.19,1.64333e+07
1899,39,70,185.852,-5589.26,1.68318e+07
1900,40,44,-153,8856,619172
1901,40,45,598.286,-22197.1,5.94187e+06
1902,40,46,321.429,-10661.4,6.85308e+06
1903,40,47,343.452,-11586.4,6.42487e+06
1904,40,48,236.833,-7072.89,6.58792e+06
1905,40,49,133.636,-2669.82,6.99074e+06
1906,40,50,124.455,-2275,6.6738e+06
1907,40,51,63.986,345.303,6.89281e+06
1908,40,52,36.8681,1529.45,6.75851e+06
1909,40,53,4.1978,2966.95,6.77225e+06
1910,40,54,-20.8929,4079.3,6.73984e+06
1911,40,55,-32.8088,4611.54,6.58214e+06
1912,40,56,-20.3431,4050.59,6.4625e+06
1913,40,57,-4.39628,3327.66,6.4353e+06
1914,40,58,50.3509,827.544,8.48467e+06
1915,40,59,57.0902,517.534,8.31035e+06
1916,40,60,84.4545,-750.346,8.90693e+06
1917,40,61,57.0469,528.679,9.64758e+06
1918,40,62,81.334,-612.816,1.03068e+07
1919,40,63,70.3217,-91.5696,1.02986e+07
1920,40,64,75.5923,-342.8,1.01459e+07
1921,40,65,110.8,-2032.77,1.27931e+07
1922,40,66,138.736,-3383.02,1.46041e+07
1923,40,67,158.67,-4353.13,1.553e+07
1924,40,68,177.246,-5263.37,1.64306e+07
1925,40,69,183.655,-5579.54,1.63118e+07
1926,40,70,195.472,-6166.43,1.66477e+07
1927,41,45,927,-36551,5.38146e+06
1928,41,46,448.286,-16285.4,7.09558e+06
1929,41,47,440.357,-15947.1,6.57034e+06
1930,41,48,282.857,-9174.64,6.8827e+06
1931,41,49,146.5,-3265.83,7.35676e+06
1932,41,50,132.909,-2672.36,6.99208e+06
1933,41,51,59.9091,539.636,7.19692e+06
1934,41,52,28.951,1912.11,7.0224e+06
1935,41,53,-7.52747,3541.48,6.99319e+06
1936,41,54,-34.5275,4756.48,6.91611e+06
1937,41,55,-46.2143,5286.29,6.72438e+06
1938,41,56,-30.5147,4569.34,6.60863e+06
1939,41,57,-11.4951,3694.44,6.59029e+06
1940,41,58,50.1238,839.426,8.71713e+06
1941,41,59,57.5965,490.702,8.52601e+06
1942,41,60,87.6466,-921.654,9.11578e+06
1943,41,61,57.3247,513.584,9.87452e+06
1944,41,62,83.7945,-748.142,1.05293e+07
1945,41,63,71.6107,-163.32,1.05171e+07
1946,41,64,77.213,-434.101,1.03497e+07
1947,41,65,115.108,-2278.31,1.30031e+07
1948,41,66,144.862,-3736.25,1.47819e+07
1949,41,67,165.818,-4770.1,1.56593e+07
1950,41,68,185.211,-5733.27,1.65025e+07
1951,41,69,191.512,-6048.35,1.63502e+07
1952,41,70,203.593,-6656.4,1.66343e+07
1953,42,46,384,-13414,7.72969e+06
1954,42,47,394.857,-13884.5,7.05734e+06
1955,42,48,205.357,-5609.64,7.16722e+06
1956,42,49,54.2857,1037.5,7.38212e+06
1957,42,50,58.1667,865.444,6.96063e+06
1958,42,51,-14.4848,4110.55,6.97064e+06
1959,42,52,-37.5455,5148.27,6.69916e+06
1960,42,53,-69.021,6575.16,6.55028e+06
1961,42,54,-90.7143,7565.82,6.3804e+06
1962,42,55,-96.044,7810.99,6.15522e+06
1963,42,56,-71.6071,6678.75,6.13359e+06
1964,42,57,-45.0735,5440.51,6.21809e+06
1965,42,58,27.7451,2018.04,8.65599e+06
1966,42,59,38.5346,1507.34,8.48301e+06
1967,42,60,73.7544,-171.474,9.17593e+06
1968,42,61,41.7895,1362.84,9.85519e+06
1969,42,62,72.2597,-109.887,1.06057e+07
1970,42,63,60.0169,485.929,1.05505e+07
1971,42,64,67.1146,138.142,1.0393e+07
1972,42,65,109.009,-1928.63,1.31955e+07
1973,42,66,141.631,-3548.86,1.50502e+07
1974,42,67,164.448,-4689.72,1.59526e+07
1975,42,68,185.379,-5743.23,1.68052e+07
1976,42,69,192.118,-6084.7,1.66383e+07
1977,42,70,204.99,-6741.17,1.6911e+07
1978,43,47,500,-18686,7.61556e+06
1979,43,48,212.286,-5930.67,7.74057e+06
1980,43,49,16.0714,2833.57,7.84545e+06
1981,43,50,30.4762,2185.36,7.34491e+06
1982,43,51,-52.1667,5931.83,7.24357e+06
1983,43,52,-72.303,6851.39,6.90007e+06
1984,43,53,-103.182,8271.82,6.67383e+06
1985,43,54,-122.797,9180.66,6.44265e+06
1986,43,55,-124.011,9237.31,6.19017e+06
1987,43,56,-92.0879,7736.92,6.21284e+06
1988,43,57,-59.2857,6184.29,6.33926e+06
1989,43,58,24.4118,2194.71,8.91672e+06
1990,43,59,36.8627,1597.06,8.72719e+06
1991,43,60,76.1816,-303.354,9.42289e+06
1992,43,61,40.5965,1428.46,1.01099e+07
1993,43,62,74.2331,-219.737,1.08634e+07
1994,43,63,60.6364,451.035,1.07983e+07
1995,43,64,68.323,69.266,1.06244e+07
1996,43,65,113.755,-2202.33,1.34397e+07
1997,43,66,148.7,-3961.23,1.52589e+07
1998,43,67,172.777,-5181.13,1.61061e+07
1999,43,68,194.677,-6298.03,1.68939e+07
2000,43,69,201.227,-6634.27,1.66908e+07
2001,43,70,214.368,-7313.21,1.69067e+07
2002,44,48,84,56,8.30764e+06
2003,44,49,-134.857,9977.52,8.04007e+06
2004,44,50,-73.2143,7162.5,7.51068e+06
2005,44,51,-150.595,10722,7.20343e+06
2006,44,52,-153.333,10848.9,6.79181e+06
2007,44,53,-174.182,11821.8,6.47351e+06
2008,44,54,-184.455,12304.6,6.18275e+06
2009,44,55,-175.594,11885.3,5.93034e+06
2010,44,56,-130.824,9751.21,6.06866e+06
2011,44,57,-87.8022,7686.15,6.29806e+06
2012,44,58,10.8571,2917.62,9.13388e+06
2013,44,59,26.5588,2153.47,8.94164e+06
2014,44,60,71.7157,-59.2157,9.68357e+06
2015,44,61,32.6729,1866.9,1.03392e+07
2016,44,62,70.6842,-21,1.11341e+07
2017,44,63,56.0827,709.075,1.10423e+07
2018,44,64,64.9351,263.506,1.08596e+07
2019,44,65,114.805,-2263.25,1.37401e+07
2020,44,66,152.698,-4195.76,1.5559e+07
2021,44,67,178.448,-5517.6,1.63728e+07
2022,44,68,201.646,-6716.18,1.71148e+07
2023,44,69,208.164,-7055.12,1.68799e+07
2024,44,70,221.764,-7766.86,1.70503e+07
2025,45,49,-862,44638,3.2901e+06
2026,45,50,-537.429,29599.5,4.00694e+06
2027,45,51,-504.286,28052.9,3.72908e+06
2028,45,52,-419.286,24057.9,3.70281e+06
2029,45,53,-385.667,22466.6,3.54379e+06
2030,45,54,-355.697,21038,3.42442e+06
2031,45,55,-314.091,19040.9,3.43729e+06
2032,45,56,-238.776,15400.7,4.07148e+06
2033,45,57,-172.527,12176.6,4.72407e+06
2034,45,58,-47.6703,6058.59,8.34367e+06
2035,45,59,-22.0714,4795.71,8.26604e+06
2036,45,60,34.8088,1970.66,9.28692e+06
2037,45,61,-4.48529,3935.37,9.77358e+06
2038,45,62,41.8782,1601.74,1.08074e+07
2039,45,63,28.7719,2265.79,1.06465e+07
2040,45,64,41.2406,1629.89,1.05156e+07
2041,45,65,98.1169,-1289.76,1.37047e+07
2042,45,66,140.971,-3503.9,1.5701e+07
2043,45,67,169.98,-5012.37,1.65989e+07
2044,45,68,195.817,-6364.52,1.73986e+07
2045,45,69,203.323,-6759.82,1.71593e+07
2046,45,70,218.342,-7555.81,1.73437e+07
2047,46,50,7,3104,1.29643e+06
2048,46,51,-130.286,9602.19,1.36301e+06
2049,46,52,-127.857,9486.43,1.26201e+06
2050,46,53,-158.69,10966.4,1.20873e+06
2051,46,54,-172.5,11633.9,1.1485e+06
2052,46,55,-159.212,10987.2,1.10185e+06
2053,46,56,-98.3636,8005.64,1.41897e+06
2054,46,57,-44.4755,5347.16,1.75815e+06
2055,46,58,79.8901,-829.67,4.55185e+06
2056,46,59,90.9231,-1381.32,4.41588e+06
2057,46,60,140.321,-3867.7,5.03061e+06
2058,46,61,82.9265,-959.691,6.17756e+06
2059,46,62,124.461,-3077.94,6.84664e+06
2060,46,63,100.722,-1859.37,6.99695e+06
2061,46,64,106.93,-2180.09,6.83888e+06
2062,46,65,162.925,-5091.83,9.46313e+06
2063,46,66,203.688,-7225.12,1.10034e+07
2064,46,67,229.633,-8591.54,1.15976e+07
2065,46,68,252.53,-9805.06,1.2117e+07
2066,46,69,255.935,-9986.67,1.18819e+07
2067,46,70,267.946,-10631.3,1.19294e+07
2068,47,51,-391,22551,783818
2069,47,52,-300.857,18194.1,792929
2070,47,53,-291.071,17717.9,735798
2071,47,54,-275.238,16942,695722
2072,47,55,-236.167,15014.5,727173
2073,47,56,-147.758,10623.5,1.23363e+06
2074,47,57,-75.0909,6990.18,1.70162e+06
2075,47,58,75.1049,-569.674,4.7333e+06
2076,47,59,88.5714,-1251.98,4.58117e+06
2077,47,60,145.363,-4148.33,5.19893e+06
2078,47,61,79.6429,-774.714,6.37574e+06
2079,47,62,126.779,-3210.1,7.05462e+06
2080,47,63,99.9755,-1816.3,7.19945e+06
2081,47,64,106.956,-2181.59,7.02629e+06
2082,47,65,168.842,-5440.95,9.67692e+06
2083,47,66,213.09,-7786.1,1.11787e+07
2084,47,67,240.61,-9253.84,1.17153e+07
2085,47,68,264.591,-10540.8,1.21697e+07
2086,47,69,267.243,-10684,1.19126e+07
2087,47,70,279.313,-11339.8,1.19125e+07
2088,48,52,-104,8220,464226
2089,48,53,-156.571,10813.5,450105
2090,48,54,-174.643,11711.1,422477
2091,48,55,-150.952,10526.5,411859
2092,48,56,-61.8333,6040.89,758940
2093,48,57,8.18182,2493.45,1.06103e+06
2094,48,58,170.545,-5787.09,3.63464e+06
2095,48,59,170.35,-5777.04,3.47991e+06
2096,48,60,223.297,-8512.64,3.86225e+06
2097,48,61,137.055,-4028.07,5.53065e+06
2098,48,62,182.821,-6423.18,5.99931e+06
2099,48,63,145.662,-4466.1,6.35654e+06
2100,48,64,148.088,-4594.71,6.16966e+06
2101,48,65,212.281,-8018.3,8.50555e+06
2102,48,66,256.614,-10397.5,9.73511e+06
2103,48,67,282.534,-11797.2,1.0088e+07
2104,48,68,304.805,-13007.3,1.03727e+07
2105,48,69,304.043,-12965.6,1.0135e+07
2106,48,70,313.962,-13511.2,1.00576e+07
2107,49,53,-156,10784,493062
2108,49,54,-180.286,12006.4,455720
2109,49,55,-148.214,10381.4,440057
2110,49,56,-37.5,4735,775670
2111,49,57,42.6667,619.778,1.03122e+06
2112,49,58,230.606,-9090.42,3.4356e+06
2113,49,59,219.455,-8510.55,3.28809e+06
2114,49,60,273.042,-11315,3.54325e+06
2115,49,61,165.879,-5671.04,5.52973e+06
2116,49,62,214.066,-8224.95,5.89331e+06
2117,49,63,167.786,-5756.67,6.36448e+06
2118,49,64,167.75,-5754.75,6.16238e+06
2119,49,65,237.181,-9504.04,8.36355e+06
2120,49,66,283.674,-12030.1,9.44441e+06
2121,49,67,309.474,-13440.5,9.68575e+06
2122,49,68,331.278,-14639.8,9.86469e+06
2123,49,69,327.922,-14454.1,9.63893e+06
2124,49,70,336.573,-14935.6,9.5115e+06
2125,50,54,-340,20418,233034
2126,50,55,-244,15490,300520
2127,50,56,-74.2857,6721.43,786263
2128,50,57,35.119,1032.38,1.09096e+06
2129,50,58,266.5,-11076.6,3.52696e+06
2130,50,59,245.939,-9993.7,3.37538e+06
2131,50,60,304.455,-13095,3.55898e+06
2132,50,61,174.196,-6147.87,5.74221e+06
2133,50,62,228.516,-9063.08,6.06307e+06
2134,50,63,173.56,-6095.45,6.57705e+06
2135,50,64,172.75,-6051.42,6.35424e+06
2136,50,65,250.235,-10287.3,8.53404e+06
2137,50,66,300.662,-13060.7,9.53736e+06
2138,50,67,327.441,-14542.5,9.7054e+06
2139,50,68,349.649,-15778.8,9.81202e+06
2140,50,69,344.12,-15469.2,9.59085e+06
2141,50,70,352.052,-15916,9.42666e+06
2142,51,55,-88,7118,75257.1
2143,51,56,86.2857,-2002.95,358051
2144,51,57,181.071,-6995,489959
2145,51,58,433.81,-20390.1,2.35535e+06
2146,51,59,371.5,-17066.9,2.40183e+06
2147,51,60,416.606,-19487.6,2.42012e+06
2148,51,61,242.273,-10073.6,5.33147e+06
2149,51,62,294.301,-12900.5,5.47697e+06
2150,51,63,220.769,-8880.77,6.26283e+06
2151,51,64,213.099,-8458.9,6.04933e+06
2152,51,65,295.536,-13020.4,7.97321e+06
2153,51,66,346.603,-15863.1,8.75448e+06
2154,51,67,371.127,-17236.5,8.79067e+06
2155,51,68,390.949,-18353.2,8.7823e+06
2156,51,69,380.491,-17760.5,8.62912e+06
2157,51,70,385.579,-18050.5,8.43372e+06
2158,52,56,117,-3682,382381
2159,52,57,233.143,-9876.29,477560
2160,52,58,543.214,-26516.8,2.13796e+06
2161,52,59,437.976,-20833.9,2.32879e+06
2162,52,60,478.333,-23026.7,2.27161e+06
2163,52,61,256.788,-10915.5,5.56971e+06
2164,52,62,315.636,-14152.2,5.65509e+06
2165,52,63,226.294,-9208.55,6.51268e+06
2166,52,64,216.593,-8668.57,6.2746e+06
2167,52,65,310.308,-13916.6,8.1823e+06
2168,52,66,366.214,-17066,8.88402e+06
2169,52,67,391.353,-18490.5,8.85259e+06
2170,52,68,411.127,-19617.6,8.78175e+06
2171,52,69,397.265,-18822.9,8.65136e+06
2172,52,70,401.123,-19045.3,8.43165e+06
2173,53,57,414,-19944,181819
2174,53,58,767.143,-39131.4,1.35394e+06
2175,53,59,567.857,-28237.1,1.95401e+06
2176,53,60,585.833,-29225.8,1.8374e+06
2177,53,61,291.167,-12920.9,5.78431e+06
2178,53,62,354.909,-16469.3,5.77015e+06
2179,53,63,242.182,-10156.5,6.766e+06
2180,53,64,228.217,-9369.85,6.50479e+06
2181,53,65,334.56,-15396,8.34272e+06
2182,53,66,394.989,-18840.4,8.92734e+06
2183,53,67,419.643,-20253.9,8.81505e+06
2184,53,68,438.353,-21332.9,8.67399e+06
2185,53,69,419.657,-20248.5,8.58796e+06
2186,53,70,421.455,-20353.4,8.34796e+06
2187,54,58,1011,-52950,862635
2188,54,59,664,-33749.3,1.93447e+06
2189,54,60,659.643,-33506.8,1.7913e+06
2190,54,61,272.857,-11846.8,6.1186e+06
2191,54,62,354.833,-16464.8,6.08227e+06
2192,54,63,219.576,-8800.18,7.04291e+06
2193,54,64,207.182,-8093.73,6.73043e+06
2194,54,65,334.755,-15407.9,8.68337e+06
2195,54,66,404.451,-19427,9.24175e+06
2196,54,67,431.275,-20982.8,9.08057e+06
2197,54,68,450.929,-22129.3,8.89367e+06
2198,54,69,428.324,-20803.1,8.81395e+06
2199,54,70,429.314,-20861.6,8.55128e+06
2200,55,59,689,-35191,2.11258e+06
2201,55,60,674.857,-34394.3,1.93042e+06
2202,55,61,173.214,-5967.86,6.22583e+06
2203,55,62,300.595,-13228.6,6.30562e+06
2204,55,63,147.333,-4441.56,7.04115e+06
2205,55,64,146.909,-4417.09,6.67984e+06
2206,55,65,308.636,-13797.3,8.97144e+06
2207,55,66,394.301,-18794.4,9.59927e+06
2208,55,67,426.813,-20701.8,9.41833e+06
2209,55,68,449.912,-22064.6,9.20549e+06
2210,55,69,424.429,-20552.6,9.0968e+06
2211,55,70,426.029,-20648.1,8.80895e+06
2212,56,60,575,-28536,2.01061e+06
2213,56,61,-60.5714,7903.43,5.68339e+06
2214,56,62,170,-5392.86,6.1995e+06
2215,56,63,11.0714,3825,6.54924e+06
2216,56,64,40.8333,2088.89,6.21602e+06
2217,56,65,256.121,-10541.3,9.12153e+06
2218,56,66,366.909,-17077.8,9.91828e+06
2219,56,67,409.406,-19599.3,9.74453e+06
2220,56,68,438.736,-21349.3,9.52147e+06
2221,56,69,411.209,-19697.7,9.35941e+06
2222,56,70,414.786,-19913.5,9.04606e+06
2223,57,61,-391,27619,5.08651e+06
2224,57,62,26.5714,3260.67,6.3043e+06
2225,57,63,-136.786,12844.3,6.30734e+06
2226,57,64,-62.619,8468.45,6.06334e+06
2227,57,65,223.5,-8507.94,9.5369e+06
2228,57,66,362.97,-16829.6,1.04008e+07
2229,57,67,413.909,-19886,1.01749e+07
2230,57,68,447.378,-21905.3,9.89587e+06
2231,57,69,414.286,-19897.7,9.71033e+06
2232,57,70,417.934,-20120.2,9.36034e+06
2233,58,62,-266,21010,6.0128e+06
2234,58,63,-386.286,28147,5.62674e+06
2235,58,64,-219.643,18203.9,5.69916e+06
2236,58,65,177.262,-5610.36,1.00096e+07
2237,58,66,358,-16514.9,1.09615e+07
2238,58,67,420.121,-20283.6,1.06675e+07
2239,58,68,458.545,-22627.5,1.0318e+07
2240,58,69,418.077,-20145.4,1.01041e+07
2241,58,70,421.703,-20369,9.7101e+06
2242,59,63,-147,13391,5.5663e+06
2243,59,64,-4.57143,4797.81,5.27455e+06
2244,59,65,444.286,-22432.9,8.43693e+06
2245,59,66,603.452,-32142,8.64441e+06
2246,59,67,624.833,-33453.4,8.17136e+06
2247,59,68,630,-33772,7.75389e+06
2248,59,69,551,-28874,8.01402e+06
2249,59,70,533.077,-27756.8,7.71704e+06
2250,60,64,-82,9650,5.71543e+06
2251,60,65,542.286,-28639.5,8.92996e+06
2252,60,66,718.929,-39532.5,8.8179e+06
2253,60,67,716.786,-39399.6,8.24853e+06
2254,60,68,702.667,-38519.6,7.78609e+06
2255,60,69,593.333,-31668,8.21816e+06
2256,60,70,564.455,-29848.6,7.91869e+06
2257,61,65,1188,-69750,5.43144e+06
2258,61,66,1208.29,-71014.5,4.96213e+06
2259,61,67,1065.71,-62080,4.95257e+06
2260,61,68,960.833,-55472.5,4.95938e+06
2261,61,69,769.833,-43375.8,6.3782e+06
2262,61,70,699.879,-38922.1,6.39134e+06
2263,62,66,1028,-59356,5.09657e+06
2264,62,67,898,-51122.7,4.8135e+06
2265,62,68,811.071,-45588.2,4.58972e+06
2266,62,69,609.762,-32704.4,5.49684e+06
2267,62,70,559.833,-29492.3,5.2988e+06
2268,63,67,1422,-85532,2.40773e+06
2269,63,68,1131.43,-66838.6,3.00222e+06
2270,63,69,781.071,-44182.1,4.94463e+06
2271,63,70,675.833,-37341.7,4.95419e+06
2272,64,68,822,-46210,2.28966e+06
2273,64,69,458,-22428.7,3.3523e+06
2274,64,70,415,-19605,3.13624e+06
2275,65,69,-113,16209,270023
2276,65,70,20,7386.67,414998
2277,66,70,21,7318,454597
