id,low,hi,m,q,cost
0,0,9,339.576,816.909,125.328
1,0,10,324,863.636,137.035
2,0,11,298.322,949.231,150.089
3,0,12,260.44,1088.13,166.102
4,0,13,246.615,1143.43,178.359
5,0,14,208.964,1306.58,196.156
6,0,15,206.956,1315.96,207.989
7,0,16,195.245,1374.51,220.658
8,0,17,190.795,1398.25,232.564
9,0,18,173.702,1495.11,247.339
10,0,19,166.338,1539.29,259.801
11,0,20,150.026,1642.6,275.391
12,0,21,145.957,1669.72,287.559
13,0,22,145.623,1672.07,299.418
14,0,23,148.309,1652.37,311.411
15,0,24,141.185,1706.98,324.725
16,0,25,124.291,1842.14,345.169
17,0,26,117.753,1896.61,358.554
18,0,27,114.236,1927.09,371.083
19,0,28,104.956,2010.62,386.57
20,0,29,101.315,2044.6,399.303
21,0,30,98.9919,2067.06,411.712
22,0,31,103.504,2021.93,425.017
23,0,32,102.199,2035.42,437.244
24,0,33,93.2345,2131.04,455.097
25,0,34,95.2297,2109.1,467.622
26,0,35,81.8417,2260.83,492.834
27,0,36,70.1612,2397.1,513.86
28,0,37,55.9788,2567.29,537.628
29,0,38,50.7308,2632.01,552.091
30,0,39,45.3874,2699.7,566.759
31,0,40,39.5157,2776.03,581.949
32,0,41,31.1563,2887.49,599.575
33,0,42,27.5219,2937.16,613.621
34,0,43,23.4292,2994.45,628.019
35,0,44,16.4572,3094.39,645.045
36,0,45,25.8791,2956.2,665.283
37,0,46,22.1381,3012.31,679.744
38,0,47,23.8146,2986.61,693.324
39,0,48,21.7827,3018.44,707.042
40,0,49,18.3808,3072.87,721.576
41,0,50,17.9692,3079.59,734.9
42,0,51,14.7123,3133.88,749.527
43,0,52,12.5133,3171.26,763.478
44,0,53,9.49419,3223.59,778.105
45,0,54,6.48196,3276.81,792.824
46,0,55,4.14491,3318.87,807.043
47,0,56,3.88903,3323.56,820.349
48,0,57,4.33572,3315.23,833.665
49,0,58,9.37522,3219.47,852.209
50,0,59,10.1906,3203.71,865.684
51,0,60,13.7361,3133.98,881.884
52,0,61,10.8454,3191.8,897.23
53,0,62,14.47,3118.1,913.859
54,0,63,13.5762,3136.57,927.466
55,0,64,14.9392,3107.94,941.374
56,0,65,21.1957,2974.47,965.65
57,0,66,27.0253,2848.17,987.98
58,0,67,32.0779,2737.01,1007.99
59,0,68,37.3098,2620.16,1028.39
60,0,69,40.6484,2544.49,1044.93
61,0,70,45.1556,2440.82,1063.82
62,1,10,339.091,758,125.357
63,1,11,306,890.364,138.634
64,1,12,260.524,1087.42,154.52
65,1,13,244.56,1161.92,166.796
66,1,14,201.824,1375.6,184.094
67,1,15,200.5,1382.67,195.976
68,1,16,188.132,1452.75,208.544
69,1,17,183.995,1477.57,220.437
70,1,18,165.759,1593.07,234.902
71,1,19,158.456,1641.75,247.243
72,1,20,141.301,1761.84,262.469
73,1,21,137.675,1788.43,274.546
74,1,22,138.063,1785.45,286.402
75,1,23,141.64,1756.84,298.483
76,1,24,134.478,1816.52,311.584
77,1,25,116.769,1970,331.602
78,1,26,110.308,2028.15,344.784
79,1,27,107.082,2058.26,357.179
80,1,28,97.6492,2149.44,372.385
81,1,29,94.2611,2183.33,384.957
82,1,30,92.2536,2204.07,397.239
83,1,31,97.4919,2148.19,410.781
84,1,32,96.4809,2159.31,422.921
85,1,33,87.3195,2263.14,440.522
86,1,34,89.78,2234.44,453.131
87,1,35,75.9384,2400.54,478.145
88,1,36,63.9369,2548.56,498.938
89,1,37,49.3243,2733.65,522.492
90,1,38,44.1503,2800.91,536.785
91,1,39,38.8704,2871.31,551.276
92,1,40,33.031,2951.12,566.279
93,1,41,24.5801,3069.43,583.71
94,1,42,21.0858,3119.51,597.603
95,1,43,17.1021,3177.94,611.836
96,1,44,10.1008,3282.96,628.685
97,1,45,20.224,3127.74,649.57
98,1,46,16.5661,3185.04,663.894
99,1,47,18.5511,3153.28,677.524
100,1,48,16.6538,3184.27,691.142
101,1,49,13.3224,3239.8,705.538
102,1,50,13.0968,3243.63,718.814
103,1,51,9.90317,3298.99,733.301
104,1,52,7.80458,3336.06,747.134
105,1,53,4.84922,3389.26,761.621
106,1,54,1.89747,3443.38,776.199
107,1,55,-0.357864,3485.47,790.288
108,1,56,-0.462064,3487.45,803.54
109,1,57,0.152969,3475.56,816.846
110,1,58,5.51047,3370.2,835.862
111,1,59,6.48451,3350.72,849.357
112,1,60,10.2717,3273.71,865.816
113,1,61,7.39979,3333.07,881.037
114,1,62,11.2525,3252.16,897.926
115,1,63,10.4325,3269.65,911.469
116,1,64,11.9364,3237.07,925.442
117,1,65,18.4777,3093.16,950.213
118,1,66,24.5663,2957.18,972.86
119,1,67,29.8432,2837.57,993.073
120,1,68,35.2947,2712.19,1013.64
121,1,69,38.7885,2630.66,1030.26
122,1,70,43.4776,2519.69,1049.25
123,2,11,297.576,957.758,127.118
124,2,12,245.364,1218.82,142.445
125,2,13,229.266,1304.67,154.574
126,2,14,182.308,1570.77,171.189
127,2,15,183.582,1563.12,183.079
128,2,16,171.821,1637.61,195.42
129,2,17,169.206,1655.04,207.22
130,2,18,150.564,1785.54,221.273
131,2,19,144.138,1832.66,233.388
132,2,20,126.684,1966.47,248.198
133,2,21,124.158,1986.68,260.105
134,2,22,125.87,1972.42,271.93
135,2,23,130.881,1928.99,284.146
136,2,24,124.032,1990.63,296.952
137,2,25,105.717,2161.57,316.714
138,2,26,99.6231,2220.48,329.623
139,2,27,96.9709,2247,341.817
140,2,28,87.5885,2343.95,356.73
141,2,29,84.6771,2375.01,369.075
142,2,30,83.1921,2391.34,381.171
143,2,31,89.3838,2321.17,395.12
144,2,32,88.8306,2327.62,407.131
145,2,33,79.5748,2438.69,424.553
146,2,34,82.6537,2400.72,437.293
147,2,35,68.4171,2581.05,462.38
148,2,36,56.1597,2740.39,483.044
149,2,37,41.1673,2940.29,506.527
150,2,38,36.1546,3008.8,520.622
151,2,39,31.0176,3080.72,534.912
152,2,40,25.2814,3162.94,549.709
153,2,41,16.7955,3287.4,566.963
154,2,42,13.5105,3336.67,580.677
155,2,43,9.69776,3395.13,594.72
156,2,44,2.71519,3504.53,611.401
157,2,45,13.6342,3329.82,633.201
158,2,46,10.1067,3387.44,647.369
159,2,47,12.4588,3348.24,661.067
160,2,48,10.7401,3377.46,674.568
161,2,49,7.51628,3433.33,688.809
162,2,50,7.51837,3433.3,702.029
163,2,51,4.42017,3489.07,716.362
164,2,52,2.4543,3525.11,730.058
165,2,53,-0.408947,3578.55,744.391
166,2,54,-3.27367,3632.98,758.814
167,2,55,-5.421,3674.5,772.755
168,2,56,-5.34488,3673,785.946
169,2,57,-4.53349,3656.77,799.245
170,2,58,1.17643,3540.67,818.881
171,2,59,2.33351,3516.76,832.405
172,2,60,6.38983,3431.58,849.195
173,2,61,3.55154,3492.13,864.284
174,2,62,7.6568,3403.18,881.5
175,2,63,6.92629,3419.25,894.971
176,2,64,8.58919,3382.11,909.024
177,2,65,15.4396,3226.84,934.42
178,2,66,21.809,3080.34,957.462
179,2,67,27.3293,2951.53,977.923
180,2,68,33.0186,2816.89,998.691
181,2,69,36.6821,2728.96,1015.42
182,2,70,41.5681,2610.07,1034.53
183,3,12,229.394,1362.55,130.409
184,3,13,213.273,1459.27,142.451
185,3,14,161.154,1789.36,158.408
186,3,15,165.879,1757.86,170.359
187,3,16,154.967,1834.24,182.528
188,3,17,154.25,1839.5,194.294
189,3,18,135.147,1985.96,207.955
190,3,19,129.779,2028.9,219.896
191,3,20,111.981,2177.21,234.287
192,3,21,110.737,2188,246.078
193,3,22,113.962,2158.97,257.938
194,3,23,120.584,2097.16,270.354
195,3,24,114.049,2160.34,282.894
196,3,25,95.0099,2350.73,302.317
197,3,26,89.3,2409.73,314.978
198,3,27,87.2615,2431.48,327.011
199,3,28,77.9043,2534.41,341.619
200,3,29,75.4945,2561.72,353.771
201,3,30,74.5594,2572.63,365.721
202,3,31,81.7734,2486.06,380.138
203,3,32,81.6908,2487.08,392.066
204,3,33,72.2984,2606.05,409.261
205,3,34,76.0246,2557.61,422.177
206,3,35,61.3269,2753.58,447.204
207,3,36,48.7655,2925.25,467.678
208,3,37,33.3389,3141.22,491.011
209,3,38,28.4826,3210.83,504.921
210,3,39,23.4827,3284.16,519.019
211,3,40,17.8411,3368.78,533.614
212,3,41,9.30162,3499.72,550.673
213,3,42,6.22702,3547.89,564.222
214,3,43,2.58362,3606.19,578.083
215,3,44,-4.39267,3720.13,594.584
216,3,45,7.36484,3524.17,617.297
217,3,46,3.96195,3582.02,631.321
218,3,47,6.6917,3534.71,645.106
219,3,48,5.14894,3561.96,658.508
220,3,49,2.0259,3618.18,672.607
221,3,50,2.25684,3613.94,685.791
222,3,51,-0.753061,3670.13,699.977
223,3,52,-2.59064,3705.04,713.553
224,3,53,-5.36833,3758.74,727.74
225,3,54,-8.15248,3813.5,742.015
226,3,55,-10.1967,3854.38,755.821
227,3,56,-9.94092,3849.18,768.971
228,3,57,-8.9329,3828.35,782.283
229,3,58,-2.86193,3700.86,802.518
230,3,59,-1.52256,3672.29,816.086
231,3,60,2.80661,3578.49,833.191
232,3,61,-0.00642899,3640.38,848.153
233,3,62,4.35427,3542.99,865.674
234,3,63,3.70809,3557.63,879.088
235,3,64,5.52844,3515.76,893.227
236,3,65,12.6935,3348.58,919.145
237,3,66,19.3478,3191.1,942.502
238,3,67,25.1136,3052.72,963.156
239,3,68,31.0425,2908.45,984.072
240,3,69,34.8743,2813.93,1000.88
241,3,70,39.9572,2686.85,1020.08
242,4,13,226,1332,130.519
243,4,14,162.091,1779.36,146.404
244,4,15,167.448,1740.08,158.445
245,4,16,154.615,1838.46,170.682
246,4,17,153.846,1844.62,182.53
247,4,18,132.25,2024.58,196.104
248,4,19,126.574,2073.78,208.076
249,4,20,107.059,2249.41,222.267
250,4,21,106.223,2257.21,234.099
251,4,22,110.263,2218.16,246.036
252,4,23,117.917,2141.62,258.534
253,4,24,111.013,2212.96,271.021
254,4,25,90.5195,2431.56,289.98
255,4,26,84.7036,2495.53,302.564
256,4,27,82.8783,2516.22,314.585
257,4,28,73.1231,2630.03,328.974
258,4,29,70.8957,2656.76,341.084
259,4,30,70.232,2664.95,353.025
260,4,31,78.2704,2563.13,367.615
261,4,32,78.4236,2561.13,379.56
262,4,33,68.6229,2691.81,396.467
263,4,34,72.8266,2634.36,409.49
264,4,35,57.4102,2850.19,434.039
265,4,36,44.3249,3037.75,454.17
266,4,37,28.2521,3273.48,477.122
267,4,38,23.409,3346.13,490.917
268,4,39,18.4131,3422.73,504.887
269,4,40,12.7406,3511.6,519.331
270,4,41,4.02013,3651.13,536.173
271,4,42,1.0587,3699.5,549.622
272,4,43,-2.50844,3758.95,563.363
273,4,44,-9.57666,3879.11,579.67
274,4,45,2.9876,3661.33,602.865
275,4,46,-0.369979,3720.64,616.799
276,4,47,2.68076,3665.73,630.661
277,4,48,1.24769,3692,644.018
278,4,49,-1.8415,3749.67,658.022
279,4,50,-1.43617,3741.97,671.208
280,4,51,-4.41761,3799.61,685.296
281,4,52,-6.18061,3834.28,698.802
282,4,53,-8.92581,3889.19,712.887
283,4,54,-11.6796,3945.18,727.057
284,4,55,-13.6669,3986.25,740.775
285,4,56,-13.2704,3977.92,753.923
286,4,57,-12.1018,3952.99,767.269
287,4,58,-5.69481,3814.18,787.835
288,4,59,-4.20643,3781.43,801.452
289,4,60,0.36881,3679.25,818.733
290,4,61,-2.45717,3743.31,833.601
291,4,62,2.13442,3637.7,851.284
292,4,63,1.54071,3651.55,864.677
293,4,64,3.4918,3605.38,878.879
294,4,65,10.9536,3426.29,904.98
295,4,66,17.8744,3257.89,928.423
296,4,67,23.8665,3110.08,949.12
297,4,68,30.0162,2956.34,970.049
298,4,69,33.9952,2855.54,986.881
299,4,70,39.2561,2720.51,1006.07
300,5,14,122.909,2210.36,133.036
301,5,15,136.364,2102.73,145.193
302,5,16,126.573,2184.31,157.228
303,5,17,130,2154.62,169.062
304,5,18,108.725,2346.09,182.191
305,5,19,105.429,2376.86,193.976
306,5,20,86.1176,2563.53,207.697
307,5,21,87.6471,2548.24,219.439
308,5,22,94.2002,2480.52,231.501
309,5,23,104.351,2372.25,244.34
310,5,24,98.1128,2440.86,256.538
311,5,25,76.8961,2681.32,275.174
312,5,26,71.7899,2740.89,287.492
313,5,27,70.9289,2751.23,299.361
314,5,28,61.3565,2869.28,313.415
315,5,29,59.8923,2887.83,325.332
316,5,30,60.0239,2886.12,337.148
317,5,31,69.4139,2760.92,352.433
318,5,32,70.2107,2750.03,364.324
319,5,33,60.3005,2888.77,380.991
320,5,34,65.3393,2816.55,394.286
321,5,35,49.4113,3050.16,418.786
322,5,36,36.0081,3251.21,438.72
323,5,37,19.4652,3504.87,461.525
324,5,38,14.8541,3577.11,475.131
325,5,39,10.0616,3653.79,488.903
326,5,40,4.53797,3744.01,503.135
327,5,41,-4.21053,3889.82,519.772
328,5,42,-6.89463,3935.44,533.054
329,5,43,-10.2368,3993.38,546.607
330,5,44,-17.272,4117.67,562.723
331,5,45,-3.71951,3873.72,587.029
332,5,46,-6.91759,3932.35,600.822
333,5,47,-3.42042,3867.07,614.806
334,5,48,-4.6413,3890.27,628.075
335,5,49,-7.60606,3947.59,641.939
336,5,50,-6.93247,3934.34,655.11
337,5,51,-9.80689,3991.83,669.054
338,5,52,-11.4188,4024.6,682.446
339,5,53,-14.0622,4079.23,696.387
340,5,54,-16.7208,4135.06,710.409
341,5,55,-18.5882,4174.9,723.995
342,5,56,-17.9873,4161.88,737.123
343,5,57,-16.5965,4131.28,750.511
344,5,58,-9.78578,3979.18,771.737
345,5,59,-8.09452,3940.84,785.419
346,5,60,-3.21702,3828.66,803.035
347,5,61,-6.01633,3893.98,817.779
348,5,62,-1.14368,3778.66,835.774
349,5,63,-1.64641,3790.72,849.123
350,5,64,0.475966,3739.08,863.421
351,5,65,8.28133,3546.55,889.998
352,5,66,15.5116,3365.79,913.712
353,5,67,21.7689,3207.27,934.568
354,5,68,28.1763,3042.82,955.611
355,5,69,32.3344,2934.71,972.51
356,5,70,37.805,2790.64,991.752
357,6,15,116.727,2338.36,132.855
358,6,16,108.727,2410.36,144.885
359,6,17,115.699,2345.29,156.824
360,6,18,93.3516,2561.32,169.703
361,6,19,91.7802,2577.03,181.481
362,6,20,71.7143,2784.38,194.861
363,6,21,75.2353,2746.82,206.656
364,6,22,84.0196,2650.2,218.888
365,6,23,96.4293,2509.55,231.961
366,6,24,90.3684,2580.26,244.039
367,6,25,67.8045,2851.03,262.165
368,6,26,63.0779,2909.32,274.357
369,6,27,62.9305,2911.19,286.202
370,6,28,53.2213,3037.41,299.98
371,6,29,52.313,3049.52,311.834
372,6,30,53.0615,3039.29,323.64
373,6,31,63.7094,2890.22,339.332
374,6,32,64.9878,2871.9,351.253
375,6,33,54.7427,3022.16,367.611
376,6,34,60.5123,2935.62,381.1
377,6,35,43.8443,3191.19,405.172
378,6,36,29.9355,3409.1,424.772
379,6,37,12.7383,3684.25,447.227
380,6,38,8.25535,3757.47,460.704
381,6,39,3.56914,3835.58,474.331
382,6,40,-1.89916,3928.54,488.394
383,6,41,-10.7761,4082.4,504.805
384,6,42,-13.2504,4126.12,517.976
385,6,43,-16.434,4183.42,531.393
386,6,44,-23.5121,4313.19,547.305
387,6,45,-8.96998,4041.73,572.347
388,6,46,-12.0679,4100.6,586.044
389,6,47,-8.15898,4025.02,600.139
390,6,48,-9.21625,4045.82,613.362
391,6,49,-12.1078,4103.65,627.128
392,6,50,-11.2042,4085.27,640.312
393,6,51,-14.0179,4143.42,654.152
394,6,52,-15.5192,4174.95,667.473
395,6,53,-18.1019,4230.05,681.307
396,6,54,-20.7041,4286.43,695.217
397,6,55,-22.4869,4325.65,708.711
398,6,56,-21.7095,4308.29,721.849
399,6,57,-20.1221,4272.31,735.294
400,6,58,-12.9213,4106.69,756.942
401,6,59,-11.0513,4063.06,770.689
402,6,60,-5.88889,3940.88,788.517
403,6,61,-8.69275,4008.17,803.165
404,6,62,-3.55522,3883.16,821.349
405,6,63,-3.99213,3893.94,834.68
406,6,64,-1.71829,3837.09,849.053
407,6,65,6.42039,3630.91,875.83
408,6,66,13.9487,3437.68,899.632
409,6,67,20.4583,3268.43,920.53
410,6,68,27.1107,3093.25,941.582
411,6,69,31.432,2978.02,958.498
412,6,70,37.0988,2825.02,977.729
413,7,16,27.8788,3461.39,124.296
414,7,17,50.8182,3232,136.556
415,7,18,35.5594,3389.67,148.401
416,7,19,42.6374,3314.18,159.705
417,7,20,26.7253,3489.21,172.311
418,7,21,36.7143,3376,184.176
419,7,22,51.4118,3204.53,197.46
420,7,23,69.1176,2992.06,212.297
421,7,24,65.418,3037.69,223.733
422,7,25,43.1053,3320.32,242.531
423,7,26,40.3759,3355.8,254.184
424,7,27,42.3766,3329.12,265.75
425,7,28,33.6533,3448.34,279.106
426,7,29,34.3676,3438.34,290.593
427,7,30,36.6739,3405.28,302.218
428,7,31,49.4846,3217.39,320.2
429,7,32,51.9556,3180.33,332.071
430,7,33,41.917,3334.25,348.414
431,7,34,49.0148,3223.05,362.639
432,7,35,31.9901,3495.45,387.474
433,7,36,17.9444,3724.86,407.142
434,7,37,0.41129,4017.08,429.82
435,7,38,-3.58138,4084.96,443.04
436,7,39,-7.83422,4158.67,456.402
437,7,40,-12.9534,4249.11,470.194
438,7,41,-21.7059,4406.66,486.43
439,7,42,-23.7104,4443.41,499.371
440,7,43,-26.5007,4495.49,512.536
441,7,44,-33.4216,4626.99,528.269
442,7,45,-17.6255,4321.6,555.359
443,7,46,-20.4456,4377.06,568.881
444,7,47,-15.9373,4286.89,583.182
445,7,48,-16.6745,4301.88,596.298
446,7,49,-19.3537,4357.25,609.891
447,7,50,-18.0796,4330.5,623.07
448,7,51,-20.7128,4386.67,636.737
449,7,52,-21.9883,4414.31,649.918
450,7,53,-24.4056,4467.49,663.576
451,7,54,-26.8536,4522.16,677.309
452,7,55,-28.4582,4558.53,690.641
453,7,56,-27.4108,4534.44,703.772
454,7,57,-25.5376,4490.73,717.3
455,7,58,-17.8515,4308.83,739.963
456,7,59,-15.7249,4257.79,753.812
457,7,60,-10.1982,4123.31,772.123
458,7,61,-12.9473,4191.12,786.633
459,7,62,-7.47437,4054.29,805.254
460,7,63,-7.78908,4062.27,818.535
461,7,64,-5.30592,3998.53,833.038
462,7,65,3.23027,3776.59,860.472
463,7,66,11.1159,3568.94,884.641
464,7,67,17.9318,3387.18,905.751
465,7,68,24.8803,3199.57,926.959
466,7,69,29.4096,3075.77,943.961
467,7,70,35.3166,2912.34,963.274
468,8,17,22.9697,3621.88,123.761
469,8,18,10,3764.55,135.219
470,8,19,22.5175,3622.68,146.77
471,8,20,7.25275,3800.77,158.894
472,8,21,21.4505,3630.4,171.205
473,8,22,40.1429,3399.86,185.09
474,8,23,61.4706,3129.71,200.389
475,8,24,58.2353,3171.76,211.773
476,8,25,34.2415,3491.68,229.979
477,8,26,32.1579,3520.16,241.572
478,8,27,35.1805,3477.84,253.21
479,8,28,26.3117,3604.96,266.302
480,8,29,27.7583,3583.74,277.816
481,8,30,30.8399,3537.52,289.533
482,8,31,45.2043,3317.27,307.919
483,8,32,48.2154,3270.09,319.871
484,8,33,37.6923,3438.46,335.904
485,8,34,45.6288,3308.83,350.303
486,8,35,27.63,3608.81,374.583
487,8,36,12.9163,3858.95,393.88
488,8,37,-5.4505,4177.3,416.132
489,8,38,-9.32258,4245.71,429.263
490,8,39,-13.4824,4320.59,442.52
491,8,40,-18.5695,4413.85,456.175
492,8,41,-27.5065,4580.67,472.183
493,8,42,-29.2941,4614.64,485.054
494,8,43,-31.9292,4665.58,498.119
495,8,44,-38.9308,4803.28,513.647
496,8,45,-22.0133,4464.93,541.329
497,8,46,-24.753,4520.64,554.79
498,8,47,-19.8039,4418.36,569.201
499,8,48,-20.3885,4430.63,582.304
500,8,49,-23.0184,4486.74,595.834
501,8,50,-21.5146,4454.16,609.05
502,8,51,-24.1113,4511.28,622.646
503,8,52,-25.2925,4537.66,635.79
504,8,53,-27.6713,4591.58,649.374
505,8,54,-30.0844,4647.08,663.027
506,8,55,-31.6213,4682.94,676.3
507,8,56,-30.402,4654.09,689.467
508,8,57,-28.3342,4604.46,703.065
509,8,58,-20.2371,4407.43,725.992
510,8,59,-17.9369,4350.69,739.903
511,8,60,-12.1182,4205.23,758.334
512,8,61,-14.898,4275.65,772.776
513,8,62,-9.15512,4128.25,791.491
514,8,63,-9.42105,4135.16,804.775
515,8,64,-6.79349,4065.97,819.331
516,8,65,2.08834,3829.12,846.761
517,8,66,10.28,3607.95,870.883
518,8,67,17.3509,3414.67,891.946
519,8,68,24.5463,3215.6,913.084
520,8,69,29.2325,3084.39,930.064
521,8,70,35.3327,2911.55,949.313
522,9,18,24.3636,3549.09,123.676
523,9,19,36.5455,3402.91,135.083
524,9,20,16.3986,3651.39,147.484
525,9,21,31.3736,3461.7,159.561
526,9,22,51.3187,3202.42,173.022
527,9,23,74,2900,187.798
528,9,24,68.7941,2971.15,199.292
529,9,25,40.7353,3363.97,217.975
530,9,26,37.6987,3407.5,229.644
531,9,27,40.4561,3367.05,241.264
532,9,28,30.1729,3521.3,254.499
533,9,29,31.3896,3502.65,266.028
534,9,30,34.4212,3455.15,277.714
535,9,31,49.7233,3210.32,295.664
536,9,32,52.6087,3163.19,307.56
537,9,33,40.8923,3358.46,323.772
538,9,34,49.1932,3217.35,337.979
539,9,35,29.5971,3557.01,362.236
540,9,36,13.6918,3838,381.426
541,9,37,-5.99507,4192.37,403.396
542,9,38,-10.089,4267.42,416.539
543,9,39,-14.4677,4349.16,429.798
544,9,40,-19.8112,4450.69,443.43
545,9,41,-29.2146,4632.49,459.314
546,9,42,-31.0069,4667.73,472.194
547,9,43,-33.6947,4721.49,485.251
548,9,44,-40.9871,4869.77,500.66
549,9,45,-23.0441,4498.95,528.164
550,9,46,-25.8737,4558.37,541.628
551,9,47,-20.6134,4446.15,556.058
552,9,48,-21.1867,4458.57,569.184
553,9,49,-23.9059,4518.39,582.713
554,9,50,-22.2883,4482.27,595.958
555,9,51,-24.9698,4543.05,609.549
556,9,52,-26.1656,4570.55,622.704
557,9,53,-28.6113,4627.62,636.279
558,9,54,-31.0885,4686.24,649.917
559,9,55,-32.648,4723.67,663.189
560,9,56,-31.3352,4691.73,676.385
561,9,57,-29.1449,4637.7,690.011
562,9,58,-20.6915,4426.36,712.833
563,9,59,-18.2833,4365.36,726.76
564,9,60,-12.2274,4209.92,745.126
565,9,61,-15.108,4284.82,759.56
566,9,62,-9.14465,4127.78,778.2
567,9,63,-9.42063,4135.14,791.503
568,9,64,-6.69925,4061.67,806.053
569,9,65,2.49093,3810.47,833.233
570,9,66,10.9511,3576.4,857.154
571,9,67,18.239,3372.34,878.067
572,9,68,25.6446,3162.52,899.05
573,9,69,30.4484,3024.81,915.954
574,9,70,36.7062,2843.33,935.08
575,10,19,62.4242,2988.85,122.444
576,10,20,33.9091,3359.55,135.418
577,10,21,48.4615,3165.51,147.166
578,10,22,68.8462,2886.92,160.12
579,10,23,92.2637,2559.08,174.332
580,10,24,83.9286,2678.55,186.017
581,10,25,50.4706,3169.26,205.634
582,10,26,45.9314,3237.35,217.395
583,10,27,48.0805,3204.4,228.984
584,10,28,35.9123,3395.04,242.438
585,10,29,36.6767,3382.8,253.974
586,10,30,39.4935,3336.8,265.613
587,10,31,55.7256,3066.26,283.116
588,10,32,58.3399,3021.82,294.943
589,10,33,45.1696,3250.1,311.433
590,10,34,53.7923,3097.77,325.431
591,10,35,32.335,3484,349.782
592,10,36,15.0488,3800.91,368.908
593,10,37,-6.14122,4196.46,390.63
594,10,38,-10.5074,4279.42,403.793
595,10,39,-15.1502,4369.18,417.06
596,10,40,-20.7944,4480.18,430.679
597,10,41,-30.724,4678.77,446.455
598,10,42,-32.5334,4715.57,459.349
599,10,43,-35.2895,4772.53,472.404
600,10,44,-42.9076,4932.5,487.706
601,10,45,-23.861,4526.18,514.991
602,10,46,-26.7994,4589.84,528.463
603,10,47,-21.2135,4466.95,542.907
604,10,48,-21.7854,4479.73,556.056
605,10,49,-24.6107,4543.77,569.591
606,10,50,-22.8798,4503.95,582.863
607,10,51,-25.6608,4568.85,596.454
608,10,52,-26.8801,4597.7,609.624
609,10,53,-29.4045,4658.29,623.195
610,10,54,-31.9565,4720.39,636.824
611,10,55,-33.5461,4759.6,650.099
612,10,56,-32.1392,4724.42,663.322
613,10,57,-29.8241,4665.78,676.975
614,10,58,-20.998,4439.24,699.671
615,10,59,-18.4812,4373.8,713.61
616,10,60,-12.1801,4207.87,731.9
617,10,61,-15.1733,4287.69,746.33
618,10,62,-8.98242,4120.54,764.886
619,10,63,-9.27463,4128.52,778.209
620,10,64,-6.4596,4050.64,792.748
621,10,65,3.05024,3784.37,819.667
622,10,66,11.7877,3536.81,843.38
623,10,67,19.298,3321.51,864.138
624,10,68,26.9188,3100.51,884.962
625,10,69,31.8402,2956.14,901.787
626,10,70,38.2575,2765.76,920.787
627,11,20,45.3333,3165.33,124.029
628,11,21,60.4545,2953.64,135.641
629,11,22,82.2378,2641.41,148.242
630,11,23,107.198,2275.33,161.951
631,11,24,95.5385,2450.22,173.873
632,11,25,56.0714,3055.38,193.793
633,11,26,50.2647,3146.35,205.648
634,11,27,52.1569,3116.08,217.273
635,11,28,38.1837,3344.31,230.791
636,11,29,38.7895,3334.21,242.377
637,11,30,41.6767,3285.13,254.038
638,11,31,59.2468,2980.58,271.172
639,11,32,61.7787,2935.85,282.995
640,11,33,47.164,3198.91,299.518
641,11,34,56.3391,3030.7,313.391
642,11,35,32.9615,3467.08,337.473
643,11,36,14.2974,3821.7,356.383
644,11,37,-8.40659,4260.65,377.739
645,11,38,-12.9228,4349.47,390.897
646,11,39,-17.7192,4445.39,404.146
647,11,40,-23.5684,4564.33,417.719
648,11,41,-33.9597,4779.08,433.339
649,11,42,-35.68,4815.21,446.232
650,11,43,-38.4124,4873.5,459.265
651,11,44,-46.2949,5044.29,474.422
652,11,45,-25.9664,4597.06,501.672
653,11,46,-28.9511,4663.72,515.138
654,11,47,-22.9469,4527.62,529.623
655,11,48,-23.4577,4539.37,542.793
656,11,49,-26.3421,4606.67,556.317
657,11,50,-24.4381,4561.61,569.624
658,11,51,-27.2787,4629.79,583.199
659,11,52,-28.4791,4658.99,596.375
660,11,53,-31.0465,4722.33,609.926
661,11,54,-33.6399,4787.16,623.53
662,11,55,-35.2253,4827.32,636.795
663,11,56,-33.6842,4787.77,650.053
664,11,57,-31.2049,4723.31,663.747
665,11,58,-21.9534,4479.69,686.398
666,11,59,-19.2949,4408.79,700.363
667,11,60,-12.7092,4230.98,718.62
668,11,61,-15.7991,4315.43,733.03
669,11,62,-9.34603,4136.9,751.539
670,11,63,-9.63554,4145.01,764.88
671,11,64,-6.70288,4061.91,779.425
672,11,65,3.16162,3779.13,806.128
673,11,66,12.2071,3516.81,829.66
674,11,67,19.9663,3289.21,850.284
675,11,68,27.8268,3056.02,870.965
676,11,69,32.8843,2904.29,887.725
677,11,70,39.4807,2704.2,906.611
678,12,21,69.8788,2784,124.325
679,12,22,93.9091,2423.55,136.69
680,12,23,121.084,2006.86,149.983
681,12,24,105.495,2251.1,162.143
682,12,25,58.967,2995.54,182.029
683,12,26,52,3109.33,193.964
684,12,27,53.9118,3077.47,205.651
685,12,28,38.0882,3346.47,219.148
686,12,29,38.7719,3334.62,230.795
687,12,30,41.9649,3278.21,242.506
688,12,31,61.2632,2930.84,259.365
689,12,32,63.8442,2883.52,271.214
690,12,33,47.7132,3184.64,287.651
691,12,34,57.6383,2996.06,301.453
692,12,35,32.2043,3487.78,325.12
693,12,36,12.1077,3883.02,343.751
694,12,37,-12.1744,4368.66,364.698
695,12,38,-16.746,4461.61,377.837
696,12,39,-21.6119,4562.18,391.054
697,12,40,-27.5961,4687.84,404.565
698,12,41,-38.4116,4918.57,420.008
699,12,42,-39.9556,4952.03,432.893
700,12,43,-42.5916,5010.02,445.893
701,12,44,-50.6985,5191.07,460.89
702,12,45,-28.9152,4697.32,488.227
703,12,46,-31.902,4766.01,501.679
704,12,47,-25.4003,4614.31,516.222
705,12,48,-25.8061,4623.91,529.41
706,12,49,-28.7187,4693.81,542.916
707,12,50,-26.5951,4642.14,556.263
708,12,51,-29.47,4713.05,569.815
709,12,52,-30.622,4741.85,582.992
710,12,53,-33.2096,4807.41,596.516
711,12,54,-35.823,4874.49,610.086
712,12,55,-37.3813,4915,623.336
713,12,56,-35.6759,4870.09,636.634
714,12,57,-33.0022,4798.79,650.378
715,12,58,-23.2805,4536.31,673.03
716,12,59,-20.4559,4459.1,687.03
717,12,60,-13.5541,4268.15,705.275
718,12,61,-16.7337,4357.18,719.658
719,12,62,-9.99095,4166.14,738.141
720,12,63,-10.2668,4174.04,751.499
721,12,64,-7.19965,4085.1,766.058
722,12,65,3.0486,3784.48,792.569
723,12,66,12.4271,3506.25,815.938
724,12,67,20.4556,3265.4,836.439
725,12,68,28.5747,3019.12,856.987
726,12,69,33.7808,2859.46,873.688
727,12,70,40.5704,2648.99,892.467
728,13,22,82.5455,2639.45,125.219
729,13,23,116.727,2092.55,138.635
730,13,24,99.2657,2377.75,150.729
731,13,25,46.5385,3256.54,169.783
732,13,26,40.3516,3361.71,181.677
733,13,27,44.0714,3297.24,193.441
734,13,28,27.5,3590,206.663
735,13,29,29.5098,3553.82,218.354
736,13,30,34.0867,3469.91,230.16
737,13,31,56.2456,3056.28,247.266
738,13,32,59.5865,2992.8,259.188
739,13,33,42.3247,3326.53,275.281
740,13,34,53.642,3103.96,289.218
741,13,35,26.3439,3649.92,312.254
742,13,36,5.06087,4082.68,330.492
743,13,37,-20.6,4613,350.979
744,13,38,-24.8752,4702.78,364.049
745,13,39,-29.4994,4801.43,377.178
746,13,40,-35.3476,4928.14,390.565
747,13,41,-46.3744,5170.73,405.777
748,13,42,-47.4905,5195.66,418.617
749,13,43,-49.8105,5248.24,431.538
750,13,44,-57.9729,5435.98,446.326
751,13,45,-34.4285,4886.61,474.256
752,13,46,-37.2666,4953.78,487.665
753,13,47,-30.0868,4781.46,502.325
754,13,48,-30.2548,4785.55,515.517
755,13,49,-33.0844,4855.35,528.976
756,13,50,-30.6193,4793.72,542.374
757,13,51,-33.4352,4865.06,555.873
758,13,52,-34.4465,4891.01,569.031
759,13,53,-36.9739,4956.72,582.497
760,13,54,-39.5325,5024.1,596.004
761,13,55,-40.9906,5062.98,609.213
762,13,56,-39.0437,5010.42,622.562
763,13,57,-36.1014,4930,636.385
764,13,58,-25.8224,4645.61,659.233
765,13,59,-22.7694,4560.12,673.294
766,13,60,-15.4836,4353.69,691.62
767,13,61,-18.7143,4446.31,705.949
768,13,62,-11.6226,4240.65,724.487
769,13,63,-11.8452,4247.18,737.855
770,13,64,-8.59942,4150.89,752.457
771,13,65,2.08837,3830.25,778.892
772,13,66,11.8498,3534.15,802.17
773,13,67,20.1912,3278.35,822.594
774,13,68,28.6097,3017.38,843.05
775,13,69,33.9973,2848.57,859.716
776,13,70,41.0136,2626.39,878.417
777,14,23,142.061,1585.88,126.176
778,14,24,116.818,2015,138.627
779,14,25,52.3776,3131.97,157.851
780,14,26,44.3407,3273.96,169.847
781,14,27,48.022,3207.69,181.67
782,14,28,28.7143,3561.67,194.924
783,14,29,30.8235,3522.29,206.679
784,14,30,35.7843,3428.04,218.525
785,14,31,60.2167,2955.68,235.279
786,14,32,63.4912,2891.28,247.216
787,14,33,44.1128,3278.85,263.301
788,14,34,56.3377,3030.28,277.13
789,14,35,26.3128,3650.79,299.839
790,14,36,3.18182,4136.54,317.841
791,14,37,-24.4609,4726.25,337.948
792,14,38,-28.7692,4819.6,351.017
793,14,39,-33.4496,4922.57,364.133
794,14,40,-39.4383,5056.32,377.479
795,14,41,-50.9606,5317.49,392.535
796,14,42,-51.8374,5337.66,405.383
797,14,43,-54.0222,5388.63,418.291
798,14,44,-62.4395,5587.84,432.937
799,14,45,-37.1444,4980.76,460.863
800,14,46,-39.99,5050,474.272
801,14,47,-32.2277,4858.53,488.978
802,14,48,-32.2829,4859.91,502.196
803,14,49,-35.157,4932.72,515.652
804,14,50,-32.4467,4863.16,529.089
805,14,51,-35.3146,4937.72,542.579
806,14,52,-36.2814,4963.18,555.749
807,14,53,-38.8433,5031.5,569.203
808,14,54,-41.4355,5101.49,582.692
809,14,55,-42.8725,5140.77,595.899
810,14,56,-40.7475,5081.98,609.287
811,14,57,-37.5941,4993.68,623.153
812,14,58,-26.7918,4687.62,645.937
813,14,59,-23.564,4595.09,660.021
814,14,60,-15.9343,4373.83,678.301
815,14,61,-19.2808,4471.99,692.618
816,14,62,-11.8765,4252.33,711.097
817,14,63,-12.098,4258.97,724.485
818,14,64,-8.71493,4156.35,739.089
819,14,65,2.38837,3815.85,765.289
820,14,66,12.5069,3502.18,788.376
821,14,67,21.1328,3231.9,808.659
822,14,68,29.8232,2956.7,828.967
823,14,69,35.3599,2779.53,845.563
824,14,70,42.5745,2546.26,864.147
825,15,24,79.4545,2799.64,124.766
826,15,25,10.0909,4048.18,143.326
827,15,26,7.76224,4090.87,155.059
828,15,27,17.6374,3906.54,166.945
829,15,28,-0.0879121,4243.32,179.663
830,15,29,6.14286,4122.86,191.417
831,15,30,14.8088,3952.43,203.429
832,15,31,44.5833,3356.94,221.561
833,15,32,49.9587,3247.64,233.586
834,15,33,29.9649,3660.84,249.236
835,15,34,44.8271,3348.74,263.513
836,15,35,13.039,4026.88,285.728
837,15,36,-10.9881,4547.47,303.327
838,15,37,-39.8024,5181.38,323.041
839,15,38,-43.1913,5257.07,335.983
840,15,39,-47.0923,5345.49,348.949
841,15,40,-52.4923,5469.69,362.103
842,15,41,-63.9011,5735.9,376.878
843,15,42,-63.9163,5736.26,389.646
844,15,43,-65.4187,5772.32,402.426
845,15,44,-73.6374,5972.3,416.812
846,15,45,-45.9879,5290.28,446.136
847,15,46,-48.4586,5352.05,459.474
848,15,47,-39.7126,5130.48,474.376
849,15,48,-39.3308,5120.68,487.588
850,15,49,-41.9664,5189.21,500.968
851,15,50,-38.7272,5103.91,514.473
852,15,51,-41.4106,5175.47,527.881
853,15,52,-42.1075,5194.28,541.014
854,15,53,-44.502,5259.74,554.383
855,15,54,-46.9409,5327.21,567.779
856,15,55,-48.1794,5361.89,580.923
857,15,56,-45.7005,5291.65,594.381
858,15,57,-42.17,5190.45,608.364
859,15,58,-30.6688,4856.91,631.576
860,15,59,-27.1252,4752.96,645.75
861,15,60,-19.0089,4512.18,664.21
862,15,61,-22.367,4612.93,678.452
863,15,62,-14.5256,4375.07,697.072
864,15,63,-14.648,4378.82,710.465
865,15,64,-11.0276,4266.59,725.137
866,15,65,0.60181,3902.2,751.386
867,15,66,11.1782,3567.28,774.456
868,15,67,20.1798,3279.23,794.711
869,15,68,29.2274,2986.69,814.967
870,15,69,34.987,2798.55,831.551
871,15,70,42.4727,2551.52,850.083
872,16,25,20.1212,3827.52,131.392
873,16,26,15.5455,3914.45,143.237
874,16,27,25.7692,3716.79,155.137
875,16,28,4.06593,4143.63,167.965
876,16,29,10.5934,4013.08,179.752
877,16,30,19.8214,3825.44,191.74
878,16,31,52.6912,3146.13,209.32
879,16,32,57.7451,3040,221.309
880,16,33,34.6646,3532.38,237.108
881,16,34,50.5965,3187.19,251.184
882,16,35,15.0526,3969.16,273.259
883,16,36,-11.4545,4561.15,290.702
884,16,37,-42.8458,5272.69,310.092
885,16,38,-46.2648,5351.32,323.059
886,16,39,-50.2348,5443.96,336.041
887,16,40,-55.8154,5576.03,349.186
888,16,41,-67.8462,5864.77,363.842
889,16,42,-67.5702,5858.05,376.643
890,16,43,-68.919,5891.32,389.436
891,16,44,-77.4631,6104.93,403.714
892,16,45,-47.7152,5351.31,432.836
893,16,46,-50.2339,5415.96,446.193
894,16,47,-40.8303,5171.47,461.11
895,16,48,-40.3576,5159.02,474.354
896,16,49,-43.0879,5231.83,487.75
897,16,50,-39.5994,5137.64,501.286
898,16,51,-42.3835,5213.74,514.706
899,16,52,-43.0654,5232.6,527.863
900,16,53,-45.5356,5301.77,541.239
901,16,54,-48.0466,5372.91,554.64
902,16,55,-49.2917,5408.61,567.798
903,16,56,-46.6376,5331.64,581.286
904,16,57,-42.8944,5221.84,595.293
905,16,58,-30.8245,4863.76,618.335
906,16,59,-27.1128,4752.41,632.513
907,16,60,-18.6364,4495.29,650.872
908,16,61,-22.1566,4603.25,665.123
909,16,62,-13.9905,4350.1,683.635
910,16,63,-14.1403,4354.79,697.05
911,16,64,-10.3929,4236.12,711.701
912,16,65,1.67635,3849.91,737.662
913,16,66,12.6253,3495.89,760.507
914,16,67,21.9175,3192.35,780.595
915,16,68,31.2409,2884.67,800.682
916,16,69,37.1393,2688.06,817.181
917,16,70,44.8189,2429.51,835.58
918,17,26,6.66667,4118.67,131.332
919,17,27,20.3636,3844.73,143.359
920,17,28,-4.05594,4341.26,156.091
921,17,29,4.72527,4159.78,167.992
922,17,30,16.1099,3920.7,180.083
923,17,31,53.8571,3115.43,197.417
924,17,32,59.3971,2995.4,209.457
925,17,33,33.4069,3567.18,225.103
926,17,34,51.2487,3168.71,239.135
927,17,35,11.8947,4060.74,260.708
928,17,36,-16.9474,4724.11,277.844
929,17,37,-50.8052,5514.12,296.801
930,17,38,-53.8114,5585.27,309.769
931,17,39,-57.4704,5673.08,322.735
932,17,40,-62.913,5805.52,335.832
933,17,41,-75.3385,6112.02,350.312
934,17,42,-74.465,6090.18,363.136
935,17,43,-75.4029,6113.94,375.922
936,17,44,-84.0941,6337.01,390.043
937,17,45,-51.8374,5498.34,419.315
938,17,46,-54.2492,5561.85,432.676
939,17,47,-43.9798,5288,447.657
940,17,48,-43.2808,5269.13,460.933
941,17,49,-45.9993,5343.43,474.329
942,17,50,-42.1345,5236.5,487.913
943,17,51,-44.9328,5314.86,501.327
944,17,52,-45.5109,5331.24,514.501
945,17,53,-47.9825,5402.09,527.868
946,17,54,-50.4968,5475,541.254
947,17,55,-51.6802,5509.72,554.414
948,17,56,-48.7739,5423.5,567.95
949,17,57,-44.7439,5302.6,582.007
950,17,58,-32.0112,4916.37,604.987
951,17,59,-28.0716,4795.56,619.192
952,17,60,-19.1663,4519.49,637.503
953,17,61,-22.8195,4633.96,651.744
954,17,62,-14.2695,4363.21,670.194
955,17,63,-14.4137,4367.83,683.631
956,17,64,-10.4988,4241.24,698.283
957,17,65,2.06735,3830.75,724.004
958,17,66,13.4387,3455.5,746.654
959,17,67,23.0633,3134.67,766.598
960,17,68,32.7013,2810.2,786.536
961,17,69,38.7671,2603.96,802.965
962,17,70,46.6709,2332.6,821.246
963,18,27,36.9697,3446.18,131.241
964,18,28,5.09091,4115.64,144.156
965,18,29,13.8112,3929.6,156.079
966,18,30,25.5495,3675.27,168.125
967,18,31,67.3407,2755.87,184.865
968,18,32,71.8214,2655.8,196.866
969,18,33,41.0294,3353.75,212.765
970,18,34,60.0735,2915.74,226.577
971,18,35,15.3664,3958.9,248.106
972,18,36,-16.8772,4722,265.124
973,18,37,-54.1278,5616.02,283.786
974,18,38,-57.1039,5688.43,296.791
975,18,39,-60.7962,5779.51,309.785
976,18,40,-66.4229,5920.18,322.889
977,18,41,-79.5913,6253.78,337.271
978,18,42,-78.3077,6220.83,350.138
979,18,43,-79.0222,6239.41,362.951
980,18,44,-88.0891,6478.17,376.983
981,18,45,-53.243,5548.94,405.977
982,18,46,-55.7241,5615.93,419.365
983,18,47,-44.6719,5313.84,434.349
984,18,48,-43.8831,5292.01,447.66
985,18,49,-46.7339,5371.83,461.079
986,18,50,-42.5902,5254.43,474.69
987,18,51,-45.5264,5338.6,488.124
988,18,52,-46.1036,5355.34,501.326
989,18,53,-48.6795,5430.9,514.71
990,18,54,-51.2921,5508.41,528.108
991,18,55,-52.4959,5544.52,541.289
992,18,56,-49.3988,5450.58,554.851
993,18,57,-45.136,5319.85,568.922
994,18,58,-31.7631,4905.29,591.697
995,18,59,-27.6477,4776.34,605.898
996,18,60,-18.3479,4481.85,624.089
997,18,61,-22.2044,4605.25,638.349
998,18,62,-13.3017,4317.4,656.676
999,18,63,-13.4943,4323.69,670.135
1000,18,64,-9.4519,4190.29,684.759
1001,18,65,3.59422,3755.42,710.178
1002,18,66,15.3673,3359.06,732.594
1003,18,67,25.2999,3021.36,752.365
1004,18,68,35.2281,2680.49,772.129
1005,18,69,41.43,2465.49,788.467
1006,18,70,49.5315,2181.93,806.611
1007,19,28,-25.3939,4877.76,131.331
1008,19,29,-9.54545,4529.09,143.428
1009,19,30,8.04196,4136.31,155.69
1010,19,31,58.956,2982.25,172.692
1011,19,32,65.2747,2836.92,184.79
1012,19,33,31.25,3630.83,200.312
1013,19,34,53.8971,3094.85,214.264
1014,19,35,4.65686,4276.62,235.098
1015,19,36,-29.9794,5119.43,251.71
1016,19,37,-69.7719,6100.98,269.887
1017,19,38,-71.4812,6143.71,282.87
1018,19,39,-74.1558,6211.47,295.822
1019,19,40,-79.0796,6337.85,308.841
1020,19,41,-92.2925,6681.38,322.996
1021,19,42,-89.8435,6616.89,335.885
1022,19,43,-89.6923,6612.86,348.677
1023,19,44,-98.6359,6854.34,362.506
1024,19,45,-60.4274,5809.97,392.116
1025,19,46,-62.5725,5869.32,405.496
1026,19,47,-50.2857,5525.29,420.597
1027,19,48,-49.0701,5490.85,433.939
1028,19,49,-51.7702,5568.25,447.344
1029,19,50,-47.0528,5431.45,461.02
1030,19,51,-49.8964,5514.86,474.434
1031,19,52,-50.2506,5525.37,487.646
1032,19,53,-52.7367,5599.95,501.006
1033,19,54,-55.269,5676.76,514.375
1034,19,55,-56.3229,5709.08,527.548
1035,19,56,-52.8614,5601.77,541.174
1036,19,57,-48.2024,5455.79,555.322
1037,19,58,-34.0075,5006.29,578.147
1038,19,59,-29.5819,4864.67,592.394
1039,19,60,-19.7472,4546.68,610.589
1040,19,61,-23.7179,4676.39,624.823
1041,19,62,-14.3418,4366.98,643.133
1042,19,63,-14.4967,4372.14,656.613
1043,19,64,-10.235,4228.66,671.256
1044,19,65,3.39963,3765.09,696.489
1045,19,66,15.6714,3343.76,718.746
1046,19,67,25.9969,2985.81,738.396
1047,19,68,36.2944,2625.4,758.031
1048,19,69,42.6977,2399.14,774.314
1049,19,70,51.0621,2100.81,792.355
1050,20,29,-14.0606,4646.48,131.567
1051,20,30,7.54545,4149.55,143.913
1052,20,31,67.028,2761.62,160.501
1053,20,32,73.0769,2618.46,172.644
1054,20,33,33.0769,3578.46,188.138
1055,20,34,58.5,2959.83,201.99
1056,20,35,2.52941,4340.44,222.439
1057,20,36,-35.9314,5301.96,238.804
1058,20,37,-79.484,6405.29,256.589
1059,20,38,-80.3509,6427.54,269.606
1060,20,39,-82.406,6480.98,282.579
1061,20,40,-87.013,6602.29,295.588
1062,20,41,-100.706,6967.44,309.607
1063,20,42,-97.3123,6875.81,322.552
1064,20,43,-96.5261,6854.32,335.373
1065,20,44,-105.638,7106.43,349.084
1066,20,45,-63.9521,5939.21,378.64
1067,20,46,-65.9951,5997.1,392.045
1068,20,47,-52.5862,5612.71,407.179
1069,20,48,-51.1281,5570.42,420.56
1070,20,49,-53.871,5650.88,433.984
1071,20,50,-48.7137,5497.88,447.701
1072,20,51,-51.6312,5585.41,461.128
1073,20,52,-51.9017,5593.61,474.369
1074,20,53,-54.437,5671.36,487.74
1075,20,54,-57.0168,5751.34,501.116
1076,20,55,-58.0322,5783.15,514.307
1077,20,56,-54.2911,5664.68,527.971
1078,20,57,-49.3117,5505.34,542.148
1079,20,58,-34.332,5021,564.81
1080,20,59,-29.6689,4868.67,579.064
1081,20,60,-19.3502,4528.15,597.161
1082,20,61,-23.5289,4667.44,611.407
1083,20,62,-13.7255,4337.4,629.612
1084,20,63,-13.9154,4343.85,643.115
1085,20,64,-9.49012,4191.92,657.74
1086,20,65,4.7049,3699.82,682.687
1087,20,66,17.4433,3253.98,704.72
1088,20,67,28.1253,2876.55,724.206
1089,20,68,38.7561,2497.38,743.674
1090,20,69,45.3172,2261.19,759.874
1091,20,70,53.9068,1949.1,777.784
1092,21,30,-38.4848,5392.36,129.74
1093,21,31,40.1818,3504.36,147.557
1094,21,32,51.7133,3223.76,159.824
1095,21,33,8.84615,4281.15,174.792
1096,21,34,41.3626,3468.24,189.019
1097,21,35,-19.7857,5017.33,208.729
1098,21,36,-60.2647,6056.29,224.628
1099,21,37,-106.078,7247.45,241.905
1100,21,38,-104.087,7195,254.897
1101,21,39,-103.86,7188.95,267.818
1102,21,40,-106.782,7267.85,280.717
1103,21,41,-119.896,7626.3,294.459
1104,21,42,-114.449,7475.61,307.459
1105,21,43,-112.105,7409.96,320.266
1106,21,44,-120.678,7652.88,333.731
1107,21,45,-74.4538,6327.78,364.463
1108,21,46,-75.8462,6368.15,377.857
1109,21,47,-60.7143,5924.29,393.158
1110,21,48,-58.5714,5860.71,406.575
1111,21,49,-60.9901,5933.28,419.979
1112,21,50,-55.0145,5752.01,433.778
1113,21,51,-57.7137,5834.79,447.178
1114,21,52,-57.621,5831.92,460.429
1115,21,53,-59.9632,5905.31,473.769
1116,21,54,-62.3697,5981.51,487.108
1117,21,55,-63.1373,6006.07,500.289
1118,21,56,-58.9048,5869.22,514.032
1119,21,57,-53.4068,5689.62,528.309
1120,21,58,-37.4231,5162.16,551.098
1121,21,59,-32.3623,4993.47,565.411
1122,21,60,-21.3931,4624.17,583.543
1123,21,61,-25.676,4769.79,597.756
1124,21,62,-15.3035,4413.67,615.971
1125,21,63,-15.4289,4418.01,629.495
1126,21,64,-10.7336,4253.68,644.149
1127,21,65,4.14756,3727.88,668.942
1128,21,66,17.4641,3252.92,690.836
1129,21,67,28.5997,2852.04,710.217
1130,21,68,39.6537,2450.41,729.568
1131,21,69,46.4459,2201.36,745.721
1132,21,70,55.334,1872.5,763.538
1133,22,31,46.9697,3314.3,135.309
1134,22,32,59.3636,3004.45,147.639
1135,22,33,8.07692,4303.72,162.54
1136,22,34,45.7143,3337.69,176.678
1137,22,35,-24.7912,5170.84,195.966
1138,22,36,-70,6361.33,211.614
1139,22,37,-120.324,7703.29,228.494
1140,22,38,-116.422,7597.94,241.548
1141,22,39,-114.799,7553.58,254.516
1142,22,40,-116.877,7611.09,267.43
1143,22,41,-130.293,7986.74,281.052
1144,22,42,-123.338,7789.66,294.14
1145,22,43,-119.972,7693.17,307.003
1146,22,44,-128.607,7943.59,320.371
1147,22,45,-77.8696,6455.3,350.973
1148,22,46,-79.1,6491.8,364.402
1149,22,47,-62.5538,5995.42,379.719
1150,22,48,-60.116,5921.47,393.179
1151,22,49,-62.5972,5997.56,406.612
1152,22,50,-56.0985,5796.1,420.445
1153,22,51,-58.9055,5884.05,433.87
1154,22,52,-58.7298,5878.49,447.155
1155,22,53,-61.1492,5955.91,460.517
1156,22,54,-63.6297,6036.11,473.875
1157,22,55,-64.3682,6060.24,487.082
1158,22,56,-59.8235,5910.26,500.855
1159,22,57,-53.9691,5715.11,515.145
1160,22,58,-37.091,5146.88,537.716
1161,22,59,-31.7814,4966.36,552.024
1162,22,60,-20.2794,4571.45,570.031
1163,22,61,-24.8321,4729.28,584.267
1164,22,62,-13.9948,4349.98,602.352
1165,22,63,-14.1885,4356.82,615.9
1166,22,64,-9.33253,4183.62,630.525
1167,22,65,6.16138,3625.84,655.01
1168,22,66,19.9802,3123.76,676.667
1169,22,67,31.4906,2701.71,695.872
1170,22,68,42.892,2279.86,715.048
1171,22,69,49.8323,2020.76,731.11
1172,22,70,58.9449,1677.51,748.789
1173,23,32,95.3333,1961.33,134.483
1174,23,33,28.1818,3707.27,149.837
1175,23,34,68.7413,2639.21,163.66
1176,23,35,-16.1538,4903.08,183.084
1177,23,36,-69.0549,6331.41,198.694
1178,23,37,-126.214,7893.76,215.353
1179,23,38,-121.088,7751.94,228.482
1180,23,39,-118.725,7685.78,241.517
1181,23,40,-120.599,7738.85,254.485
1182,23,41,-135.035,8152.7,268.08
1183,23,42,-126.91,7917.07,281.236
1184,23,43,-122.883,7798.95,294.158
1185,23,44,-132.038,8070.56,307.51
1186,23,45,-76.5909,6407.13,337.5
1187,23,46,-78.0304,6450.8,350.975
1188,23,47,-60.2462,5905.42,366.232
1189,23,48,-57.7983,5829.53,379.724
1190,23,49,-60.6349,5918.41,393.201
1191,23,50,-53.8123,5702.36,407.032
1192,23,51,-56.9704,5803.42,420.5
1193,23,52,-56.9121,5801.54,433.819
1194,23,53,-59.6048,5889.5,447.22
1195,23,54,-62.3369,5979.66,460.614
1196,23,55,-63.1985,6008.38,473.854
1197,23,56,-58.4553,5848.69,487.622
1198,23,57,-52.3445,5640.92,501.88
1199,23,58,-34.619,5032.35,524.136
1200,23,59,-29.156,4842.96,538.403
1201,23,60,-17.1868,4424.04,556.229
1202,23,61,-22.1316,4598.76,570.519
1203,23,62,-10.8874,4197.72,588.428
1204,23,63,-11.2422,4210.49,601.996
1205,23,64,-6.29528,4030.75,616.559
1206,23,65,9.77801,3441.4,640.718
1207,23,66,24.0606,2912.94,662.121
1208,23,67,35.9012,2470.89,681.131
1209,23,68,47.6065,2029.99,700.116
1210,23,69,54.6415,1762.66,716.066
1211,23,70,63.9335,1406.47,733.591
1212,24,33,90.4848,1838.18,134.946
1213,24,34,127.091,849.818,148.137
1214,24,35,18.3217,3822.84,169.334
1215,24,36,-48.022,5658.35,185.315
1216,24,37,-116.352,7571.58,202.093
1217,24,38,-111.857,7444.24,215.275
1218,24,39,-110.353,7401.12,228.365
1219,24,40,-113.431,7490.39,241.4
1220,24,41,-130.268,7984.28,255.075
1221,24,42,-121.789,7732.74,268.24
1222,24,43,-117.872,7615.22,281.19
1223,24,44,-128.377,7933.85,294.612
1224,24,45,-68.2213,6089.09,323.722
1225,24,46,-70.5138,6160.16,337.243
1226,24,47,-51.8739,5576.11,352.359
1227,24,48,-49.9,5513.6,365.859
1228,24,49,-53.5624,5630.8,379.387
1229,24,50,-46.7582,5410.8,393.17
1230,24,51,-50.6459,5537.79,406.692
1231,24,52,-51.0197,5550.13,420.033
1232,24,53,-54.2848,5658.96,433.485
1233,24,54,-57.5363,5768.43,446.93
1234,24,55,-58.7518,5809.76,460.202
1235,24,56,-53.9906,5646.29,473.918
1236,24,57,-47.783,5431.1,488.091
1237,24,58,-29.3053,4784.38,509.998
1238,24,59,-23.834,4591.05,524.18
1239,24,60,-11.5055,4151.34,541.787
1240,24,61,-17.0095,4349.48,556.171
1241,24,62,-5.45142,3929.54,573.871
1242,24,63,-6.09568,3953.16,587.45
1243,24,64,-1.15854,3770.49,601.916
1244,24,65,15.4355,3150.98,625.78
1245,24,66,30.1193,2597.89,646.935
1246,24,67,42.2227,2137.96,665.743
1247,24,68,54.1673,1680.08,684.532
1248,24,69,61.2229,1407.26,700.348
1249,24,70,70.6302,1040.38,717.706
1250,25,34,163.091,-266.182,134.978
1251,25,35,28,3516.36,156.374
1252,25,36,-51.014,5755.09,172.25
1253,25,37,-129.396,8002.03,188.737
1254,25,38,-122.396,7799.03,202.006
1255,25,39,-119.286,7707.81,215.171
1256,25,40,-121.632,7777.43,228.259
1257,25,41,-139.485,8313.01,241.881
1258,25,42,-129.04,7996.18,255.135
1259,25,43,-123.947,7840,268.154
1260,25,44,-134.895,8179.37,281.537
1261,25,45,-68.3896,6095.54,310.172
1262,25,46,-70.8752,6174.25,323.741
1263,25,47,-50.583,5524.9,338.828
1264,25,48,-48.5522,5459.24,352.37
1265,25,49,-52.6154,5591.97,365.942
1266,25,50,-45.3607,5352.56,379.743
1267,25,51,-49.6398,5495.2,393.305
1268,25,52,-50.1122,5511.11,406.684
1269,25,53,-53.665,5631.9,420.172
1270,25,54,-57.1746,5752.4,433.651
1271,25,55,-58.4919,5798.06,446.957
1272,25,56,-53.4494,5621.58,460.686
1273,25,57,-46.8984,5390.11,474.849
1274,25,58,-27.3858,4694.16,496.476
1275,25,59,-21.7115,4489.88,510.636
1276,25,60,-8.81596,4021.34,528.086
1277,25,61,-14.7629,4239.4,542.516
1278,25,62,-2.71474,3793.62,560.06
1279,25,63,-3.53239,3824.14,573.666
1280,25,64,1.52345,3633.71,588.09
1281,25,65,18.7962,2977.34,611.63
1282,25,66,34.0191,2393.8,632.535
1283,25,67,46.5041,1911.05,651.156
1284,25,68,58.797,1431.62,669.759
1285,25,69,65.9605,1149.86,685.475
1286,25,70,75.5708,768.649,702.686
1287,26,35,-35.7576,5556.61,142.006
1288,26,36,-117.545,7928.45,157.237
1289,26,37,-197.902,10285.6,173.075
1290,26,38,-179.286,9733.3,186.408
1291,26,39,-167.604,9382.86,199.581
1292,26,40,-163.821,9268.11,212.58
1293,26,41,-178.632,9722.31,225.856
1294,26,42,-162.353,9217.65,239.307
1295,26,43,-152.993,8924.36,252.392
1296,26,44,-162.035,9210.7,265.484
1297,26,45,-86.1654,6782.87,295.8
1298,26,46,-87.1948,6816.16,309.366
1299,26,47,-63.5743,6044.55,324.649
1300,26,48,-60.2372,5934.43,338.234
1301,26,49,-63.6652,6048.7,351.787
1302,26,50,-54.9462,5755.15,365.68
1303,26,51,-58.8171,5886.77,379.213
1304,26,52,-58.6447,5880.85,392.604
1305,26,53,-61.8418,5991.68,406.059
1306,26,54,-65.0296,6103.25,419.498
1307,26,55,-65.911,6134.4,432.793
1308,26,56,-60.0645,5925.87,446.613
1309,26,57,-52.6906,5660.41,460.887
1310,26,58,-31.6444,4895.73,482.661
1311,26,59,-25.3858,4666.25,496.885
1312,26,60,-11.5434,4154.08,514.38
1313,26,61,-17.6692,4382.78,528.768
1314,26,62,-4.81271,3898.52,546.333
1315,26,63,-5.56297,3927.03,559.959
1316,26,64,-0.143725,3719.29,574.418
1317,26,65,18.076,3014.79,597.816
1318,26,66,34.0767,2390.77,618.593
1319,26,67,47.1534,1876.41,637.117
1320,26,68,59.9879,1367.31,655.612
1321,26,69,67.4228,1069.92,671.29
1322,26,70,77.3953,667.694,688.415
1323,27,36,-159.03,9297.45,143.634
1324,27,37,-246.455,11920.2,158.966
1325,27,38,-216.643,11015.9,172.484
1326,27,39,-197.418,10426.3,185.792
1327,27,40,-188.835,10160.3,198.866
1328,27,41,-202.286,10581.7,212.028
1329,27,42,-181.015,9908.13,225.677
1330,27,43,-168.358,9503.11,238.89
1331,27,44,-176.698,9772.77,251.903
1332,27,45,-91.2982,6983.05,282.131
1333,27,46,-91.9173,7003.48,295.747
1334,27,47,-65.5974,6126.15,311.045
1335,27,48,-61.773,5997.4,324.681
1336,27,49,-65.3656,6119.55,338.274
1337,27,50,-55.7783,5790.38,352.204
1338,27,51,-59.8923,5933,365.772
1339,27,52,-59.6239,5923.61,379.205
1340,27,53,-62.9853,6042.38,392.691
1341,27,54,-66.3191,6161.28,406.158
1342,27,55,-67.1724,6192,419.486
1343,27,56,-60.8521,5962.36,433.336
1344,27,57,-52.9516,5672.68,447.62
1345,27,58,-30.5737,4844.69,469.151
1346,27,59,-24.0007,4599.3,483.368
1347,27,60,-9.42552,4050.3,500.727
1348,27,61,-16.0224,4300.99,515.15
1349,27,62,-2.54311,3784.28,532.578
1350,27,63,-3.45661,3819.6,546.233
1351,27,64,2.137,3601.45,560.663
1352,27,65,21.1741,2852.66,583.746
1353,27,66,37.8199,2192.38,604.281
1354,27,67,51.3519,1651.09,622.626
1355,27,68,64.5977,1116.85,640.943
1356,27,69,72.164,809.151,656.53
1357,27,70,82.3742,390.533,673.515
1358,28,37,-290.848,13429.6,145.217
1359,28,38,-247.545,12087.2,158.94
1360,28,39,-219.965,11223,172.403
1361,28,40,-206.593,10799.6,185.588
1362,28,41,-219.429,11210.3,198.73
1363,28,42,-193.036,10356.9,212.529
1364,28,43,-177.294,9842.69,225.85
1365,28,44,-185.564,10115.6,238.864
1366,28,45,-89.6904,6919.81,268.453
1367,28,46,-90.5439,6948.54,282.128
1368,28,47,-61.7293,5968.85,297.367
1369,28,48,-57.9091,5837.69,311.044
1370,28,49,-62.1796,5985.73,324.691
1371,28,50,-52.0356,5630.69,338.625
1372,28,51,-56.8043,5799.19,352.245
1373,28,52,-56.7615,5797.66,365.718
1374,28,53,-60.6017,5935.91,379.251
1375,28,54,-64.359,6072.42,392.762
1376,28,55,-65.4132,6111.08,406.13
1377,28,56,-58.7783,5865.59,419.975
1378,28,57,-50.4894,5556.13,434.226
1379,28,58,-26.8266,4664.83,455.429
1380,28,59,-20.077,4408.35,469.606
1381,28,60,-4.85628,3824.89,486.781
1382,28,61,-12.11,4105.37,501.271
1383,28,62,1.91597,3558.35,518.521
1384,28,63,0.70399,3606.02,532.204
1385,28,64,6.37506,3381.07,546.576
1386,28,65,26.191,2588.43,569.327
1387,28,66,43.4332,1893,589.603
1388,28,67,57.3612,1326.59,607.751
1389,28,68,70.9599,769.045,625.875
1390,28,69,78.5836,453.934,641.35
1391,28,70,88.9701,21.1628,658.179
1392,29,38,-339.273,15297.6,143.368
1393,29,39,-290,13720.9,157.186
1394,29,40,-262.727,12839.1,170.536
1395,29,41,-268.901,13040.8,183.481
1396,29,42,-231.67,11812.2,197.732
1397,29,43,-208.679,11045.8,211.301
1398,29,44,-214.059,11226.9,224.176
1399,29,45,-103.554,7469.73,254.501
1400,29,46,-102.962,7449.4,268.224
1401,29,47,-69.807,6300.04,283.554
1402,29,48,-64.797,6124.68,297.292
1403,29,49,-68.8182,6266.77,310.969
1404,29,50,-57.1485,5850.55,324.97
1405,29,51,-61.8874,6021.15,338.611
1406,29,52,-61.4174,6004.07,352.126
1407,29,53,-65.1923,6142.48,365.676
1408,29,54,-68.8855,6279.13,379.199
1409,29,55,-69.6825,6308.89,392.595
1410,29,56,-62.2687,6029.64,406.498
1411,29,57,-53.1675,5683.79,420.799
1412,29,58,-27.7486,4709.4,441.867
1413,29,59,-20.504,4429.27,456.065
1414,29,60,-4.30535,3797.53,473.161
1415,29,61,-12.0321,4101.44,487.66
1416,29,62,2.81436,3512.53,504.823
1417,29,63,1.48179,3565.84,518.538
1418,29,64,7.42471,3326.14,532.906
1419,29,65,28.2551,2479.04,555.384
1420,29,66,46.2961,1739.36,575.448
1421,29,67,60.7915,1140.21,593.443
1422,29,68,74.8987,552.414,611.41
1423,29,69,82.7021,224.671,626.816
1424,29,70,93.3871,-227.661,643.524
1425,30,39,-344.727,15691.1,143.19
1426,30,40,-302.545,14299.1,156.793
1427,30,41,-303.112,14318,169.741
1428,30,42,-254.89,12694.5,184.303
1429,30,43,-225.297,11688.3,198.056
1430,30,44,-229.179,11821.6,210.95
1431,30,45,-102.971,7446.4,240.712
1432,30,46,-102.377,7425.64,254.501
1433,30,47,-65.6037,6126.3,269.781
1434,30,48,-60.5088,5944.58,283.566
1435,30,49,-65.3609,6119.26,297.302
1436,30,50,-52.9091,5666.84,311.312
1437,30,51,-58.4641,5870.53,325.009
1438,30,52,-58.251,5862.64,338.567
1439,30,53,-62.6043,6025.16,352.167
1440,30,54,-66.8,6183.2,365.738
1441,30,55,-67.8188,6221.91,379.176
1442,30,56,-59.9939,5921.96,393.078
1443,30,57,-50.405,5551.19,407.349
1444,30,58,-23.4236,4498.92,428.088
1445,30,59,-15.9844,4206.31,442.251
1446,30,60,0.967742,3533.87,459.165
1447,30,61,-7.57148,3875.44,473.735
1448,30,62,7.90441,3251.25,490.721
1449,30,63,6.19404,3320.8,504.469
1450,30,64,12.2073,3074.26,518.784
1451,30,65,33.9292,2176.42,540.928
1452,30,66,52.6387,1396.86,560.734
1453,30,67,67.5632,770.027,578.532
1454,30,68,82.0466,156.898,596.304
1455,30,69,89.8827,-177.446,611.602
1456,30,70,100.739,-644.251,628.153
1457,31,40,-337.394,15588.5,143.367
1458,31,41,-331.727,15395.8,156.397
1459,31,42,-270.699,13300.5,171.161
1460,31,43,-234.121,12032.5,185.033
1461,31,44,-237.297,12143.6,197.992
1462,31,45,-93.1786,7051.45,226.794
1463,31,46,-93.7353,7071.31,240.649
1464,31,47,-53.652,5628.31,255.822
1465,31,48,-49.3189,5470.87,269.643
1466,31,49,-55.8596,5710.7,283.446
1467,31,50,-43.1128,5239.07,297.437
1468,31,51,-50.1299,5501.04,311.2
1469,31,52,-50.655,5520.82,324.8
1470,31,53,-56.0474,5725.73,338.459
1471,31,54,-61.1391,5920.91,352.088
1472,31,55,-62.6923,5980.97,365.568
1473,31,56,-54.6598,5667.7,379.441
1474,31,57,-44.7558,5278.14,393.649
1475,31,58,-16.2507,4147.44,414.023
1476,31,59,-8.7931,3849.14,428.126
1477,31,60,8.80979,3139.15,444.828
1478,31,61,-0.78629,3529.4,459.501
1479,31,62,15.2328,2872.61,476.285
1480,31,63,12.9746,2965.95,490.067
1481,31,64,18.9427,2717.28,504.309
1482,31,65,41.521,1768.99,526.122
1483,31,66,60.8481,950.81,545.663
1484,31,67,76.1356,298.544,563.252
1485,31,68,90.9301,-337.618,580.821
1486,31,69,98.7126,-674.858,595.994
1487,31,70,109.67,-1153.32,612.377
1488,32,41,-277.212,13324.2,142.41
1489,32,42,-215,11146.8,156.699
1490,32,43,-181.608,9966.98,170.208
1491,32,44,-193.352,10385.8,183.201
1492,32,45,-34.9231,4682.4,211.28
1493,32,46,-43.3214,4987.54,225.135
1494,32,47,-4.52941,3565.16,239.95
1495,32,48,-5.46569,3599.8,253.692
1496,32,49,-17.6058,4053.03,267.552
1497,32,50,-7.54386,3674.04,281.342
1498,32,51,-18.8195,4102.51,295.185
1499,32,52,-22.3766,4238.87,308.751
1500,32,53,-30.83,4565.73,322.475
1501,32,54,-38.5573,4867.09,336.17
1502,32,55,-42.1217,5007.3,349.643
1503,32,56,-35.0923,4728.46,363.32
1504,32,57,-25.9316,4362.03,377.291
1505,32,58,3.2906,3183.4,397.426
1506,32,59,9.88506,2915.23,411.323
1507,32,60,27.4138,2196.55,427.751
1508,32,61,15.9377,2670.9,442.703
1509,32,62,31.9113,2005.33,459.231
1510,32,63,28.4696,2149.88,473.024
1511,32,64,33.8603,1921.68,487.071
1512,32,65,56.8892,939.108,508.782
1513,32,66,76.4426,98.3137,528.146
1514,32,67,91.713,-563.405,545.522
1515,32,68,106.465,-1207.58,562.884
1516,32,69,113.84,-1532.06,577.851
1517,32,70,124.583,-2008.35,594.021
1518,33,42,-160.121,9006.55,142.699
1519,33,43,-130.636,7945.09,155.964
1520,33,44,-152.832,8751.54,169.109
1521,33,45,23.7363,2277.36,196.14
1522,33,46,5.75824,2942.55,210.075
1523,33,47,43.1786,1545.52,224.593
1524,33,48,36.1618,1809.82,238.339
1525,33,49,17.6961,2511.52,252.33
1526,33,50,24.9536,2233.32,265.997
1527,33,51,9.07018,2847.47,279.982
1528,33,52,2.36842,3108.84,293.587
1529,33,53,-9.24675,3565.71,307.429
1530,33,54,-19.6386,3977.92,321.236
1531,33,55,-25.1581,4198.7,334.759
1532,33,56,-18.9565,3948.57,348.316
1533,33,57,-10.3538,3598.72,362.119
1534,33,58,19.9179,2357.58,381.907
1535,33,59,25.7692,2115.73,395.661
1536,33,60,43.4154,1380.47,411.814
1537,33,61,30.0443,1942.05,427.043
1538,33,62,46.1424,1260.57,443.315
1539,33,63,41.5605,1456.06,457.163
1540,33,64,46.4699,1244.96,471.068
1541,33,65,70.1303,219.674,492.548
1542,33,66,90.055,-650.37,511.674
1543,33,67,105.42,-1326.44,528.822
1544,33,68,120.23,-1983.02,545.963
1545,33,69,127.259,-2296.98,560.753
1546,33,70,137.862,-2774.1,576.716
1547,34,43,-130.909,7956,142.984
1548,34,44,-157.091,8924.73,156.205
1549,34,45,49.6154,1207.69,182.075
1550,34,46,24.8901,2139.01,196.124
1551,34,47,64.9231,617.758,210.565
1552,34,48,54.0714,1033.74,224.397
1553,34,49,31.0588,1923.56,238.497
1554,34,50,37.598,1668.53,252.191
1555,34,51,18.5449,2417.95,266.271
1556,34,52,10.1404,2751.33,279.948
1557,34,53,-3.41353,3293.49,293.865
1558,34,54,-15.3506,3774.95,307.737
1559,34,55,-21.7617,4035.67,321.317
1560,34,56,-15.3162,3771.4,334.892
1561,34,57,-6.3,3398.73,348.686
1562,34,58,26.0692,2050.02,368.142
1563,34,59,31.8974,1805.23,381.883
1564,34,60,50.3968,1022.09,397.863
1565,34,61,35.572,1654.62,413.187
1566,34,62,52.399,931.054,429.296
1567,34,63,47.0945,1160.91,443.204
1568,34,64,51.9637,948.294,457.081
1569,34,65,76.7595,-142.722,478.216
1570,34,66,97.49,-1061.77,497.08
1571,34,67,113.322,-1768.92,514.034
1572,34,68,128.527,-2453.14,530.981
1573,34,69,135.485,-2768.6,545.678
1574,34,70,146.216,-3258.65,561.489
1575,35,44,-14.6667,3085.33,132.974
1576,35,45,203.727,-5213.64,163.063
1577,35,46,149.196,-3123.26,177.423
1578,35,47,176.264,-4169.89,191.214
1579,35,48,147.956,-3065.89,205.108
1580,35,49,109.357,-1547.67,219.662
1581,35,50,106.926,-1451.25,233.048
1582,35,51,77.4755,-273.211,247.569
1583,35,52,61.5893,367.534,261.335
1584,35,53,41.193,1196.98,275.557
1585,35,54,23.6015,1918.23,289.699
1586,35,55,12.8701,2361.8,303.361
1587,35,56,16.7532,2200,316.652
1588,35,57,23.7648,1905.51,330.1
1589,35,58,56.3261,527.087,349.513
1590,35,59,60.2,361.8,362.969
1591,35,60,77.9453,-401.248,378.633
1592,35,61,59.9817,377.175,394.651
1593,35,62,76.2671,-333.955,410.468
1594,35,63,68.9507,-12.0345,424.489
1595,35,64,72.6874,-177.694,438.113
1596,35,65,97.746,-1296.98,459.341
1597,35,66,118.46,-2229.13,478.092
1598,35,67,133.981,-2932.71,494.821
1599,35,68,148.865,-3612.42,511.55
1600,35,69,155.059,-3897.34,525.985
1601,35,70,165.299,-4371.79,541.543
1602,36,45,240.606,-6762.55,149.205
1603,36,46,169.455,-3987.64,163.732
1604,36,47,197.657,-5096.95,177.528
1605,36,48,161.703,-3670.77,191.548
1606,36,49,115.626,-1827.69,206.179
1607,36,50,112.036,-1682.87,219.642
1608,36,51,78.2647,-309.515,234.187
1609,36,52,60.4167,422.255,247.992
1610,36,53,37.8844,1353.59,262.206
1611,36,54,18.7895,2149.21,276.325
1612,36,55,7.46617,2624.79,289.986
1613,36,56,12.2338,2422.96,303.338
1614,36,57,20.2936,2079.07,316.847
1615,36,58,55.9881,544.209,336.108
1616,36,59,60.213,361.13,349.605
1617,36,60,79.3769,-475.692,365.209
1618,36,61,59.9214,380.352,381.184
1619,36,62,77.4176,-395.313,396.945
1620,36,63,69.4964,-41.5025,410.994
1621,36,64,73.4532,-219.557,424.645
1622,36,65,100.131,-1428.96,445.603
1623,36,66,122.028,-2428.92,464.153
1624,36,67,138.295,-3177.22,480.749
1625,36,68,153.82,-3896.53,497.337
1626,36,69,160.087,-4188.98,511.735
1627,36,70,170.625,-4684.25,527.191
1628,37,46,193.273,-5011.82,149.955
1629,37,47,222.273,-6171.82,163.779
1630,37,48,176.224,-4314.51,177.931
1631,37,49,120.824,-2061.59,192.631
1632,37,50,115.978,-1862.9,206.177
1633,37,51,77.1786,-259.19,220.735
1634,37,52,57.2353,571.779,234.574
1635,37,53,32.4265,1613.75,248.771
1636,37,54,11.8163,2486.25,262.858
1637,37,55,0.0350877,2988.91,276.516
1638,37,56,6.02256,2731.45,289.934
1639,37,57,15.4416,2323.29,303.512
1640,37,58,54.8221,603.676,322.651
1641,37,59,59.5158,397.154,336.195
1642,37,60,80.3348,-525.82,351.751
1643,37,61,59.2462,416.138,367.673
1644,37,62,78.1402,-434.092,383.389
1645,37,63,69.5788,-45.9748,397.462
1646,37,64,73.8123,-239.305,411.145
1647,37,65,102.305,-1549.99,431.849
1648,37,66,125.517,-2625.47,450.209
1649,37,67,142.609,-3423.08,466.68
1650,37,68,158.834,-4185.68,483.135
1651,37,69,165.177,-4485.9,497.501
1652,37,70,176.035,-5003.47,512.864
1653,38,47,184.788,-4522.48,149.863
1654,38,48,137.182,-2570.64,163.929
1655,38,49,79.0559,-168.1,178.408
1656,38,50,79.8901,-202.857,191.981
1657,38,51,40.7033,1442.99,206.301
1658,38,52,22.9643,2193.94,219.999
1659,38,53,-0.661765,3201.99,233.969
1660,38,54,-19.8039,4025.1,247.83
1661,38,55,-29.3808,4440.1,261.323
1662,38,56,-19.6667,4015.91,274.819
1663,38,57,-6.73684,3447,288.544
1664,38,58,38.5065,1441.21,308.284
1665,38,59,45.1101,1146.25,321.895
1666,38,60,68.9921,71.5613,337.661
1667,38,61,47.0913,1064.4,353.36
1668,38,62,68.4692,88.1385,369.257
1669,38,63,59.9932,478.038,383.26
1670,38,64,65.2503,234.457,397.006
1671,38,65,96.3903,-1218.74,417.836
1672,38,66,121.611,-2404.11,436.226
1673,38,67,140.102,-3279.37,452.713
1674,38,68,157.536,-4110.39,469.159
1675,38,69,164.357,-4437.77,483.553
1676,38,70,175.922,-4996.78,498.913
1677,39,48,183.03,-4633.82,149.89
1678,39,49,106,-1398.55,164.569
1679,39,50,102.483,-1249.64,178.227
1680,39,51,53.7912,827.857,192.673
1681,39,52,31.6484,1780,206.469
1682,39,53,3.71429,2990.48,220.514
1683,39,54,-18.3676,3954.72,234.431
1684,39,55,-29.2402,4433.11,247.983
1685,39,56,-18.4623,3955.29,261.527
1686,39,57,-4.29825,3322.63,275.272
1687,39,58,45.2256,1094.06,294.653
1688,39,59,51.8182,795.195,308.279
1689,39,60,77.2614,-366.714,323.884
1690,39,61,52.7372,761.403,339.659
1691,39,62,75.4261,-289.851,355.411
1692,39,63,65.7154,163.315,369.484
1693,39,64,70.9368,-82.0889,383.228
1694,39,65,103.962,-1645.29,403.691
1695,39,66,130.443,-2907.56,421.814
1696,39,67,149.601,-3827.13,438.116
1697,39,68,167.564,-4695.34,454.375
1698,39,69,174.177,-5017.19,468.701
1699,39,70,185.852,-5589.26,483.921
1700,40,49,133.636,-2669.82,150.693
1701,40,50,124.455,-2275,164.458
1702,40,51,63.986,345.303,179.012
1703,40,52,36.8681,1529.45,192.9
1704,40,53,4.1978,2966.95,207.002
1705,40,54,-20.8929,4079.3,220.959
1706,40,55,-32.8088,4611.54,234.562
1707,40,56,-20.3431,4050.59,248.17
1708,40,57,-4.39628,3327.66,261.959
1709,40,58,50.3509,827.544,281.038
1710,40,59,57.0902,517.534,294.694
1711,40,60,84.4545,-750.346,310.171
1712,40,61,57.0469,528.679,325.989
1713,40,62,81.334,-612.816,341.624
1714,40,63,70.3217,-91.5696,355.76
1715,40,64,75.5923,-342.8,369.516
1716,40,65,110.8,-2032.77,389.636
1717,40,66,138.736,-3383.02,407.512
1718,40,67,158.67,-4353.13,423.646
1719,40,68,177.246,-5263.37,439.734
1720,40,69,183.655,-5579.54,454.006
1721,40,70,195.472,-6166.43,469.103
1722,41,50,132.909,-2672.36,150.695
1723,41,51,59.9091,539.636,165.288
1724,41,52,28.951,1912.11,179.236
1725,41,53,-7.52747,3541.48,193.344
1726,41,54,-34.5275,4756.48,207.296
1727,41,55,-46.2143,5286.29,220.924
1728,41,56,-30.5147,4569.34,234.627
1729,41,57,-11.4951,3694.44,248.503
1730,41,58,50.1238,839.426,267.422
1731,41,59,57.5965,490.702,281.131
1732,41,60,87.6466,-921.654,296.544
1733,41,61,57.3247,513.584,312.336
1734,41,62,83.7945,-748.142,327.913
1735,41,63,71.6107,-163.32,342.089
1736,41,64,77.213,-434.101,355.879
1737,41,65,115.108,-2278.31,375.719
1738,41,66,144.862,-3736.25,393.393
1739,41,67,165.818,-4770.1,409.395
1740,41,68,185.211,-5733.27,425.346
1741,41,69,191.512,-6048.35,439.591
1742,41,70,203.593,-6656.4,454.594
1743,42,51,-14.4848,4110.55,150.664
1744,42,52,-37.5455,5148.27,164.5
1745,42,53,-69.021,6575.16,178.401
1746,42,54,-90.7143,7565.82,192.151
1747,42,55,-96.044,7810.99,205.664
1748,42,56,-71.6071,6678.75,219.545
1749,42,57,-45.0735,5440.51,233.652
1750,42,58,27.7451,2018.04,253.138
1751,42,59,38.5346,1507.34,266.932
1752,42,60,73.7544,-171.474,282.527
1753,42,61,41.7895,1362.84,298.104
1754,42,62,72.2597,-109.887,313.837
1755,42,63,60.0169,485.929,327.958
1756,42,64,67.1146,138.142,341.816
1757,42,65,109.009,-1928.63,361.709
1758,42,66,141.631,-3548.86,379.374
1759,42,67,164.448,-4689.72,395.374
1760,42,68,185.379,-5743.23,411.302
1761,42,69,192.118,-6084.7,425.576
1762,42,70,204.99,-6741.17,440.57
1763,43,52,-72.303,6851.39,150.563
1764,43,53,-103.182,8271.82,164.458
1765,43,54,-122.797,9180.66,178.202
1766,43,55,-124.011,9237.31,191.758
1767,43,56,-92.0879,7736.92,205.795
1768,43,57,-59.2857,6184.29,220.04
1769,43,58,24.4118,2194.71,239.419
1770,43,59,36.8627,1597.06,253.277
1771,43,60,76.1816,-303.354,268.823
1772,43,61,40.5965,1428.46,284.368
1773,43,62,74.2331,-219.737,300.052
1774,43,63,60.6364,451.035,314.214
1775,43,64,68.323,69.266,328.111
1776,43,65,113.755,-2202.33,347.728
1777,43,66,148.7,-3961.23,365.196
1778,43,67,172.777,-5181.13,381.07
1779,43,68,194.677,-6298.03,396.865
1780,43,69,201.227,-6634.27,411.118
1781,43,70,214.368,-7313.21,426.024
1782,44,53,-174.182,11821.8,149.925
1783,44,54,-184.455,12304.6,163.617
1784,44,55,-175.594,11885.3,177.207
1785,44,56,-130.824,9751.21,191.5
1786,44,57,-87.8022,7686.15,205.985
1787,44,58,10.8571,2917.62,225.518
1788,44,59,26.5588,2153.47,239.464
1789,44,60,71.7157,-59.2157,255.045
1790,44,61,32.6729,1866.9,270.493
1791,44,62,70.6842,-21,286.202
1792,44,63,56.0827,709.075,300.379
1793,44,64,64.9351,263.506,314.333
1794,44,65,114.805,-2263.25,333.769
1795,44,66,152.698,-4195.76,351.096
1796,44,67,178.448,-5517.6,366.887
1797,44,68,201.646,-6716.18,382.588
1798,44,69,208.164,-7055.12,396.843
1799,44,70,221.764,-7766.86,411.693
1800,45,54,-355.697,21038,143.557
1801,45,55,-314.091,19040.9,157.16
1802,45,56,-238.776,15400.7,172.695
1803,45,57,-172.527,12176.6,188.244
1804,45,58,-47.6703,6058.59,209.923
1805,45,59,-22.0714,4795.71,224.021
1806,45,60,34.8088,1970.66,240.07
1807,45,61,-4.48529,3935.37,255.202
1808,45,62,41.8782,1601.74,271.291
1809,45,63,28.7719,2265.79,285.351
1810,45,64,41.2406,1629.89,299.402
1811,45,65,98.1169,-1289.76,319.22
1812,45,66,140.971,-3503.9,336.704
1813,45,67,169.98,-5012.37,352.584
1814,45,68,195.817,-6364.52,368.345
1815,45,69,203.323,-6759.82,382.653
1816,45,70,218.342,-7555.81,397.548
1817,46,55,-159.212,10987.2,132.217
1818,46,56,-98.3636,8005.64,147.427
1819,46,57,-44.4755,5347.16,162.618
1820,46,58,79.8901,-829.67,187.761
1821,46,59,90.9231,-1381.32,201.015
1822,46,60,140.321,-3867.7,216.571
1823,46,61,82.9265,-959.691,233.547
1824,46,62,124.461,-3077.94,249.152
1825,46,63,100.722,-1859.37,263.465
1826,46,64,106.93,-2180.09,276.941
1827,46,65,162.925,-5091.83,297.292
1828,46,66,203.688,-7225.12,314.61
1829,46,67,229.633,-8591.54,330.039
1830,46,68,252.53,-9805.06,345.346
1831,46,69,255.935,-9986.67,359.192
1832,46,70,267.946,-10631.3,373.565
1833,47,56,-147.758,10623.5,133.347
1834,47,57,-75.0909,6990.18,149.425
1835,47,58,75.1049,-569.674,174.502
1836,47,59,88.5714,-1251.98,187.845
1837,47,60,145.363,-4148.33,203.3
1838,47,61,79.6429,-774.714,220.126
1839,47,62,126.779,-3210.1,235.672
1840,47,63,99.9755,-1816.3,250.006
1841,47,64,106.956,-2181.59,263.54
1842,47,65,168.842,-5440.95,283.537
1843,47,66,213.09,-7786.1,300.625
1844,47,67,240.61,-9253.84,315.926
1845,47,68,264.591,-10540.8,331.099
1846,47,69,267.243,-10684,344.954
1847,47,70,279.313,-11339.8,359.254
1848,48,57,8.18182,2493.45,131.84
1849,48,58,170.545,-5787.09,157.774
1850,48,59,170.35,-5777.04,170.811
1851,48,60,223.297,-8512.64,185.626
1852,48,61,137.055,-4028.07,204.166
1853,48,62,182.821,-6423.18,219.213
1854,48,63,145.662,-4466.1,234.004
1855,48,64,148.088,-4594.71,247.382
1856,48,65,212.281,-8018.3,266.98
1857,48,66,256.614,-10397.5,283.65
1858,48,67,282.534,-11797.2,298.571
1859,48,68,304.805,-13007.3,313.37
1860,48,69,304.043,-12965.6,327.074
1861,48,70,313.962,-13511.2,341.061
1862,49,58,230.606,-9090.42,143.589
1863,49,59,219.455,-8510.55,156.671
1864,49,60,273.042,-11315,171.027
1865,49,61,165.879,-5671.04,190.291
1866,49,62,214.066,-8224.95,205.055
1867,49,63,167.786,-5756.67,220.099
1868,49,64,167.75,-5754.75,233.508
1869,49,65,237.181,-9504.04,252.554
1870,49,66,283.674,-12030.1,268.864
1871,49,67,309.474,-13440.5,283.554
1872,49,68,331.278,-14639.8,298.124
1873,49,69,327.922,-14454.1,311.829
1874,49,70,336.573,-14935.6,325.677
1875,50,59,245.939,-9993.7,143.412
1876,50,60,304.455,-13095,157.542
1877,50,61,174.196,-6147.87,176.821
1878,50,62,228.516,-9063.08,191.488
1879,50,63,173.56,-6095.45,206.592
1880,50,64,172.75,-6051.42,220.075
1881,50,65,250.235,-10287.3,238.718
1882,50,66,300.662,-13060.7,254.786
1883,50,67,327.441,-14542.5,269.355
1884,50,68,349.649,-15778.8,283.8
1885,50,69,344.12,-15469.2,297.561
1886,50,70,352.052,-15916,311.362
1887,51,60,416.606,-19487.6,140.086
1888,51,61,242.273,-10073.6,161.988
1889,51,62,294.301,-12900.5,176.253
1890,51,63,220.769,-8880.77,191.91
1891,51,64,213.099,-8458.9,205.421
1892,51,65,295.536,-13020.4,223.48
1893,51,66,346.603,-15863.1,239.126
1894,51,67,371.127,-17236.5,253.401
1895,51,68,390.949,-18353.2,267.556
1896,51,69,380.491,-17760.5,281.359
1897,51,70,385.579,-18050.5,294.989
1898,52,61,256.788,-10915.5,148.421
1899,52,62,315.636,-14152.2,162.636
1900,52,63,226.294,-9208.55,178.332
1901,52,64,216.593,-8668.57,191.934
1902,52,65,310.308,-13916.6,209.649
1903,52,66,366.214,-17066,225.102
1904,52,67,391.353,-18490.5,239.304
1905,52,68,411.127,-19617.6,253.383
1906,52,69,397.265,-18822.9,267.285
1907,52,70,401.123,-19045.3,280.919
1908,53,62,354.909,-16469.3,148.774
1909,53,63,242.182,-10156.5,164.609
1910,53,64,228.217,-9369.85,178.317
1911,53,65,334.56,-15396,195.637
1912,53,66,394.989,-18840.4,210.87
1913,53,67,419.643,-20253.9,224.985
1914,53,68,438.353,-21332.9,238.978
1915,53,69,419.657,-20248.5,253.004
1916,53,70,421.455,-20353.4,266.643
1917,54,63,219.576,-8800.18,150.768
1918,54,64,207.182,-8093.73,164.551
1919,54,65,334.755,-15407.9,181.783
1920,54,66,404.451,-19427,196.968
1921,54,67,431.275,-20982.8,211.108
1922,54,68,450.929,-22129.3,225.118
1923,54,69,428.324,-20803.1,239.234
1924,54,70,429.314,-20861.6,252.931
1925,55,64,146.909,-4417.09,150.238
1926,55,65,308.636,-13797.3,167.712
1927,55,66,394.301,-18794.4,182.987
1928,55,67,426.813,-20701.8,197.214
1929,55,68,449.912,-22064.6,211.299
1930,55,69,424.429,-20552.6,225.457
1931,55,70,426.029,-20648.1,239.225
1932,56,65,256.121,-10541.3,153.354
1933,56,66,366.909,-17077.8,168.816
1934,56,67,409.406,-19599.3,183.167
1935,56,68,438.736,-21349.3,197.356
1936,56,69,411.209,-19697.7,211.531
1937,56,70,414.786,-19913.5,225.373
1938,57,66,362.97,-16829.6,154.666
1939,57,67,413.909,-19886,169.097
1940,57,68,447.378,-21905.3,183.352
1941,57,69,414.286,-19897.7,197.611
1942,57,70,417.934,-20120.2,211.533
1943,58,67,420.121,-20283.6,154.919
1944,58,68,458.545,-22627.5,169.251
1945,58,69,418.077,-20145.4,183.602
1946,58,70,421.703,-20369,197.611
1947,59,68,630,-33772,151.729
1948,59,69,551,-28874,166.471
1949,59,70,533.077,-27756.8,180.368
1950,60,69,593.333,-31668,152.311
1951,60,70,564.455,-29848.6,166.339
1952,61,70,699.879,-38922.1,149.797
