,SDI_Temp_1m,,,SDI_Temp_1m
100,23.57,,1,23.57
101,23.49,,5,23.34
102,23.48,,9,23.14
103,23.44,,13,22.78
104,23.34,,17,22.78
105,23.33,,21,23.16
106,23.21,,25,23.83
107,23.29,,29,23.69
108,23.14,,33,23.55
109,23.17,,37,23.35
110,22.98,,41,23.12
111,22.83,,45,23.27
112,22.78,,49,23.53
113,22.82,,53,23.49
114,22.77,,57,23.34
115,22.68,,61,23.04
116,22.78,,65,23.03
117,22.88,,69,23.55
118,22.84,,73,23.77
119,22.96,,77,24.07
120,23.16,,81,23.68
121,23.41,,85,23.54
122,23.62,,89,23.47
123,23.67,,93,23.47
124,23.83,,97,23.46
125,23.74,,101,23.49
126,23.73,,105,23.12
127,23.66,,109,22.73
128,23.69,,113,22.63
129,23.7,,117,23.66
130,23.69,,121,23.85
131,23.64,,125,23.83
132,23.55,,129,23.84
133,23.56,,133,23.18
134,23.38,,137,22.9
135,23.51,,141,23.68
136,23.35,,145,23.86
137,23.28,,149,23.72
138,23.23,,153,23.28
139,23.2,,157,23.32
140,23.12,,161,23
141,23.13,,165,23.49
142,23.12,,169,23.59
143,23.13,,173,23.52
144,23.27,,177,23.2
145,23.36,,181,23.02
146,23.48,,185,22.92
147,23.51,,189,23.6
148,23.53,,193,24
149,23.58,,197,23.66
150,23.36,,201,23.43
151,23.44,,205,23.15
152,23.49,,209,22.77
153,23.47,,213,23.44
154,23.4,,217,23.54
155,23.39,,221,23.29
156,23.34,,225,23.13
157,23.25,,229,22.65
158,23.34,,233,22.51
159,23.26,,237,22.88
160,23.04,,241,23.08
161,23.13,,245,22.95
162,22.94,,249,22.58
163,23.02,,253,22.2
164,23.03,,257,22.06
165,22.96,,261,28.22
166,23.02,,265,22.46
167,23.22,,269,19.09
168,23.55,,273,17.47
169,23.68,,277,15.94
170,23.75,,281,22.63
171,23.84,,285,23.39
172,23.77,,289,23.72
173,23.84,,293,23.09
174,23.72,,297,22.79
175,24,,301,22.84
176,24.07,,305,22.81
177,23.9,,309,23.33
178,23.77,,313,23.28
179,23.83,,317,23.05
180,23.68,,321,22.97
181,23.58,,325,22.72
182,23.5,,329,22.83
183,23.43,,333,23.04
184,23.54,,337,23.2
185,23.38,,341,23.09
186,23.57,,345,22.85
187,23.27,,349,22.76
188,23.47,,353,22.88
189,23.07,,357,23.23
190,23.29,,361,23.36
191,23.43,,365,23.24
192,23.47,,369,23.06
193,23.55,,373,22.98
194,23.5,,377,22.96
195,23.52,,381,23.01
196,23.46,,385,23.07
197,23.44,,389,22.98
198,23.4,,393,23.29
199,23.62,,397,23.2
200,23.49,,401,23.15
201,23.59,,405,23.79
202,23.41,,409,23.63
203,23.27,,413,23.56
204,23.12,,417,23.36
205,23.06,,421,23.31
206,22.95,,425,23.35
207,22.77,,429,23.54
208,22.73,,433,23.36
209,22.6,,437,23.5
210,22.67,,441,23.36
211,22.66,,445,23.25
212,22.63,,449,23.32
213,22.75,,453,23.51
214,22.89,,457,23.47
215,23.41,,461,23.41
216,23.66,,465,23.32
217,23.68,,469,23.39
218,23.87,,473,23.31
219,23.98,,477,23.73
220,23.85,,481,23.47
221,23.85,,485,23.44
222,23.86,,489,23.37
223,23.95,,493,23.23
224,23.83,,497,23.22
225,23.87,,501,24.03
226,23.76,,505,23.68
227,23.65,,509,23.52
228,23.84,,513,23.56
229,23.5,,517,23.51
230,23.29,,521,23.41
231,23.26,,525,24.12
232,23.18,,529,23.89
233,23.19,,533,23.75
234,23.09,,537,23.64
235,22.91,,541,23.61
236,22.9,,545,23.56
237,23.05,,549,23.93
238,23.33,,553,23.86
239,23.39,,557,23.62
240,23.68,,561,23.5
241,23.8,,565,23.49
242,23.83,,569,23.36
243,23.76,,573,23.54
244,23.86,,577,24.03
245,23.83,,581,23.69
246,23.91,,585,23.46
247,23.67,,589,23.08
248,23.72,,593,23.13
249,23.68,,597,23.55
250,23.43,,601,23.54
251,23.26,,605,23.2
252,23.28,,609,23.07
253,23.22,,613,22.96
254,23.09,,617,22.88
255,23.18,,621,23.44
256,23.32,,625,23.33
257,23.17,,629,23.21
258,22.94,,633,23.14
259,22.99,,637,22.96
260,23,,641,22.99
261,22.96,,645,23.2
262,23.08,,649,23.15
263,23.35,,653,23.04
264,23.49,,657,23.07
265,23.49,,661,22.93
266,23.69,,665,22.85
267,23.74,,669,22.95
268,23.59,,673,23.06
269,23.52,,677,23.08
270,23.62,,681,22.78
271,23.49,,685,22.68
272,23.52,,689,22.77
273,23.5,,693,23.02
274,23.31,,697,23.11
275,23.25,,701,22.89
276,23.2,,705,22.9
277,23.39,,709,22.76
278,23.1,,713,22.86
279,23.05,,717,23.29
280,23.02,,721,23.14
281,22.89,,725,23.1
282,22.8,,729,23.01
283,22.78,,733,22.82
284,22.92,,737,22.71
285,22.91,,741,23.22
286,23.16,,745,23.23
287,23.51,,749,22.99
288,23.6,,753,22.89
289,23.84,,757,22.79
290,23.97,,761,22.81
291,23.88,,765,22.93
292,24,,769,22.92
293,23.99,,773,22.94
294,23.82,,777,22.84
295,23.72,,781,22.77
296,23.66,,785,22.68
297,23.5,,789,23.11
298,23.57,,793,22.92
299,23.49,,797,22.59
300,23.43,,801,22.37
301,23.43,,805,22.1
302,23.36,,809,21.88
303,23.31,,813,22.06
304,23.15,,817,21.95
305,23.11,,821,21.93
306,22.97,,825,21.82
307,22.93,,829,21.62
308,22.77,,833,21.47
309,23,,837,21.97
310,23.01,,841,21.65
311,23.21,,845,21.42
312,23.44,,849,21.45
313,23.57,,853,21.33
314,23.56,,857,21.18
315,23.65,,861,21.62
316,23.54,,865,21.54
317,23.48,,869,21.32
318,23.41,,873,21.22
319,23.44,,877,21.02
320,23.29,,881,20.82
321,23.28,,885,21.57
322,23.2,,889,21.11
323,23.04,,893,20.94
324,23.13,,897,20.79
325,22.94,,901,20.72
326,22.77,,905,20.6
327,22.86,,909,21.03
328,22.65,,913,21.1
329,22.49,,917,20.89
330,22.42,,921,20.68
331,22.38,,925,20.64
332,22.51,,929,20.57
333,22.55,,933,20.71
334,22.57,,937,20.7
335,22.7,,941,20.55
336,22.88,,945,20.31
337,23.08,,949,20.27
338,23.22,,953,20.02
339,23.19,,957,20.08
340,23.08,,961,20.19
341,23.01,,965,20.22
342,22.93,,969,20.2
343,23,,973,20.09
344,22.95,,977,20.12
345,22.88,,981,20.51
346,22.65,,985,20.35
347,22.69,,989,20.15
348,22.58,,993,20.07
349,22.53,,997,19.92
350,22.61,,1001,19.88
351,22.3,,1005,20.07
352,22.2,,1009,20.09
353,22.07,,1013,20.04
354,21.93,,1017,20.06
355,22.06,,1021,19.82
356,22.06,,1025,19.81
357,22.26,,1029,20.22
358,23.41,,1033,19.93
359,33.02,,1037,19.87
360,28.22,,1041,19.81
361,28.7,,1045,19.96
362,30.56,,1049,19.73
363,26.46,,1053,20.09
364,22.46,,1057,19.99
365,20.83,,1061,19.93
366,20.34,,1065,19.84
367,19.89,,1069,19.72
368,19.09,,1073,19.8
369,18.51,,1077,19.83
370,18.13,,1081,19.88
371,17.82,,1085,19.71
372,17.47,,1089,19.82
373,17.2,,1093,19.78
374,16.8,,1097,19.72
375,16.44,,1101,20.12
376,15.94,,1105,20.09
377,17.67,,1109,19.92
378,22.41,,1113,19.96
379,22.54,,1117,19.81
380,22.63,,1121,19.68
381,22.81,,1125,19.69
382,22.86,,1129,19.58
383,23.06,,1133,19.46
384,23.39,,1137,19.23
385,23.34,,1141,18.98
386,23.38,,1145,18.8
387,23.49,,1149,18.88
388,23.72,,1153,18.81
389,23.72,,1157,18.44
390,23.46,,1161,18
391,23.21,,1165,17.79
392,23.09,,1169,17.83
393,23.23,,1173,17.85
394,23.03,,1177,17.9
395,23.09,,1181,17.84
396,22.79,,1185,17.69
397,22.92,,1189,17.56
398,22.81,,1193,17.61
399,22.8,,1197,17.67
400,22.84,,1201,17.62
401,22.79,,1205,17.55
402,22.75,,1209,17.39
403,22.78,,1213,17.35
404,22.81,,1217,17.23
405,22.92,,1221,17.38
406,23.02,,1225,17.4
407,23.16,,1229,17.26
408,23.33,,1233,17.19
409,23.13,,1237,17.14
410,23.4,,1241,17.12
411,23.3,,1245,17.24
412,23.28,,1249,17.27
413,23.31,,1253,17.24
414,23.11,,1257,17.34
415,23.19,,1261,17.18
416,23.05,,1265,17.13
417,23,,1269,17.81
418,22.97,,1273,17.73
419,22.97,,1277,17.48
420,22.97,,1281,17.39
421,22.88,,1285,17.28
422,22.97,,1289,17.21
423,22.83,,1293,17.43
424,22.72,,1297,17.51
425,22.79,,1301,17.32
426,22.79,,1305,17.11
427,22.76,,1309,16.95
428,22.83,,1313,16.87
429,22.82,,1317,17.39
430,22.86,,1321,17.04
431,22.89,,1325,16.94
432,23.04,,1329,16.92
433,23.32,,1333,16.73
434,23.43,,1337,16.59
435,23.39,,1341,16.93
436,23.2,,1345,16.86
437,23.18,,1349,16.69
438,23.06,,1353,16.71
439,22.98,,1357,16.58
440,23.09,,1361,16.43
441,22.82,,1365,16.64
442,22.75,,1369,16.52
443,22.86,,1373,16.39
444,22.85,,1377,16.18
445,22.85,,1381,16.07
446,22.86,,1385,15.93
447,22.8,,1389,16.1
448,22.76,,1393,16.05
449,22.72,,1397,15.95
450,22.73,,1401,15.81
451,22.83,,1405,15.68
452,22.88,,1409,15.48
453,22.94,,1413,15.94
454,23.01,,1417,15.63
455,23.04,,1421,15.66
456,23.23,,1425,15.53
457,23.32,,1429,15.38
458,23.33,,1433,15.38
459,23.25,,1437,15.38
460,23.36,,1441,15.44
461,23.38,,1445,15.24
462,23.16,,1449,15.16
463,23.22,,1453,15.01
464,23.24,,1457,15
465,23.17,,1461,15.05
466,23.13,,1465,15.01
467,23.11,,1469,15.12
468,23.06,,1473,14.96
469,23.13,,1477,14.81
470,22.99,,1481,14.9
471,22.93,,1485,15.37
472,22.98,,1489,15.28
473,22.91,,1493,15.01
474,22.94,,1497,14.87
475,22.78,,1501,14.8
476,22.96,,1505,14.8
477,22.9,,1509,14.98
478,22.94,,1513,15.24
479,22.95,,1517,15.03
480,23.01,,1521,14.72
481,23.1,,1525,14.67
482,23.21,,1529,14.79
483,23.18,,1533,14.96
484,23.07,,1537,15.05
485,22.99,,1541,15.14
486,23.18,,1545,14.94
487,23.02,,1549,15.06
488,22.98,,1553,15.02
489,22.94,,1557,15.14
490,23.03,,1561,15.19
491,23.08,,1565,15.07
492,23.29,,1569,14.98
493,23.06,,1573,14.92
494,23.1,,1577,14.94
495,23.05,,1581,15.17
496,23.2,,1585,15.34
497,23.24,,1589,15.24
498,23.17,,1593,15.15
499,23.14,,1597,15.02
500,23.15,,1601,15.06
501,23.24,,1605,15.21
502,23.29,,1609,15.42
503,23.49,,1613,15.21
504,23.79,,1617,15.09
505,23.89,,1621,15.13
506,23.9,,1625,15.1
507,23.78,,1629,15.27
508,23.63,,1633,15.31
509,23.63,,1637,15.35
510,23.61,,1641,15.21
511,23.65,,1645,15.28
512,23.56,,1649,15.2
513,23.61,,1653,15.39
514,23.46,,1657,15.65
515,23.42,,1661,15.28
516,23.36,,1665,15.22
517,23.43,,1669,15.19
518,23.39,,1673,15.21
519,23.31,,1677,15.17
520,23.31,,1681,15.22
521,23.32,,1685,15.18
522,23.26,,1689,15.2
523,23.26,,1693,15.19
524,23.35,,1697,15.21
525,23.38,,1701,15.44
526,23.51,,1705,15.45
527,23.46,,1709,15.23
528,23.54,,1713,15.31
529,23.76,,1717,15.3
530,23.8,,1721,15.42
531,23.66,,1725,15.38
532,23.36,,1729,15.45
533,23.62,,1733,15.62
534,23.5,,1737,15.49
535,23.49,,1741,15.59
536,23.5,,1745,15.54
537,23.26,,1749,15.63
538,23.46,,1753,15.72
539,23.3,,1757,15.61
540,23.36,,1761,15.64
541,23.34,,1765,15.63
542,23.28,,1769,15.53
543,23.3,,1773,15.65
544,23.25,,1777,15.57
545,23.28,,1781,15.57
546,23.22,,1785,15.52
547,23.27,,1789,15.5
548,23.32,,1793,15.38
549,23.43,,1797,15.52
550,23.43,,1801,15.48
551,23.52,,1805,15.37
552,23.51,,1809,15.3
553,23.59,,1813,15.06
554,23.65,,1817,14.94
555,23.55,,1821,15.28
556,23.47,,1825,15.38
557,23.5,,1829,15.25
558,23.52,,1833,15.12
559,23.38,,1837,15.03
560,23.41,,1841,15.03
561,23.24,,1845,15.58
562,23.32,,1849,15.46
563,23.35,,1853,15.23
564,23.32,,1857,15.26
565,23.28,,1861,15.19
566,23.31,,1865,15.24
567,23.35,,1869,15.39
568,23.39,,1873,15.34
569,23.36,,1877,15.26
570,23.38,,1881,15.21
571,23.38,,1885,15.08
572,23.31,,1889,15.11
573,23.36,,1893,15.27
574,23.32,,1897,15.31
575,23.46,,1901,15.25
576,23.73,,1905,15.23
577,23.54,,1909,15.14
578,23.58,,1913,15.01
579,23.63,,1917,15.32
580,23.47,,1921,15.44
581,23.34,,1925,15.14
582,23.43,,1929,15.15
583,23.48,,1933,15.03
584,23.44,,1937,14.98
585,23.46,,1941,15.28
586,23.34,,1945,15.21
587,23.43,,1949,15.14
588,23.37,,1953,15.11
589,23.48,,1957,15.01
590,23.39,,1961,14.9
591,23.27,,1965,15.32
592,23.23,,1969,15.17
593,23.27,,1973,15.11
594,23.3,,1977,15.04
595,23.27,,1981,15.03
596,23.22,,1985,14.94
597,23.32,,1989,15.19
598,23.63,,1993,15.35
599,23.61,,1997,15.19
600,24.03,,2001,15.19
601,23.94,,2005,15.07
602,23.87,,2009,15.05
603,23.74,,2013,15.29
604,23.68,,2017,15.44
605,23.56,,2021,15.49
606,23.54,,2025,15.34
607,23.64,,2029,15.42
608,23.52,,2033,15.07
609,23.52,,2037,15.4
610,23.51,,2041,15.54
611,23.42,,2045,15.15
612,23.56,,2049,15.14
613,23.47,,2053,14.99
614,23.33,,2057,14.96
615,23.43,,2061,15.19
616,23.51,,2065,15.26
617,23.42,,2069,15.26
618,23.44,,2073,14.96
619,23.39,,2077,14.9
620,23.41,,2081,14.84
621,23.65,,2085,15.04
622,23.68,,2089,15.21
623,23.94,,2093,14.93
624,24.12,,2097,14.78
625,24.16,,2101,14.74
626,24,,2105,14.61
627,23.85,,2109,14.86
628,23.89,,2113,14.78
629,23.84,,2117,14.64
630,23.87,,2121,14.67
631,23.74,,2125,14.54
632,23.75,,2129,14.51
633,23.69,,2133,14.79
634,23.82,,2137,15.02
635,23.65,,2141,14.79
636,23.64,,2145,14.69
637,23.68,,2149,14.6
638,23.61,,2153,14.51
639,23.6,,2157,14.74
640,23.61,,2161,14.78
641,23.53,,2165,14.61
642,23.43,,2169,14.52
643,23.46,,2173,14.35
644,23.56,,2177,14.31
645,23.5,,2181,14.48
646,23.54,,2185,14.49
647,23.8,,2189,14.23
648,23.93,,2193,14.15
649,24.1,,2197,14.06
650,24.08,,2201,14.17
651,23.86,,2205,14.23
652,23.86,,2209,14.45
653,23.81,,2213,14.21
654,23.64,,2217,14.11
655,23.66,,2221,14.13
656,23.62,,2225,14.05
657,23.66,,2229,14.34
658,23.67,,2233,14.57
659,23.5,,2237,14.29
660,23.5,,2241,14.19
661,23.57,,2245,14.11
662,23.5,,2249,14.17
663,23.46,,2253,14.32
664,23.49,,2257,14.65
665,23.32,,2261,14.32
666,23.36,,2265,14.19
667,23.44,,2269,14.18
668,23.36,,2273,14.21
669,23.24,,2277,14.48
670,23.48,,2281,14.68
671,23.59,,2285,14.36
672,23.54,,2289,14.16
673,23.55,,2293,14.09
674,24.02,,2297,14.04
675,23.93,,2301,14.33
676,24.03,,2305,14.38
677,23.94,,2309,14.18
678,23.85,,2313,14.09
679,23.68,,2317,13.94
680,23.69,,2321,14
681,23.48,,2325,14.22
682,23.45,,2329,14.28
683,23.42,,2333,14.04
684,23.46,,2337,13.99
685,23.46,,2341,13.96
686,23.28,,2345,13.92
687,23.26,,2349,14.03
688,23.08,,2353,14.04
689,23.07,,2357,14.02
690,23.17,,2361,14
691,23.04,,2365,13.88
692,23.13,,2369,13.84
693,23.19,,2373,14.36
694,23.48,,2377,14.81
695,23.45,,2381,14.31
696,23.55,,2385,14.16
697,23.57,,2389,14.11
698,23.57,,2393,14.16
699,23.49,,2397,14.52
700,23.54,,2401,14.51
701,23.42,,2405,14.52
702,23.34,,2409,14.31
703,23.24,,2413,14.22
704,23.2,,2417,14.19
705,23.17,,2421,14.58
706,23.3,,2425,14.78
707,23.19,,2429,14.35
708,23.07,,2433,14.3
709,23.27,,2437,14.34
710,23.01,,2441,14.28
711,23.02,,2445,14.54
712,22.96,,2449,14.68
713,22.94,,2453,14.47
714,22.97,,2457,14.36
715,22.94,,2461,14.26
716,22.88,,2465,14.19
717,23.11,,2469,14.48
718,23.29,,2473,14.49
719,23.26,,2477,14.43
720,23.44,,2481,14.23
721,23.54,,2485,14.07
722,23.47,,2489,13.98
723,23.34,,2493,14.19
724,23.33,,2497,14.12
725,23.3,,2501,14.11
726,23.18,,2505,13.92
727,23.18,,2509,13.99
728,23.21,,2513,13.93
729,23.15,,2517,14.2
730,23.28,,2521,14.15
731,23.05,,2525,14.07
732,23.14,,2529,13.94
733,23.06,,2533,13.96
734,23.12,,2537,13.88
735,22.91,,2541,14.04
736,22.96,,2545,14.17
737,22.97,,2549,14.01
738,23.07,,2553,13.88
739,22.96,,2557,13.83
740,22.99,,2561,13.79
741,23.04,,2565,13.94
742,23.14,,2569,13.99
743,23.15,,2573,13.88
744,23.2,,2577,13.78
745,23.27,,2581,13.66
746,23.17,,2585,13.4
747,23.26,,2589,13.39
748,23.15,,2593,13.39
749,23.18,,2597,12.89
750,23.18,,2601,13.08
751,23.15,,2605,12.93
752,23.04,,2609,12.66
753,22.99,,2613,12.77
754,23.13,,2617,12.66
755,23.07,,2621,12.69
756,23.07,,2625,12.56
757,23,,2629,12.47
758,23.03,,2633,12.41
759,22.91,,2637,12.63
760,22.93,,2641,12.5
761,22.78,,2645,12.4
762,22.95,,2649,12.59
763,23.01,,2653,12.34
764,22.85,,2657,12.36
765,22.94,,2661,12.53
766,22.93,,2665,12.45
767,22.95,,2669,12.42
768,22.95,,2673,12.27
769,23.09,,2677,12.21
770,23.07,,2681,12.05
771,23.23,,2685,12.19
772,23.06,,2689,12.07
773,23.12,,2693,11.99
774,23.09,,2697,11.84
775,23.08,,2701,11.61
776,23.08,,2705,11.45
777,22.91,,2709,11.61
778,22.98,,2713,11.57
779,22.89,,2717,11.48
780,22.78,,2721,11.32
781,22.68,,2725,11.21
782,22.81,,2729,11.16
783,22.75,,2733,10.9
784,22.68,,2737,10.79
785,22.77,,2741,10.85
786,22.71,,2745,10.68
787,22.84,,2749,10.5
788,22.77,,2753,10.49
789,22.76,,2757,10.64
790,22.77,,2761,10.64
791,23.21,,2765,10.66
792,23.02,,2769,10.37
793,23.18,,2773,10.24
794,23.17,,2777,10.29
795,23.15,,2781,10.59
796,23.11,,2785,10.47
797,23.18,,2789,10.31
798,23.07,,2793,10.11
799,23.05,,2797,10.17
800,22.89,,2801,10.08
801,22.97,,2805,10.4
802,22.95,,2809,10.47
803,22.87,,2813,10.3
804,22.9,,2817,10.17
805,23,,2821,10.17
806,23.01,,2825,10.13
807,22.69,,2829,10.4
808,22.76,,2833,10.46
809,22.65,,2837,10.37
810,22.69,,2841,10.21
811,22.7,,2845,10.17
812,22.86,,2849,10.21
813,22.86,,2853,10.28
814,22.92,,2857,10.28
815,23.11,,2861,10.24
816,23.29,,2865,10.19
817,23.28,,2869,10.08
818,23.18,,2873,10
819,23.24,,2877,10.27
820,23.14,,2881,10.39
821,23.12,,2885,10.3
822,23.19,,2889,10.24
823,23.1,,2893,10.12
824,23.1,,2897,10.02
825,22.95,,2901,10.24
826,22.96,,2905,10.32
827,22.97,,2909,10.22
828,23.01,,2913,10.18
829,22.77,,2917,10.09
830,22.93,,2921,10.03
831,22.91,,2925,10.47
832,22.82,,2929,10.75
833,22.87,,2933,10.44
834,22.83,,2937,10.33
835,22.73,,2941,10.16
836,22.71,,2945,10.16
837,22.96,,2949,10.51
838,23.06,,2953,10.66
839,23.39,,2957,10.64
840,23.22,,2961,10.48
841,23.32,,2965,10.34
842,23.37,,2969,10.39
843,23.37,,2973,10.65
844,23.23,,2977,10.92
845,23.27,,2981,10.87
846,23.14,,2985,10.59
847,23.09,,2989,10.36
848,22.99,,2993,10.11
849,23.04,,2997,10.55
850,22.93,,3001,11.3
851,22.91,,3005,10.54
852,22.89,,3009,10.34
853,22.91,,3013,10.22
854,22.85,,3017,10.23
855,22.8,,3021,10.63
856,22.79,,3025,10.78
857,22.85,,3029,10.89
858,22.74,,3033,10.5
859,22.79,,3037,10.24
860,22.81,,3041,10.21
861,22.88,,3045,10.76
862,22.92,,3049,10.53
863,22.82,,3053,10.65
864,22.93,,3057,10.61
865,22.87,,3061,10.57
866,23.02,,3065,10.58
867,22.94,,3069,10.81
868,22.92,,3073,10.91
869,22.83,,3077,10.88
870,22.82,,3081,10.76
871,22.91,,3085,10.7
872,22.94,,3089,10.79
873,22.85,,3093,10.99
874,22.77,,3097,11.17
875,22.77,,3101,11.03
876,22.84,,3105,11.07
877,22.74,,3109,10.92
878,22.72,,3113,10.89
879,22.75,,3117,11.08
880,22.77,,3121,11.15
881,22.78,,3125,11.03
882,22.66,,3129,11.02
883,22.71,,3133,10.89
884,22.68,,3137,10.8
885,22.78,,3141,10.98
886,22.87,,3145,10.98
887,23.01,,3149,10.95
888,23.11,,3153,10.86
889,23.14,,3157,10.74
890,23.05,,3161,10.78
891,23.04,,3165,10.81
892,22.92,,3169,11.03
893,22.87,,3173,11.04
894,22.67,,3177,10.92
895,22.65,,3181,10.91
896,22.59,,3185,11
897,22.51,,3189,10.99
898,22.46,,3193,11.14
899,22.34,,3197,11.23
900,22.37,,3201,11.11
901,22.23,,3205,11.28
902,22.29,,3209,11.11
903,22.1,,3213,11.17
904,22.1,,3217,11.28
905,21.9,,3221,11.29
906,21.86,,3225,11.26
907,21.93,,3229,11.34
908,21.88,,3233,11.23
909,21.82,,3237,11.3
910,21.88,,3241,11.49
911,21.81,,3245,11.46
912,22.06,,3249,11.47
913,22.06,,3253,11.4
914,21.97,,3257,11.44
915,21.98,,3261,11.67
916,21.95,,3265,11.87
917,21.93,,3269,11.87
918,21.91,,3273,11.89
919,21.86,,3277,11.91
920,21.93,,3281,11.85
921,21.85,,3285,11.97
922,21.74,,3289,12.12
923,21.61,,3293,12.14
924,21.82,,3297,12.16
925,21.67,,3301,12.13
926,21.68,,3305,12.04
927,21.55,,3309,12.16
928,21.62,,3313,12.3
929,21.54,,3317,12.35
930,21.51,,3321,12.38
931,21.39,,3325,12.33
932,21.47,,3329,12.34
933,21.61,,3333,12.29
934,21.66,,3337,12.33
935,21.78,,3341,12.37
936,21.97,,3345,12.51
937,21.84,,3349,12.57
938,21.81,,3353,12.51
939,21.61,,3357,12.35
940,21.65,,3361,12.44
941,21.6,,3365,12.53
942,21.58,,3369,12.86
943,21.45,,3373,12.76
944,21.42,,3377,12.76
945,21.36,,3381,12.74
946,21.47,,3385,12.73
947,21.46,,3389,12.88
948,21.45,,3393,12.99
949,21.28,,3397,13
950,21.29,,3401,13.04
951,21.36,,3405,12.96
952,21.33,,3409,12.9
953,21.3,,3413,13.08
954,21.23,,3417,13.3
955,21.22,,3421,13.68
956,21.18,,3425,13.28
957,21.28,,3429,13.05
958,21.4,,3433,12.99
959,21.35,,3437,13.34
960,21.62,,3441,13.64
961,21.71,,3445,13.53
962,21.68,,3449,13.41
963,21.7,,3453,13.38
964,21.54,,3457,13.38
965,21.43,,3461,13.51
966,21.42,,3465,13.86
967,21.35,,3469,13.69
968,21.32,,3473,13.7
969,21.41,,3477,13.52
970,21.17,,3481,13.45
971,21.26,,3485,13.45
972,21.22,,3489,13.37
973,21.3,,3493,13.27
974,21.05,,3497,13.16
975,21.09,,3501,13.21
976,21.02,,3505,13.02
977,20.99,,3509,13.1
978,20.82,,3513,13.22
979,21.01,,3517,13.19
980,20.82,,3521,13.05
981,20.94,,3525,12.96
982,21.2,,3529,12.88
983,21.32,,3533,12.82
984,21.57,,3537,13.05
985,21.65,,3541,12.97
986,21.32,,3545,12.95
987,21.1,,3549,12.74
988,21.11,,3553,12.53
989,21.09,,3557,12.58
990,20.99,,3561,12.74
991,20.96,,3565,12.52
992,20.94,,3569,12.44
993,20.94,,3573,12.2
994,20.97,,3577,11.91
995,20.84,,3581,12.03
996,20.79,,3585,12.61
997,20.9,,3589,12.17
998,20.88,,3593,12.1
999,20.69,,3597,12.04
1000,20.72,,3601,11.84
1001,20.57,,3605,12.18
1002,20.73,,3609,12.44
1003,20.55,,3613,12.22
1004,20.6,,3617,11.91
1005,20.58,,3621,11.78
1006,20.76,,3625,11.61
1007,20.98,,3629,11.68
1008,21.03,,3633,11.9
1009,21.26,,3637,11.83
1010,21.22,,3641,11.78
1011,21.1,,3645,11.56
1012,21.1,,3649,11.55
1013,21.09,,3653,11.64
1014,20.88,,3657,11.91
1015,20.8,,3661,11.79
1016,20.89,,3665,11.84
1017,20.84,,3669,11.79
1018,20.69,,3673,11.68
1019,20.72,,3677,11.82
1020,20.68,,3681,12.19
1021,20.61,,3685,12.08
1022,20.57,,3689,12.09
1023,20.6,,3693,11.92
1024,20.64,,3697,11.86
1025,20.54,,3701,12.14
1026,20.5,,3705,12.54
1027,20.46,,3709,12.29
1028,20.57,,3713,12.3
1029,20.53,,3717,12.19
1030,20.64,,3721,12.23
1031,20.68,,3725,12.41
1032,20.71,,3729,13.09
1033,20.78,,3733,12.73
1034,20.8,,3737,12.71
1035,20.72,,3741,12.62
1036,20.7,,3745,12.52
1037,20.58,,3749,12.76
1038,20.62,,3753,13.24
1039,20.46,,3757,13.05
1040,20.55,,3761,13.12
1041,20.38,,3765,12.83
1042,20.45,,3769,12.85
1043,20.3,,3773,13.11
1044,20.31,,3777,13.97
1045,20.31,,3781,13.71
1046,20.25,,3785,13.59
1047,20.18,,3789,13.58
1048,20.27,,3793,13.63
1049,20.12,,3797,13.74
1050,20.05,,3801,14.04
1051,20.13,,3805,14.03
1052,20.02,,3809,13.88
1053,20.13,,3813,13.81
1054,20.11,,3817,13.76
1055,20.06,,3821,13.81
1056,20.08,,3825,14.66
1057,20.15,,3829,14.58
1058,20.18,,3833,14.29
1059,20.21,,3837,14.18
1060,20.19,,3841,14.01
1061,20.3,,3845,14.27
1062,20.19,,3849,14.82
1063,20.19,,3853,14.71
1064,20.22,,3857,14.67
1065,20.15,,3861,14.63
1066,20.22,,3865,14.59
1067,20.16,,3869,14.95
1068,20.2,,3873,15.86
1069,20.1,,3877,15.33
1070,20.19,,3881,15.38
1071,20.06,,3885,15.29
1072,20.09,,3889,15.25
1073,20,,3893,15.63
1074,20.2,,3897,15.92
1075,19.99,,3901,15.66
1076,20.12,,3905,15.49
1077,20.06,,3909,15.38
1078,20.34,,3913,15.3
1079,20.36,,3917,15.53
1080,20.51,,3921,16.3
1081,20.36,,3925,16.17
1082,20.47,,3929,16.04
1083,20.41,,3933,15.93
1084,20.35,,3937,15.87
1085,20.25,,3941,16.35
1086,20.28,,3945,16.83
1087,20.18,,3949,16.69
1088,20.15,,3953,16.57
1089,20.16,,3957,16.3
1090,20.06,,3961,16.36
1091,19.94,,3965,16.55
1092,20.07,,3969,16.9
1093,20.04,,3973,16.91
1094,20.04,,3977,16.74
1095,20.02,,3981,16.53
1096,19.92,,3985,16.51
1097,19.97,,3989,16.67
1098,19.98,,3993,16.96
1099,20,,3997,16.83
1100,19.88,,4001,16.8
1101,19.95,,4005,16.7
1102,20.02,,4009,16.54
1103,20.03,,4013,16.67
1104,20.07,,4017,17.1
1105,20.14,,4021,16.77
1106,20.23,,4025,16.69
1107,20.2,,4029,16.69
1108,20.09,,4033,16.54
1109,20.16,,4037,16.76
1110,20.07,,4041,16.91
1111,20.1,,4045,16.94
1112,20.04,,4049,16.84
1113,20.05,,4053,16.9
1114,19.92,,4057,16.65
1115,19.91,,4061,16.95
1116,20.06,,4065,17.45
1117,19.94,,4069,17.29
1118,19.87,,4073,17.26
1119,19.81,,4077,17.09
1120,19.82,,4081,16.98
1121,19.75,,4085,17.15
1122,19.86,,4089,17.41
1123,19.78,,4093,17.49
1124,19.81,,4097,17.26
1125,19.88,,4101,17.15
1126,20.01,,4105,17.13
1127,20.04,,4109,17.54
1128,20.22,,4113,17.74
1129,20.35,,4117,17.52
1130,20.12,,4121,17.5
1131,20.07,,4125,17.39
1132,19.93,,4129,17.29
1133,19.95,,4133,17.6
1134,19.99,,4137,17.85
1135,19.95,,4141,17.84
1136,19.87,,4145,17.8
1137,20.01,,4149,17.52
1138,20,,4153,17.57
1139,19.98,,4157,17.75
1140,19.81,,4161,18.01
1141,19.9,,4165,17.96
1142,19.9,,4169,18.01
1143,19.84,,4173,18.01
1144,19.96,,4177,17.77
1145,19.81,,4181,18.08
1146,19.81,,4185,18.49
1147,19.88,,4189,18.46
1148,19.73,,4193,18.35
1149,19.83,,4197,18.23
1150,19.86,,4201,18.19
1151,20.03,,4205,18.5
1152,20.09,,4209,18.84
1153,20.09,,4213,18.98
1154,20.1,,4217,18.9
1155,20,,4221,18.73
1156,19.99,,4225,18.55
1157,20.04,,4229,18.87
1158,19.92,,4233,18.94
1159,19.95,,4237,18.98
1160,19.93,,4241,18.75
1161,19.89,,4245,18.73
1162,19.87,,4249,18.57
1163,19.83,,4253,18.79
1164,19.84,,4257,19.2
1165,19.74,,4261,19
1166,19.95,,4265,18.87
1167,19.74,,4269,18.69
1168,19.72,,4273,18.66
1169,19.75,,4277,19.01
1170,19.79,,4281,19.23
1171,19.78,,4285,19.14
1172,19.8,,4289,18.92
1173,19.81,,4293,18.92
1174,19.94,,4297,18.87
1175,19.95,,4301,19.11
1176,19.83,,4305,19.4
1177,19.81,,4309,19.4
1178,19.88,,4313,19.32
1179,19.91,,4317,19.23
1180,19.88,,4321,19.23
1181,19.82,,4325,19.87
1182,19.83,,4329,19.93
1183,19.83,,4333,19.6
1184,19.71,,4337,19.65
1185,19.73,,4341,19.47
1186,19.79,,4345,19.33
1187,19.84,,4349,19.45
1188,19.82,,4353,19.72
1189,19.68,,4357,19.63
1190,19.68,,4361,19.45
1191,19.78,,4365,19.37
1192,19.78,,4369,19.11
1193,19.71,,4373,19.17
1194,19.76,,4377,19.57
1195,19.76,,4381,19.34
1196,19.72,,4385,19.24
1197,19.84,,4389,19.05
1198,20.01,,4393,18.79
1199,20.14,,4397,18.97
1200,20.12,,4401,19.27
1201,20.07,,4405,19.15
1202,20.05,,4409,19.12
1203,20.13,,4413,19.1
1204,20.09,,4417,18.82
1205,19.93,,4421,19.04
1206,19.93,,4425,19.35
1207,20.04,,4429,19.23
1208,19.92,,4433,18.99
1209,19.87,,4437,18.88
1210,19.87,,4441,18.75
1211,19.95,,4445,18.88
1212,19.96,,4449,19.07
1213,19.75,,4453,19.15
1214,19.73,,4457,18.98
1215,19.79,,4461,18.75
1216,19.81,,4465,18.6
1217,19.72,,4469,18.67
1218,19.62,,4473,19.05
1219,19.78,,4477,18.99
1220,19.68,,4481,18.66
1221,19.69,,4485,18.62
1222,19.64,,4489,18.49
1223,19.67,,4493,18.76
1224,19.69,,4497,19.09
1225,19.65,,4501,19.08
1226,19.58,,4505,18.94
1227,19.59,,4509,18.57
1228,19.58,,4513,18.61
1229,19.55,,4517,19.12
1230,19.49,,4521,19.32
1231,19.49,,4525,19.17
1232,19.46,,4529,19.03
1233,19.28,,4533,18.98
1234,19.25,,4537,18.9
1235,19.28,,4541,19.27
1236,19.23,,4545,19.37
1237,19.23,,4549,19.48
1238,19.07,,4553,19.38
1239,19.07,,,
1240,18.98,,,
1241,19,,,
1242,18.9,,,
1243,18.95,,,
1244,18.8,,,
1245,18.86,,,
1246,18.85,,,
1247,18.96,,,
1248,18.88,,,
1249,18.89,,,
1250,18.9,,,
1251,18.83,,,
1252,18.81,,,
1253,18.75,,,
1254,18.68,,,
1255,18.61,,,
1256,18.44,,,
1257,18.29,,,
1258,18.33,,,
1259,18.2,,,
1260,18,,,
1261,18.02,,,
1262,17.82,,,
1263,17.81,,,
1264,17.79,,,
1265,17.64,,,
1266,17.77,,,
1267,17.75,,,
1268,17.83,,,
1269,17.83,,,
1270,17.86,,,
1271,17.84,,,
1272,17.85,,,
1273,17.9,,,
1274,17.99,,,
1275,17.88,,,
1276,17.9,,,
1277,17.85,,,
1278,17.89,,,
1279,17.82,,,
1280,17.84,,,
1281,17.79,,,
1282,17.77,,,
1283,17.8,,,
1284,17.69,,,
1285,17.82,,,
1286,17.74,,,
1287,17.61,,,
1288,17.56,,,
1289,17.64,,,
1290,17.58,,,
1291,17.6,,,
1292,17.61,,,
1293,17.57,,,
1294,17.57,,,
1295,17.59,,,
1296,17.67,,,
1297,17.72,,,
1298,17.62,,,
1299,17.6,,,
1300,17.62,,,
1301,17.72,,,
1302,17.69,,,
1303,17.63,,,
1304,17.55,,,
1305,17.56,,,
1306,17.54,,,
1307,17.51,,,
1308,17.39,,,
1309,17.39,,,
1310,17.44,,,
1311,17.51,,,
1312,17.35,,,
1313,17.39,,,
1314,17.3,,,
1315,17.26,,,
1316,17.23,,,
1317,17.2,,,
1318,17.36,,,
1319,17.26,,,
1320,17.38,,,
1321,17.52,,,
1322,17.57,,,
1323,17.35,,,
1324,17.4,,,
1325,17.35,,,
1326,17.39,,,
1327,17.23,,,
1328,17.26,,,
1329,17.2,,,
1330,17.25,,,
1331,17.13,,,
1332,17.19,,,
1333,17.23,,,
1334,17.29,,,
1335,17.17,,,
1336,17.14,,,
1337,17.2,,,
1338,17.03,,,
1339,17.06,,,
1340,17.12,,,
1341,17.19,,,
1342,17.12,,,
1343,17.23,,,
1344,17.24,,,
1345,17.34,,,
1346,17.32,,,
1347,17.41,,,
1348,17.27,,,
1349,17.26,,,
1350,17.31,,,
1351,17.39,,,
1352,17.24,,,
1353,17.27,,,
1354,17.26,,,
1355,17.18,,,
1356,17.34,,,
1357,17.34,,,
1358,17.26,,,
1359,17.2,,,
1360,17.18,,,
1361,17.28,,,
1362,17.2,,,
1363,17.14,,,
1364,17.13,,,
1365,17.06,,,
1366,17.15,,,
1367,17.42,,,
1368,17.81,,,
1369,17.83,,,
1370,17.82,,,
1371,17.77,,,
1372,17.73,,,
1373,17.66,,,
1374,17.5,,,
1375,17.59,,,
1376,17.48,,,
1377,17.4,,,
1378,17.31,,,
1379,17.37,,,
1380,17.39,,,
1381,17.43,,,
1382,17.31,,,
1383,17.43,,,
1384,17.28,,,
1385,17.18,,,
1386,17.2,,,
1387,17.32,,,
1388,17.21,,,
1389,17.27,,,
1390,17.26,,,
1391,17.42,,,
1392,17.43,,,
1393,17.46,,,
1394,17.71,,,
1395,17.68,,,
1396,17.51,,,
1397,17.35,,,
1398,17.43,,,
1399,17.26,,,
1400,17.32,,,
1401,17.28,,,
1402,17.25,,,
1403,17.08,,,
1404,17.11,,,
1405,17.15,,,
1406,17.1,,,
1407,17.08,,,
1408,16.95,,,
1409,16.96,,,
1410,16.93,,,
1411,16.98,,,
1412,16.87,,,
1413,16.9,,,
1414,17.05,,,
1415,17.31,,,
1416,17.39,,,
1417,17.24,,,
1418,17.23,,,
1419,17.16,,,
1420,17.04,,,
1421,17.11,,,
1422,16.95,,,
1423,17.01,,,
1424,16.94,,,
1425,17.02,,,
1426,16.86,,,
1427,16.85,,,
1428,16.92,,,
1429,16.89,,,
1430,16.8,,,
1431,16.73,,,
1432,16.73,,,
1433,16.77,,,
1434,16.66,,,
1435,16.71,,,
1436,16.59,,,
1437,16.66,,,
1438,16.77,,,
1439,16.88,,,
1440,16.93,,,
1441,17.06,,,
1442,17.01,,,
1443,16.93,,,
1444,16.86,,,
1445,16.84,,,
1446,16.82,,,
1447,16.73,,,
1448,16.69,,,
1449,16.64,,,
1450,16.64,,,
1451,16.66,,,
1452,16.71,,,
1453,16.57,,,
1454,16.48,,,
1455,16.61,,,
1456,16.58,,,
1457,16.53,,,
1458,16.48,,,
1459,16.5,,,
1460,16.43,,,
1461,16.41,,,
1462,16.45,,,
1463,16.5,,,
1464,16.64,,,
1465,16.54,,,
1466,16.58,,,
1467,16.57,,,
1468,16.52,,,
1469,16.45,,,
1470,16.48,,,
1471,16.43,,,
1472,16.39,,,
1473,16.24,,,
1474,16.29,,,
1475,16.21,,,
1476,16.18,,,
1477,16.2,,,
1478,16.17,,,
1479,16.16,,,
1480,16.07,,,
1481,16.05,,,
1482,16.02,,,
1483,16.05,,,
1484,15.93,,,
1485,16.01,,,
1486,16.08,,,
1487,15.98,,,
1488,16.1,,,
1489,16.07,,,
1490,16.08,,,
1491,16.12,,,
1492,16.05,,,
1493,16.02,,,
1494,15.95,,,
1495,15.99,,,
1496,15.95,,,
1497,15.9,,,
1498,15.94,,,
1499,15.81,,,
1500,15.81,,,
1501,15.86,,,
1502,15.69,,,
1503,15.68,,,
1504,15.68,,,
1505,15.59,,,
1506,15.56,,,
1507,15.52,,,
1508,15.48,,,
1509,15.57,,,
1510,15.64,,,
1511,15.85,,,
1512,15.94,,,
1513,15.99,,,
1514,15.84,,,
1515,15.73,,,
1516,15.63,,,
1517,15.61,,,
1518,15.66,,,
1519,15.58,,,
1520,15.66,,,
1521,15.6,,,
1522,15.61,,,
1523,15.61,,,
1524,15.53,,,
1525,15.5,,,
1526,15.5,,,
1527,15.44,,,
1528,15.38,,,
1529,15.4,,,
1530,15.25,,,
1531,15.36,,,
1532,15.38,,,
1533,15.25,,,
1534,15.37,,,
1535,15.52,,,
1536,15.38,,,
1537,15.46,,,
1538,15.43,,,
1539,15.42,,,
1540,15.44,,,
1541,15.4,,,
1542,15.29,,,
1543,15.13,,,
1544,15.24,,,
1545,15.32,,,
1546,15.08,,,
1547,15.19,,,
1548,15.16,,,
1549,15.09,,,
1550,15.07,,,
1551,15.01,,,
1552,15.01,,,
1553,15.01,,,
1554,15,,,
1555,15.02,,,
1556,15,,,
1557,15.06,,,
1558,15,,,
1559,15.06,,,
1560,15.05,,,
1561,15,,,
1562,15.04,,,
1563,15.04,,,
1564,15.01,,,
1565,15.15,,,
1566,15.08,,,
1567,15.07,,,
1568,15.12,,,
1569,15.06,,,
1570,14.99,,,
1571,14.99,,,
1572,14.96,,,
1573,14.93,,,
1574,14.87,,,
1575,14.89,,,
1576,14.81,,,
1577,14.89,,,
1578,14.83,,,
1579,14.82,,,
1580,14.9,,,
1581,14.99,,,
1582,15.23,,,
1583,15.29,,,
1584,15.37,,,
1585,15.32,,,
1586,15.41,,,
1587,15.32,,,
1588,15.28,,,
1589,15.15,,,
1590,15.07,,,
1591,14.91,,,
1592,15.01,,,
1593,15.04,,,
1594,15.04,,,
1595,14.86,,,
1596,14.87,,,
1597,14.93,,,
1598,14.85,,,
1599,14.81,,,
1600,14.8,,,
1601,14.82,,,
1602,14.74,,,
1603,14.67,,,
1604,14.8,,,
1605,14.81,,,
1606,14.87,,,
1607,14.9,,,
1608,14.98,,,
1609,15.22,,,
1610,15.28,,,
1611,15.3,,,
1612,15.24,,,
1613,15.23,,,
1614,15.11,,,
1615,15.16,,,
1616,15.03,,,
1617,15.05,,,
1618,15.01,,,
1619,14.91,,,
1620,14.72,,,
1621,14.84,,,
1622,14.82,,,
1623,14.75,,,
1624,14.67,,,
1625,14.83,,,
1626,14.83,,,
1627,14.71,,,
1628,14.79,,,
1629,14.83,,,
1630,14.87,,,
1631,14.87,,,
1632,14.96,,,
1633,15.05,,,
1634,15.08,,,
1635,15.09,,,
1636,15.05,,,
1637,15.07,,,
1638,14.94,,,
1639,15.01,,,
1640,15.14,,,
1641,15.05,,,
1642,15.01,,,
1643,15.09,,,
1644,14.94,,,
1645,15.05,,,
1646,15,,,
1647,15.02,,,
1648,15.06,,,
1649,14.94,,,
1650,15.08,,,
1651,15.09,,,
1652,15.02,,,
1653,14.98,,,
1654,15.12,,,
1655,15.06,,,
1656,15.14,,,
1657,15.29,,,
1658,15.31,,,
1659,15.15,,,
1660,15.19,,,
1661,15.29,,,
1662,15.1,,,
1663,15.06,,,
1664,15.07,,,
1665,15.08,,,
1666,15.05,,,
1667,14.96,,,
1668,14.98,,,
1669,14.95,,,
1670,14.91,,,
1671,14.91,,,
1672,14.92,,,
1673,14.86,,,
1674,14.8,,,
1675,14.92,,,
1676,14.94,,,
1677,14.99,,,
1678,14.95,,,
1679,15.08,,,
1680,15.17,,,
1681,15.18,,,
1682,15.49,,,
1683,15.31,,,
1684,15.34,,,
1685,15.23,,,
1686,15.13,,,
1687,15.24,,,
1688,15.24,,,
1689,15.16,,,
1690,15.18,,,
1691,15.1,,,
1692,15.15,,,
1693,15.07,,,
1694,15.1,,,
1695,14.96,,,
1696,15.02,,,
1697,15.16,,,
1698,15.03,,,
1699,14.99,,,
1700,15.06,,,
1701,15.12,,,
1702,15.21,,,
1703,15.2,,,
1704,15.21,,,
1705,15.37,,,
1706,15.45,,,
1707,15.42,,,
1708,15.42,,,
1709,15.24,,,
1710,15.22,,,
1711,15.18,,,
1712,15.21,,,
1713,15.2,,,
1714,15.2,,,
1715,15.15,,,
1716,15.09,,,
1717,15.13,,,
1718,15.11,,,
1719,15.03,,,
1720,15.13,,,
1721,15.1,,,
1722,15.11,,,
1723,15.1,,,
1724,15.1,,,
1725,15.13,,,
1726,15.24,,,
1727,15.19,,,
1728,15.27,,,
1729,15.39,,,
1730,15.38,,,
1731,15.39,,,
1732,15.31,,,
1733,15.38,,,
1734,15.44,,,
1735,15.42,,,
1736,15.35,,,
1737,15.32,,,
1738,15.26,,,
1739,15.31,,,
1740,15.21,,,
1741,15.24,,,
1742,15.21,,,
1743,15.19,,,
1744,15.28,,,
1745,15.17,,,
1746,15.3,,,
1747,15.17,,,
1748,15.2,,,
1749,15.21,,,
1750,15.36,,,
1751,15.31,,,
1752,15.39,,,
1753,15.48,,,
1754,15.81,,,
1755,15.71,,,
1756,15.65,,,
1757,15.45,,,
1758,15.49,,,
1759,15.39,,,
1760,15.28,,,
1761,15.28,,,
1762,15.2,,,
1763,15.23,,,
1764,15.22,,,
1765,15.32,,,
1766,15.24,,,
1767,15.2,,,
1768,15.19,,,
1769,15.17,,,
1770,15.18,,,
1771,15.22,,,
1772,15.21,,,
1773,15.22,,,
1774,15.13,,,
1775,15.19,,,
1776,15.17,,,
1777,15.13,,,
1778,15.18,,,
1779,15.21,,,
1780,15.22,,,
1781,15.16,,,
1782,15.09,,,
1783,15.13,,,
1784,15.18,,,
1785,15.22,,,
1786,15.19,,,
1787,15.14,,,
1788,15.2,,,
1789,15.25,,,
1790,15.14,,,
1791,15.26,,,
1792,15.19,,,
1793,15.26,,,
1794,15.21,,,
1795,15.27,,,
1796,15.21,,,
1797,15.19,,,
1798,15.26,,,
1799,15.38,,,
1800,15.44,,,
1801,15.36,,,
1802,15.58,,,
1803,15.49,,,
1804,15.45,,,
1805,15.41,,,
1806,15.4,,,
1807,15.35,,,
1808,15.23,,,
1809,15.32,,,
1810,15.41,,,
1811,15.39,,,
1812,15.31,,,
1813,15.42,,,
1814,15.37,,,
1815,15.39,,,
1816,15.3,,,
1817,15.29,,,
1818,15.27,,,
1819,15.32,,,
1820,15.42,,,
1821,15.36,,,
1822,15.4,,,
1823,15.49,,,
1824,15.38,,,
1825,15.49,,,
1826,15.41,,,
1827,15.51,,,
1828,15.45,,,
1829,15.65,,,
1830,15.51,,,
1831,15.55,,,
1832,15.62,,,
1833,15.44,,,
1834,15.64,,,
1835,15.59,,,
1836,15.49,,,
1837,15.52,,,
1838,15.6,,,
1839,15.58,,,
1840,15.59,,,
1841,15.54,,,
1842,15.59,,,
1843,15.54,,,
1844,15.54,,,
1845,15.59,,,
1846,15.59,,,
1847,15.66,,,
1848,15.63,,,
1849,15.67,,,
1850,15.69,,,
1851,15.62,,,
1852,15.72,,,
1853,15.58,,,
1854,15.64,,,
1855,15.67,,,
1856,15.61,,,
1857,15.7,,,
1858,15.58,,,
1859,15.58,,,
1860,15.64,,,
1861,15.58,,,
1862,15.53,,,
1863,15.59,,,
1864,15.63,,,
1865,15.57,,,
1866,15.59,,,
1867,15.57,,,
1868,15.53,,,
1869,15.5,,,
1870,15.62,,,
1871,15.58,,,
1872,15.65,,,
1873,15.69,,,
1874,15.75,,,
1875,15.69,,,
1876,15.57,,,
1877,15.68,,,
1878,15.5,,,
1879,15.56,,,
1880,15.57,,,
1881,15.57,,,
1882,15.53,,,
1883,15.59,,,
1884,15.52,,,
1885,15.44,,,
1886,15.45,,,
1887,15.43,,,
1888,15.5,,,
1889,15.39,,,
1890,15.48,,,
1891,15.4,,,
1892,15.38,,,
1893,15.33,,,
1894,15.59,,,
1895,15.57,,,
1896,15.52,,,
1897,15.63,,,
1898,15.53,,,
1899,15.49,,,
1900,15.48,,,
1901,15.54,,,
1902,15.43,,,
1903,15.4,,,
1904,15.37,,,
1905,15.41,,,
1906,15.43,,,
1907,15.48,,,
1908,15.3,,,
1909,15.26,,,
1910,15.36,,,
1911,15.15,,,
1912,15.06,,,
1913,15.03,,,
1914,15.07,,,
1915,14.99,,,
1916,14.94,,,
1917,15.08,,,
1918,15.1,,,
1919,15.2,,,
1920,15.28,,,
1921,15.29,,,
1922,15.61,,,
1923,15.44,,,
1924,15.38,,,
1925,15.36,,,
1926,15.3,,,
1927,15.26,,,
1928,15.25,,,
1929,15.28,,,
1930,15.17,,,
1931,15.15,,,
1932,15.12,,,
1933,15.1,,,
1934,15.1,,,
1935,15.1,,,
1936,15.03,,,
1937,15.01,,,
1938,15.02,,,
1939,15.05,,,
1940,15.03,,,
1941,15.1,,,
1942,15.18,,,
1943,15.32,,,
1944,15.58,,,
1945,15.53,,,
1946,15.85,,,
1947,15.67,,,
1948,15.46,,,
1949,15.36,,,
1950,15.34,,,
1951,15.28,,,
1952,15.23,,,
1953,15.24,,,
1954,15.31,,,
1955,15.24,,,
1956,15.26,,,
1957,15.21,,,
1958,15.21,,,
1959,15.24,,,
1960,15.19,,,
1961,15.28,,,
1962,15.22,,,
1963,15.11,,,
1964,15.24,,,
1965,15.21,,,
1966,15.3,,,
1967,15.33,,,
1968,15.39,,,
1969,15.36,,,
1970,15.4,,,
1971,15.35,,,
1972,15.34,,,
1973,15.27,,,
1974,15.3,,,
1975,15.29,,,
1976,15.26,,,
1977,15.25,,,
1978,15.14,,,
1979,15.23,,,
1980,15.21,,,
1981,15.23,,,
1982,15.15,,,
1983,15.13,,,
1984,15.08,,,
1985,15.13,,,
1986,15.06,,,
1987,15.11,,,
1988,15.11,,,
1989,15.09,,,
1990,15.21,,,
1991,15.29,,,
1992,15.27,,,
1993,15.31,,,
1994,15.34,,,
1995,15.29,,,
1996,15.31,,,
1997,15.27,,,
1998,15.28,,,
1999,15.31,,,
2000,15.25,,,
2001,15.21,,,
2002,15.22,,,
2003,15.2,,,
2004,15.23,,,
2005,15.08,,,
2006,15.15,,,
2007,15.17,,,
2008,15.14,,,
2009,15.14,,,
2010,15.1,,,
2011,15.08,,,
2012,15.01,,,
2013,15.07,,,
2014,15.06,,,
2015,15.18,,,
2016,15.32,,,
2017,15.45,,,
2018,15.51,,,
2019,15.42,,,
2020,15.44,,,
2021,15.24,,,
2022,15.24,,,
2023,15.21,,,
2024,15.14,,,
2025,15.15,,,
2026,15.19,,,
2027,15.05,,,
2028,15.15,,,
2029,15.05,,,
2030,15,,,
2031,15.14,,,
2032,15.03,,,
2033,15.02,,,
2034,15.03,,,
2035,15.1,,,
2036,14.98,,,
2037,15.01,,,
2038,15.1,,,
2039,15.19,,,
2040,15.28,,,
2041,15.24,,,
2042,15.3,,,
2043,15.28,,,
2044,15.21,,,
2045,15.22,,,
2046,15.15,,,
2047,15.2,,,
2048,15.14,,,
2049,15.08,,,
2050,15,,,
2051,15.05,,,
2052,15.11,,,
2053,15.01,,,
2054,15.02,,,
2055,14.93,,,
2056,15.01,,,
2057,14.9,,,
2058,14.87,,,
2059,14.92,,,
2060,14.9,,,
2061,14.95,,,
2062,15.09,,,
2063,15.24,,,
2064,15.32,,,
2065,15.23,,,
2066,15.17,,,
2067,15.21,,,
2068,15.17,,,
2069,15.07,,,
2070,15.1,,,
2071,15.21,,,
2072,15.11,,,
2073,15.13,,,
2074,15.08,,,
2075,15.12,,,
2076,15.04,,,
2077,15.04,,,
2078,15.04,,,
2079,14.94,,,
2080,15.03,,,
2081,14.91,,,
2082,14.88,,,
2083,14.91,,,
2084,14.94,,,
2085,15.01,,,
2086,15.13,,,
2087,15.18,,,
2088,15.19,,,
2089,15.25,,,
2090,15.32,,,
2091,15.44,,,
2092,15.35,,,
2093,15.29,,,
2094,15.22,,,
2095,15.22,,,
2096,15.19,,,
2097,15.12,,,
2098,15.19,,,
2099,15.03,,,
2100,15.19,,,
2101,15.06,,,
2102,15.09,,,
2103,15.11,,,
2104,15.07,,,
2105,15.01,,,
2106,15,,,
2107,15,,,
2108,15.05,,,
2109,15.1,,,
2110,15.15,,,
2111,15.32,,,
2112,15.29,,,
2113,15.55,,,
2114,15.69,,,
2115,15.67,,,
2116,15.44,,,
2117,15.49,,,
2118,15.51,,,
2119,15.5,,,
2120,15.49,,,
2121,15.45,,,
2122,15.39,,,
2123,15.34,,,
2124,15.34,,,
2125,15.31,,,
2126,15.27,,,
2127,15.31,,,
2128,15.42,,,
2129,15.08,,,
2130,15.14,,,
2131,15.08,,,
2132,15.07,,,
2133,15.18,,,
2134,15.3,,,
2135,15.33,,,
2136,15.4,,,
2137,15.6,,,
2138,15.47,,,
2139,15.62,,,
2140,15.54,,,
2141,15.46,,,
2142,15.37,,,
2143,15.39,,,
2144,15.15,,,
2145,15.07,,,
2146,15.18,,,
2147,15.42,,,
2148,15.14,,,
2149,15.14,,,
2150,15.09,,,
2151,15.06,,,
2152,14.99,,,
2153,15,,,
2154,14.93,,,
2155,14.98,,,
2156,14.96,,,
2157,15.02,,,
2158,15.11,,,
2159,15.22,,,
2160,15.19,,,
2161,15.24,,,
2162,15.3,,,
2163,15.26,,,
2164,15.26,,,
2165,15.26,,,
2166,15.41,,,
2167,15.43,,,
2168,15.26,,,
2169,15.05,,,
2170,15.09,,,
2171,15.04,,,
2172,14.96,,,
2173,14.95,,,
2174,15.07,,,
2175,14.84,,,
2176,14.9,,,
2177,14.88,,,
2178,14.85,,,
2179,14.9,,,
2180,14.84,,,
2181,14.85,,,
2182,14.88,,,
2183,14.97,,,
2184,15.04,,,
2185,15.17,,,
2186,15.14,,,
2187,15.13,,,
2188,15.21,,,
2189,15.13,,,
2190,15.07,,,
2191,15.02,,,
2192,14.93,,,
2193,14.88,,,
2194,14.87,,,
2195,14.83,,,
2196,14.78,,,
2197,14.8,,,
2198,14.77,,,
2199,14.73,,,
2200,14.74,,,
2201,14.7,,,
2202,14.66,,,
2203,14.62,,,
2204,14.61,,,
2205,14.7,,,
2206,14.74,,,
2207,14.95,,,
2208,14.86,,,
2209,14.85,,,
2210,14.81,,,
2211,14.86,,,
2212,14.78,,,
2213,14.7,,,
2214,14.7,,,
2215,14.64,,,
2216,14.64,,,
2217,14.62,,,
2218,14.62,,,
2219,14.64,,,
2220,14.67,,,
2221,14.53,,,
2222,14.53,,,
2223,14.6,,,
2224,14.54,,,
2225,14.58,,,
2226,14.63,,,
2227,14.49,,,
2228,14.51,,,
2229,14.64,,,
2230,14.52,,,
2231,14.83,,,
2232,14.79,,,
2233,15.06,,,
2234,15.1,,,
2235,14.98,,,
2236,15.02,,,
2237,14.93,,,
2238,14.81,,,
2239,14.78,,,
2240,14.79,,,
2241,14.79,,,
2242,14.7,,,
2243,14.74,,,
2244,14.69,,,
2245,14.76,,,
2246,14.7,,,
2247,14.76,,,
2248,14.6,,,
2249,14.52,,,
2250,14.59,,,
2251,14.57,,,
2252,14.51,,,
2253,14.57,,,
2254,14.7,,,
2255,14.63,,,
2256,14.74,,,
2257,14.91,,,
2258,14.99,,,
2259,14.83,,,
2260,14.78,,,
2261,14.75,,,
2262,14.69,,,
2263,14.56,,,
2264,14.61,,,
2265,14.6,,,
2266,14.52,,,
2267,14.52,,,
2268,14.52,,,
2269,14.5,,,
2270,14.5,,,
2271,14.5,,,
2272,14.35,,,
2273,14.36,,,
2274,14.26,,,
2275,14.31,,,
2276,14.31,,,
2277,14.27,,,
2278,14.28,,,
2279,14.34,,,
2280,14.48,,,
2281,14.41,,,
2282,14.53,,,
2283,14.56,,,
2284,14.49,,,
2285,14.39,,,
2286,14.31,,,
2287,14.33,,,
2288,14.23,,,
2289,14.26,,,
2290,14.23,,,
2291,14.18,,,
2292,14.15,,,
2293,14.02,,,
2294,14.09,,,
2295,14.12,,,
2296,14.06,,,
2297,14.09,,,
2298,14.13,,,
2299,14.14,,,
2300,14.17,,,
2301,14.3,,,
2302,14.25,,,
2303,14.24,,,
2304,14.23,,,
2305,14.52,,,
2306,14.79,,,
2307,14.61,,,
2308,14.45,,,
2309,14.45,,,
2310,14.43,,,
2311,14.33,,,
2312,14.21,,,
2313,14.27,,,
2314,14.23,,,
2315,14.22,,,
2316,14.11,,,
2317,14.12,,,
2318,14.08,,,
2319,14.05,,,
2320,14.13,,,
2321,14.08,,,
2322,14.03,,,
2323,14,,,
2324,14.05,,,
2325,14.07,,,
2326,14.1,,,
2327,14.26,,,
2328,14.34,,,
2329,14.48,,,
2330,14.41,,,
2331,14.8,,,
2332,14.57,,,
2333,14.37,,,
2334,14.35,,,
2335,14.33,,,
2336,14.29,,,
2337,14.26,,,
2338,14.23,,,
2339,14.24,,,
2340,14.19,,,
2341,14.16,,,
2342,14.04,,,
2343,14.14,,,
2344,14.11,,,
2345,14.13,,,
2346,14.06,,,
2347,14.02,,,
2348,14.17,,,
2349,14.21,,,
2350,14.22,,,
2351,14.33,,,
2352,14.32,,,
2353,14.58,,,
2354,14.78,,,
2355,14.78,,,
2356,14.65,,,
2357,14.47,,,
2358,14.48,,,
2359,14.38,,,
2360,14.32,,,
2361,14.22,,,
2362,14.18,,,
2363,14.26,,,
2364,14.19,,,
2365,14.21,,,
2366,14.23,,,
2367,14.2,,,
2368,14.18,,,
2369,14.16,,,
2370,14.14,,,
2371,14.2,,,
2372,14.21,,,
2373,14.2,,,
2374,14.35,,,
2375,14.5,,,
2376,14.48,,,
2377,14.44,,,
2378,14.59,,,
2379,14.95,,,
2380,14.68,,,
2381,14.56,,,
2382,14.38,,,
2383,14.45,,,
2384,14.36,,,
2385,14.16,,,
2386,14.19,,,
2387,14.11,,,
2388,14.16,,,
2389,14.13,,,
2390,14.1,,,
2391,14.17,,,
2392,14.09,,,
2393,14.09,,,
2394,14.06,,,
2395,14.05,,,
2396,14.04,,,
2397,13.98,,,
2398,14.09,,,
2399,14.28,,,
2400,14.33,,,
2401,14.62,,,
2402,14.55,,,
2403,14.5,,,
2404,14.38,,,
2405,14.24,,,
2406,14.32,,,
2407,14.29,,,
2408,14.18,,,
2409,14.23,,,
2410,14.17,,,
2411,14.2,,,
2412,14.09,,,
2413,14.13,,,
2414,14,,,
2415,13.95,,,
2416,13.94,,,
2417,14.01,,,
2418,13.88,,,
2419,13.99,,,
2420,14,,,
2421,13.93,,,
2422,14.09,,,
2423,14.2,,,
2424,14.22,,,
2425,14.2,,,
2426,14.41,,,
2427,14.32,,,
2428,14.28,,,
2429,14.22,,,
2430,14.16,,,
2431,14.14,,,
2432,14.04,,,
2433,14.02,,,
2434,14.01,,,
2435,14.07,,,
2436,13.99,,,
2437,13.82,,,
2438,13.87,,,
2439,13.92,,,
2440,13.96,,,
2441,13.93,,,
2442,13.92,,,
2443,14,,,
2444,13.92,,,
2445,13.95,,,
2446,14,,,
2447,13.94,,,
2448,14.03,,,
2449,13.99,,,
2450,14.01,,,
2451,13.99,,,
2452,14.04,,,
2453,14.08,,,
2454,14.01,,,
2455,14.11,,,
2456,14.02,,,
2457,13.94,,,
2458,13.86,,,
2459,14,,,
2460,14,,,
2461,14.09,,,
2462,14.07,,,
2463,13.95,,,
2464,13.88,,,
2465,13.86,,,
2466,13.91,,,
2467,13.93,,,
2468,13.84,,,
2469,14.06,,,
2470,14,,,
2471,14.2,,,
2472,14.36,,,
2473,14.41,,,
2474,14.45,,,
2475,14.43,,,
2476,14.81,,,
2477,14.4,,,
2478,14.29,,,
2479,14.26,,,
2480,14.31,,,
2481,14.3,,,
2482,14.27,,,
2483,14.29,,,
2484,14.16,,,
2485,14.23,,,
2486,14.14,,,
2487,14.17,,,
2488,14.11,,,
2489,14.17,,,
2490,14.08,,,
2491,14.16,,,
2492,14.16,,,
2493,14.18,,,
2494,14.24,,,
2495,14.43,,,
2496,14.52,,,
2497,14.59,,,
2498,14.57,,,
2499,14.63,,,
2500,14.51,,,
2501,14.56,,,
2502,14.46,,,
2503,14.51,,,
2504,14.52,,,
2505,14.48,,,
2506,14.4,,,
2507,14.37,,,
2508,14.31,,,
2509,14.23,,,
2510,14.11,,,
2511,14.26,,,
2512,14.22,,,
2513,14.27,,,
2514,14.2,,,
2515,14.13,,,
2516,14.19,,,
2517,14.16,,,
2518,14.36,,,
2519,14.58,,,
2520,14.58,,,
2521,14.6,,,
2522,14.55,,,
2523,14.52,,,
2524,14.78,,,
2525,14.61,,,
2526,14.44,,,
2527,14.41,,,
2528,14.35,,,
2529,14.34,,,
2530,14.32,,,
2531,14.24,,,
2532,14.3,,,
2533,14.3,,,
2534,14.28,,,
2535,14.17,,,
2536,14.34,,,
2537,14.22,,,
2538,14.25,,,
2539,14.2,,,
2540,14.28,,,
2541,14.27,,,
2542,14.31,,,
2543,14.48,,,
2544,14.54,,,
2545,14.71,,,
2546,14.85,,,
2547,14.78,,,
2548,14.68,,,
2549,14.65,,,
2550,14.5,,,
2551,14.5,,,
2552,14.47,,,
2553,14.52,,,
2554,14.46,,,
2555,14.38,,,
2556,14.36,,,
2557,14.34,,,
2558,14.4,,,
2559,14.32,,,
2560,14.26,,,
2561,14.31,,,
2562,14.25,,,
2563,14.21,,,
2564,14.19,,,
2565,14.27,,,
2566,14.25,,,
2567,14.38,,,
2568,14.48,,,
2569,14.65,,,
2570,14.57,,,
2571,14.56,,,
2572,14.49,,,
2573,14.42,,,
2574,14.39,,,
2575,14.4,,,
2576,14.43,,,
2577,14.38,,,
2578,14.3,,,
2579,14.29,,,
2580,14.23,,,
2581,14.21,,,
2582,14.16,,,
2583,14.07,,,
2584,14.07,,,
2585,14.09,,,
2586,14.06,,,
2587,13.91,,,
2588,13.98,,,
2589,14.02,,,
2590,14.16,,,
2591,14.18,,,
2592,14.19,,,
2593,14.39,,,
2594,14.39,,,
2595,14.24,,,
2596,14.12,,,
2597,14.07,,,
2598,14.17,,,
2599,14.14,,,
2600,14.11,,,
2601,14.18,,,
2602,14.09,,,
2603,14.05,,,
2604,13.92,,,
2605,13.99,,,
2606,13.98,,,
2607,13.97,,,
2608,13.99,,,
2609,13.98,,,
2610,13.93,,,
2611,13.83,,,
2612,13.93,,,
2613,13.86,,,
2614,13.96,,,
2615,14.14,,,
2616,14.2,,,
2617,14.29,,,
2618,14.26,,,
2619,14.19,,,
2620,14.15,,,
2621,14.16,,,
2622,14.08,,,
2623,14.09,,,
2624,14.07,,,
2625,14.07,,,
2626,14.05,,,
2627,14.05,,,
2628,13.94,,,
2629,13.92,,,
2630,13.99,,,
2631,13.95,,,
2632,13.96,,,
2633,14.01,,,
2634,13.9,,,
2635,14,,,
2636,13.88,,,
2637,13.95,,,
2638,13.98,,,
2639,14.02,,,
2640,14.04,,,
2641,14.15,,,
2642,14.16,,,
2643,14.12,,,
2644,14.17,,,
2645,14.18,,,
2646,14.05,,,
2647,13.99,,,
2648,14.01,,,
2649,13.98,,,
2650,13.96,,,
2651,13.98,,,
2652,13.88,,,
2653,13.87,,,
2654,13.91,,,
2655,13.81,,,
2656,13.83,,,
2657,13.77,,,
2658,13.78,,,
2659,13.71,,,
2660,13.79,,,
2661,13.83,,,
2662,13.84,,,
2663,13.92,,,
2664,13.94,,,
2665,13.97,,,
2666,14.04,,,
2667,14.01,,,
2668,13.99,,,
2669,13.98,,,
2670,14.04,,,
2671,13.9,,,
2672,13.88,,,
2673,13.85,,,
2674,13.87,,,
2675,13.82,,,
2676,13.78,,,
2677,13.72,,,
2678,13.71,,,
2679,13.62,,,
2680,13.66,,,
2681,13.56,,,
2682,13.5,,,
2683,13.42,,,
2684,13.4,,,
2685,13.38,,,
2686,13.31,,,
2687,13.4,,,
2688,13.39,,,
2689,13.38,,,
2690,13.2,,,
2691,13.19,,,
2692,13.39,,,
2693,13.38,,,
2694,13.29,,,
2695,13.12,,,
2696,12.89,,,
2697,13.13,,,
2698,13.13,,,
2699,13.18,,,
2700,13.08,,,
2701,13.06,,,
2702,13.13,,,
2703,12.92,,,
2704,12.93,,,
2705,12.86,,,
2706,12.72,,,
2707,12.75,,,
2708,12.66,,,
2709,12.66,,,
2710,12.71,,,
2711,12.67,,,
2712,12.77,,,
2713,12.85,,,
2714,12.76,,,
2715,12.73,,,
2716,12.66,,,
2717,12.77,,,
2718,12.74,,,
2719,12.7,,,
2720,12.69,,,
2721,12.67,,,
2722,12.61,,,
2723,12.58,,,
2724,12.56,,,
2725,12.55,,,
2726,12.55,,,
2727,12.46,,,
2728,12.47,,,
2729,12.53,,,
2730,12.43,,,
2731,12.48,,,
2732,12.41,,,
2733,12.49,,,
2734,12.53,,,
2735,12.65,,,
2736,12.63,,,
2737,12.59,,,
2738,12.57,,,
2739,12.57,,,
2740,12.5,,,
2741,12.46,,,
2742,12.43,,,
2743,12.46,,,
2744,12.4,,,
2745,12.54,,,
2746,12.66,,,
2747,12.66,,,
2748,12.59,,,
2749,12.5,,,
2750,12.4,,,
2751,12.25,,,
2752,12.34,,,
2753,12.31,,,
2754,12.32,,,
2755,12.3,,,
2756,12.36,,,
2757,12.48,,,
2758,12.49,,,
2759,12.42,,,
2760,12.53,,,
2761,12.61,,,
2762,12.56,,,
2763,12.49,,,
2764,12.45,,,
2765,12.45,,,
2766,12.49,,,
2767,12.39,,,
2768,12.42,,,
2769,12.36,,,
2770,12.29,,,
2771,12.32,,,
2772,12.27,,,
2773,12.14,,,
2774,12.27,,,
2775,12.1,,,
2776,12.21,,,
2777,12.1,,,
2778,12.04,,,
2779,12,,,
2780,12.05,,,
2781,11.93,,,
2782,11.95,,,
2783,12,,,
2784,12.19,,,
2785,12.22,,,
2786,12.3,,,
2787,12.37,,,
2788,12.07,,,
2789,12.08,,,
2790,12.07,,,
2791,11.92,,,
2792,11.99,,,
2793,11.91,,,
2794,11.89,,,
2795,11.92,,,
2796,11.84,,,
2797,11.7,,,
2798,11.77,,,
2799,11.62,,,
2800,11.61,,,
2801,11.55,,,
2802,11.44,,,
2803,11.44,,,
2804,11.45,,,
2805,11.51,,,
2806,11.53,,,
2807,11.62,,,
2808,11.61,,,
2809,11.67,,,
2810,11.77,,,
2811,11.67,,,
2812,11.57,,,
2813,11.45,,,
2814,11.52,,,
2815,11.44,,,
2816,11.48,,,
2817,11.4,,,
2818,11.36,,,
2819,11.38,,,
2820,11.32,,,
2821,11.23,,,
2822,11.18,,,
2823,11.3,,,
2824,11.21,,,
2825,11.17,,,
2826,11.1,,,
2827,11.12,,,
2828,11.16,,,
2829,11.16,,,
2830,11.15,,,
2831,10.95,,,
2832,10.9,,,
2833,10.89,,,
2834,10.73,,,
2835,10.74,,,
2836,10.79,,,
2837,10.81,,,
2838,10.86,,,
2839,10.84,,,
2840,10.85,,,
2841,10.79,,,
2842,10.8,,,
2843,10.72,,,
2844,10.68,,,
2845,10.58,,,
2846,10.69,,,
2847,10.58,,,
2848,10.5,,,
2849,10.52,,,
2850,10.42,,,
2851,10.51,,,
2852,10.49,,,
2853,10.46,,,
2854,10.47,,,
2855,10.52,,,
2856,10.64,,,
2857,10.73,,,
2858,10.7,,,
2859,10.75,,,
2860,10.64,,,
2861,10.66,,,
2862,10.68,,,
2863,10.68,,,
2864,10.66,,,
2865,10.44,,,
2866,10.5,,,
2867,10.35,,,
2868,10.37,,,
2869,10.38,,,
2870,10.34,,,
2871,10.24,,,
2872,10.24,,,
2873,10.26,,,
2874,10.22,,,
2875,10.18,,,
2876,10.29,,,
2877,10.39,,,
2878,10.5,,,
2879,10.53,,,
2880,10.59,,,
2881,10.64,,,
2882,10.61,,,
2883,10.59,,,
2884,10.47,,,
2885,10.44,,,
2886,10.39,,,
2887,10.42,,,
2888,10.31,,,
2889,10.33,,,
2890,10.31,,,
2891,10.26,,,
2892,10.11,,,
2893,10.16,,,
2894,10.21,,,
2895,10.18,,,
2896,10.17,,,
2897,10.12,,,
2898,10.13,,,
2899,10.06,,,
2900,10.08,,,
2901,10.1,,,
2902,10.11,,,
2903,10.21,,,
2904,10.4,,,
2905,10.51,,,
2906,10.7,,,
2907,10.61,,,
2908,10.47,,,
2909,10.34,,,
2910,10.28,,,
2911,10.23,,,
2912,10.3,,,
2913,10.22,,,
2914,10.25,,,
2915,10.14,,,
2916,10.17,,,
2917,10.22,,,
2918,10.14,,,
2919,10.14,,,
2920,10.17,,,
2921,10.13,,,
2922,10.09,,,
2923,10.16,,,
2924,10.13,,,
2925,10.12,,,
2926,10.26,,,
2927,10.3,,,
2928,10.4,,,
2929,10.53,,,
2930,10.64,,,
2931,10.55,,,
2932,10.46,,,
2933,10.41,,,
2934,10.35,,,
2935,10.4,,,
2936,10.37,,,
2937,10.37,,,
2938,10.33,,,
2939,10.32,,,
2940,10.21,,,
2941,10.04,,,
2942,10.33,,,
2943,10.27,,,
2944,10.17,,,
2945,10.16,,,
2946,10.23,,,
2947,10.18,,,
2948,10.21,,,
2949,10.14,,,
2950,10.24,,,
2951,10.31,,,
2952,10.28,,,
2953,10.37,,,
2954,10.3,,,
2955,10.34,,,
2956,10.28,,,
2957,10.27,,,
2958,10.29,,,
2959,10.27,,,
2960,10.24,,,
2961,10.2,,,
2962,10.23,,,
2963,10.23,,,
2964,10.19,,,
2965,10.15,,,
2966,10.04,,,
2967,10.09,,,
2968,10.08,,,
2969,10.06,,,
2970,10.12,,,
2971,10.03,,,
2972,10,,,
2973,10.13,,,
2974,10.09,,,
2975,10.22,,,
2976,10.27,,,
2977,10.39,,,
2978,10.48,,,
2979,10.5,,,
2980,10.39,,,
2981,10.45,,,
2982,10.34,,,
2983,10.29,,,
2984,10.3,,,
2985,10.24,,,
2986,10.25,,,
2987,10.16,,,
2988,10.24,,,
2989,10.17,,,
2990,10.1,,,
2991,10.14,,,
2992,10.12,,,
2993,10.06,,,
2994,10.04,,,
2995,9.99,,,
2996,10.02,,,
2997,10.07,,,
2998,10.1,,,
2999,10.24,,,
3000,10.24,,,
3001,10.37,,,
3002,10.35,,,
3003,10.37,,,
3004,10.32,,,
3005,10.25,,,
3006,10.3,,,
3007,10.3,,,
3008,10.22,,,
3009,10.32,,,
3010,10.34,,,
3011,10.24,,,
3012,10.18,,,
3013,10.22,,,
3014,10.15,,,
3015,10.2,,,
3016,10.09,,,
3017,10.07,,,
3018,10.09,,,
3019,10,,,
3020,10.03,,,
3021,9.99,,,
3022,10.16,,,
3023,10.43,,,
3024,10.47,,,
3025,10.51,,,
3026,10.85,,,
3027,10.81,,,
3028,10.75,,,
3029,10.72,,,
3030,10.58,,,
3031,10.56,,,
3032,10.44,,,
3033,10.49,,,
3034,10.5,,,
3035,10.45,,,
3036,10.33,,,
3037,10.42,,,
3038,10.18,,,
3039,10.25,,,
3040,10.16,,,
3041,10.24,,,
3042,10.23,,,
3043,10.16,,,
3044,10.16,,,
3045,10.26,,,
3046,10.39,,,
3047,10.41,,,
3048,10.51,,,
3049,10.56,,,
3050,10.7,,,
3051,10.76,,,
3052,10.66,,,
3053,10.64,,,
3054,10.67,,,
3055,10.52,,,
3056,10.64,,,
3057,10.53,,,
3058,10.43,,,
3059,10.45,,,
3060,10.48,,,
3061,10.39,,,
3062,10.33,,,
3063,10.35,,,
3064,10.34,,,
3065,10.31,,,
3066,10.41,,,
3067,10.23,,,
3068,10.39,,,
3069,10.36,,,
3070,10.48,,,
3071,10.53,,,
3072,10.65,,,
3073,10.62,,,
3074,10.6,,,
3075,10.63,,,
3076,10.92,,,
3077,10.87,,,
3078,10.79,,,
3079,10.86,,,
3080,10.87,,,
3081,10.9,,,
3082,10.75,,,
3083,10.7,,,
3084,10.59,,,
3085,10.63,,,
3086,10.41,,,
3087,10.41,,,
3088,10.36,,,
3089,10.2,,,
3090,10.19,,,
3091,10.08,,,
3092,10.11,,,
3093,10.26,,,
3094,10.32,,,
3095,10.45,,,
3096,10.55,,,
3097,10.6,,,
3098,10.59,,,
3099,11.39,,,
3100,11.3,,,
3101,11.15,,,
3102,10.9,,,
3103,10.72,,,
3104,10.54,,,
3105,10.46,,,
3106,10.31,,,
3107,10.4,,,
3108,10.34,,,
3109,10.32,,,
3110,10.36,,,
3111,10.31,,,
3112,10.22,,,
3113,10.18,,,
3114,10.2,,,
3115,10.14,,,
3116,10.23,,,
3117,10.23,,,
3118,10.37,,,
3119,10.44,,,
3120,10.63,,,
3121,10.73,,,
3122,10.89,,,
3123,10.97,,,
3124,10.78,,,
3125,10.81,,,
3126,10.86,,,
3127,10.81,,,
3128,10.89,,,
3129,10.71,,,
3130,10.67,,,
3131,10.48,,,
3132,10.5,,,
3133,10.45,,,
3134,10.43,,,
3135,10.33,,,
3136,10.24,,,
3137,10.26,,,
3138,10.28,,,
3139,10.23,,,
3140,10.21,,,
3141,10.38,,,
3142,10.52,,,
3143,10.68,,,
3144,10.76,,,
3145,10.66,,,
3146,10.56,,,
3147,10.51,,,
3148,10.53,,,
3149,10.67,,,
3150,10.59,,,
3151,10.63,,,
3152,10.65,,,
3153,10.66,,,
3154,10.67,,,
3155,10.63,,,
3156,10.61,,,
3157,10.69,,,
3158,10.58,,,
3159,10.61,,,
3160,10.57,,,
3161,10.61,,,
3162,10.59,,,
3163,10.64,,,
3164,10.58,,,
3165,10.6,,,
3166,10.66,,,
3167,10.78,,,
3168,10.81,,,
3169,10.78,,,
3170,10.87,,,
3171,10.92,,,
3172,10.91,,,
3173,10.9,,,
3174,10.93,,,
3175,10.88,,,
3176,10.88,,,
3177,10.77,,,
3178,10.85,,,
3179,10.82,,,
3180,10.76,,,
3181,10.76,,,
3182,10.82,,,
3183,10.79,,,
3184,10.7,,,
3185,10.67,,,
3186,10.72,,,
3187,10.73,,,
3188,10.79,,,
3189,10.97,,,
3190,10.94,,,
3191,11.07,,,
3192,10.99,,,
3193,11.04,,,
3194,11.12,,,
3195,11.18,,,
3196,11.17,,,
3197,11.04,,,
3198,11.09,,,
3199,11.09,,,
3200,11.03,,,
3201,11.03,,,
3202,11.04,,,
3203,10.98,,,
3204,11.07,,,
3205,10.95,,,
3206,11.01,,,
3207,11.01,,,
3208,10.92,,,
3209,10.98,,,
3210,10.91,,,
3211,10.98,,,
3212,10.89,,,
3213,11.03,,,
3214,11.06,,,
3215,11.02,,,
3216,11.08,,,
3217,11.07,,,
3218,11.1,,,
3219,11.09,,,
3220,11.15,,,
3221,11.1,,,
3222,11.12,,,
3223,11.05,,,
3224,11.03,,,
3225,11.02,,,
3226,11,,,
3227,11.02,,,
3228,11.02,,,
3229,10.98,,,
3230,11.02,,,
3231,10.91,,,
3232,10.89,,,
3233,10.97,,,
3234,10.95,,,
3235,10.93,,,
3236,10.8,,,
3237,10.86,,,
3238,10.83,,,
3239,10.91,,,
3240,10.98,,,
3241,11.02,,,
3242,10.92,,,
3243,11.02,,,
3244,10.98,,,
3245,11,,,
3246,11.01,,,
3247,10.98,,,
3248,10.95,,,
3249,10.93,,,
3250,10.84,,,
3251,10.92,,,
3252,10.86,,,
3253,10.84,,,
3254,10.83,,,
3255,10.78,,,
3256,10.74,,,
3257,10.81,,,
3258,10.76,,,
3259,10.67,,,
3260,10.78,,,
3261,10.71,,,
3262,10.81,,,
3263,10.8,,,
3264,10.81,,,
3265,10.9,,,
3266,10.96,,,
3267,11.02,,,
3268,11.03,,,
3269,11.04,,,
3270,11.04,,,
3271,11.06,,,
3272,11.04,,,
3273,10.98,,,
3274,10.92,,,
3275,10.97,,,
3276,10.92,,,
3277,10.97,,,
3278,10.86,,,
3279,10.89,,,
3280,10.91,,,
3281,10.83,,,
3282,10.84,,,
3283,10.92,,,
3284,11,,,
3285,10.93,,,
3286,10.98,,,
3287,10.98,,,
3288,10.99,,,
3289,11.08,,,
3290,11.12,,,
3291,11.13,,,
3292,11.14,,,
3293,11.18,,,
3294,11.26,,,
3295,11.23,,,
3296,11.23,,,
3297,11.2,,,
3298,11.18,,,
3299,11.17,,,
3300,11.11,,,
3301,11.13,,,
3302,11.05,,,
3303,11.06,,,
3304,11.28,,,
3305,11.08,,,
3306,11.06,,,
3307,11.01,,,
3308,11.11,,,
3309,11.07,,,
3310,11.12,,,
3311,11.08,,,
3312,11.17,,,
3313,11.23,,,
3314,11.28,,,
3315,11.33,,,
3316,11.28,,,
3317,11.37,,,
3318,11.35,,,
3319,11.33,,,
3320,11.29,,,
3321,11.36,,,
3322,11.29,,,
3323,11.37,,,
3324,11.26,,,
3325,11.24,,,
3326,11.32,,,
3327,11.33,,,
3328,11.34,,,
3329,11.33,,,
3330,11.25,,,
3331,11.28,,,
3332,11.23,,,
3333,11.25,,,
3334,11.28,,,
3335,11.3,,,
3336,11.3,,,
3337,11.3,,,
3338,11.36,,,
3339,11.42,,,
3340,11.49,,,
3341,11.45,,,
3342,11.53,,,
3343,11.46,,,
3344,11.46,,,
3345,11.49,,,
3346,11.4,,,
3347,11.44,,,
3348,11.47,,,
3349,11.46,,,
3350,11.51,,,
3351,11.33,,,
3352,11.4,,,
3353,11.54,,,
3354,11.41,,,
3355,11.42,,,
3356,11.44,,,
3357,11.5,,,
3358,11.44,,,
3359,11.57,,,
3360,11.67,,,
3361,11.76,,,
3362,11.81,,,
3363,11.77,,,
3364,11.87,,,
3365,11.85,,,
3366,11.78,,,
3367,11.78,,,
3368,11.87,,,
3369,11.81,,,
3370,11.75,,,
3371,11.88,,,
3372,11.89,,,
3373,11.92,,,
3374,11.85,,,
3375,11.83,,,
3376,11.91,,,
3377,11.88,,,
3378,11.88,,,
3379,11.83,,,
3380,11.85,,,
3381,11.9,,,
3382,11.9,,,
3383,11.96,,,
3384,11.97,,,
3385,11.99,,,
3386,12.08,,,
3387,12.16,,,
3388,12.12,,,
3389,12.2,,,
3390,12.18,,,
3391,12.14,,,
3392,12.14,,,
3393,12.12,,,
3394,12.1,,,
3395,12.09,,,
3396,12.16,,,
3397,12.06,,,
3398,12.15,,,
3399,12.05,,,
3400,12.13,,,
3401,12.13,,,
3402,12.05,,,
3403,12.08,,,
3404,12.04,,,
3405,12.06,,,
3406,12.1,,,
3407,12.23,,,
3408,12.16,,,
3409,12.29,,,
3410,12.26,,,
3411,12.33,,,
3412,12.3,,,
3413,12.32,,,
3414,12.26,,,
3415,12.35,,,
3416,12.35,,,
3417,12.32,,,
3418,12.38,,,
3419,12.33,,,
3420,12.38,,,
3421,12.32,,,
3422,12.32,,,
3423,12.29,,,
3424,12.33,,,
3425,12.36,,,
3426,12.27,,,
3427,12.33,,,
3428,12.34,,,
3429,12.28,,,
3430,12.32,,,
3431,12.32,,,
3432,12.29,,,
3433,12.33,,,
3434,12.36,,,
3435,12.27,,,
3436,12.33,,,
3437,12.34,,,
3438,12.28,,,
3439,12.35,,,
3440,12.37,,,
3441,12.4,,,
3442,12.45,,,
3443,12.49,,,
3444,12.51,,,
3445,12.54,,,
3446,12.62,,,
3447,12.62,,,
3448,12.57,,,
3449,12.52,,,
3450,12.56,,,
3451,12.47,,,
3452,12.51,,,
3453,12.47,,,
3454,12.42,,,
3455,12.58,,,
3456,12.35,,,
3457,12.39,,,
3458,12.48,,,
3459,12.49,,,
3460,12.44,,,
3461,12.43,,,
3462,12.42,,,
3463,12.45,,,
3464,12.53,,,
3465,12.7,,,
3466,12.74,,,
3467,12.83,,,
3468,12.86,,,
3469,12.88,,,
3470,12.93,,,
3471,12.85,,,
3472,12.76,,,
3473,12.86,,,
3474,12.78,,,
3475,12.79,,,
3476,12.76,,,
3477,12.81,,,
3478,12.71,,,
3479,12.83,,,
3480,12.74,,,
3481,12.66,,,
3482,12.84,,,
3483,12.72,,,
3484,12.73,,,
3485,12.66,,,
3486,12.67,,,
3487,12.74,,,
3488,12.88,,,
3489,12.92,,,
3490,12.94,,,
3491,13.02,,,
3492,12.99,,,
3493,13.03,,,
3494,13.01,,,
3495,12.98,,,
3496,13,,,
3497,13.03,,,
3498,13.04,,,
3499,13,,,
3500,13.04,,,
3501,13.04,,,
3502,12.99,,,
3503,13.02,,,
3504,12.96,,,
3505,13,,,
3506,12.94,,,
3507,12.98,,,
3508,12.9,,,
3509,12.94,,,
3510,12.98,,,
3511,13,,,
3512,13.08,,,
3513,13.12,,,
3514,13.29,,,
3515,13.29,,,
3516,13.3,,,
3517,13.66,,,
3518,13.87,,,
3519,13.64,,,
3520,13.68,,,
3521,13.62,,,
3522,13.58,,,
3523,13.47,,,
3524,13.28,,,
3525,13.14,,,
3526,13.17,,,
3527,13.19,,,
3528,13.05,,,
3529,13.16,,,
3530,12.99,,,
3531,13.08,,,
3532,12.99,,,
3533,13.05,,,
3534,13.19,,,
3535,13.18,,,
3536,13.34,,,
3537,13.52,,,
3538,13.57,,,
3539,13.54,,,
3540,13.64,,,
3541,13.56,,,
3542,13.58,,,
3543,13.48,,,
3544,13.53,,,
3545,13.52,,,
3546,13.55,,,
3547,13.47,,,
3548,13.41,,,
3549,13.41,,,
3550,13.51,,,
3551,13.4,,,
3552,13.38,,,
3553,13.57,,,
3554,13.43,,,
3555,13.36,,,
3556,13.38,,,
3557,13.42,,,
3558,13.47,,,
3559,13.43,,,
3560,13.51,,,
3561,13.59,,,
3562,13.66,,,
3563,13.88,,,
3564,13.86,,,
3565,13.84,,,
3566,13.79,,,
3567,13.77,,,
3568,13.69,,,
3569,13.68,,,
3570,13.74,,,
3571,13.57,,,
3572,13.7,,,
3573,13.61,,,
3574,13.6,,,
3575,13.64,,,
3576,13.52,,,
3577,13.45,,,
3578,13.5,,,
3579,13.41,,,
3580,13.45,,,
3581,13.42,,,
3582,13.39,,,
3583,13.4,,,
3584,13.45,,,
3585,13.35,,,
3586,13.51,,,
3587,13.51,,,
3588,13.37,,,
3589,13.38,,,
3590,13.41,,,
3591,13.36,,,
3592,13.27,,,
3593,13.31,,,
3594,13.3,,,
3595,13.24,,,
3596,13.16,,,
3597,13.26,,,
3598,13.24,,,
3599,13.2,,,
3600,13.21,,,
3601,13.28,,,
3602,13.18,,,
3603,13.16,,,
3604,13.02,,,
3605,12.91,,,
3606,12.99,,,
3607,13.02,,,
3608,13.1,,,
3609,13.19,,,
3610,13.34,,,
3611,13.32,,,
3612,13.22,,,
3613,13.29,,,
3614,13.19,,,
3615,13.25,,,
3616,13.19,,,
3617,13.18,,,
3618,13.21,,,
3619,13.05,,,
3620,13.05,,,
3621,13.04,,,
3622,13.05,,,
3623,13.01,,,
3624,12.96,,,
3625,12.88,,,
3626,12.66,,,
3627,12.82,,,
3628,12.88,,,
3629,12.81,,,
3630,12.73,,,
3631,12.81,,,
3632,12.82,,,
3633,12.89,,,
3634,13.03,,,
3635,13.01,,,
3636,13.05,,,
3637,13.13,,,
3638,13.09,,,
3639,13.11,,,
3640,12.97,,,
3641,13.03,,,
3642,12.95,,,
3643,12.97,,,
3644,12.95,,,
3645,12.89,,,
3646,12.86,,,
3647,12.77,,,
3648,12.74,,,
3649,12.7,,,
3650,12.65,,,
3651,12.58,,,
3652,12.53,,,
3653,12.5,,,
3654,12.44,,,
3655,12.46,,,
3656,12.58,,,
3657,12.6,,,
3658,12.73,,,
3659,12.75,,,
3660,12.74,,,
3661,12.65,,,
3662,12.73,,,
3663,12.54,,,
3664,12.52,,,
3665,12.46,,,
3666,12.41,,,
3667,12.42,,,
3668,12.44,,,
3669,12.38,,,
3670,12.33,,,
3671,12.26,,,
3672,12.2,,,
3673,12.19,,,
3674,12.15,,,
3675,12.05,,,
3676,11.91,,,
3677,11.96,,,
3678,11.92,,,
3679,11.94,,,
3680,12.03,,,
3681,12.11,,,
3682,12.31,,,
3683,12.36,,,
3684,12.61,,,
3685,12.37,,,
3686,12.28,,,
3687,12.2,,,
3688,12.17,,,
3689,12.14,,,
3690,12.06,,,
3691,12.1,,,
3692,12.1,,,
3693,12.14,,,
3694,12.07,,,
3695,12.09,,,
3696,12.04,,,
3697,11.96,,,
3698,11.88,,,
3699,11.86,,,
3700,11.84,,,
3701,11.75,,,
3702,11.79,,,
3703,11.88,,,
3704,12.18,,,
3705,12.06,,,
3706,12.3,,,
3707,12.41,,,
3708,12.44,,,
3709,12.27,,,
3710,12.27,,,
3711,12.17,,,
3712,12.22,,,
3713,12.19,,,
3714,12.11,,,
3715,11.98,,,
3716,11.91,,,
3717,11.96,,,
3718,11.9,,,
3719,11.87,,,
3720,11.78,,,
3721,11.76,,,
3722,11.79,,,
3723,11.7,,,
3724,11.61,,,
3725,11.59,,,
3726,11.56,,,
3727,11.67,,,
3728,11.68,,,
3729,11.73,,,
3730,11.79,,,
3731,11.83,,,
3732,11.9,,,
3733,11.81,,,
3734,11.88,,,
3735,11.83,,,
3736,11.83,,,
3737,11.79,,,
3738,11.72,,,
3739,11.75,,,
3740,11.78,,,
3741,11.71,,,
3742,11.71,,,
3743,11.59,,,
3744,11.56,,,
3745,11.7,,,
3746,11.57,,,
3747,11.57,,,
3748,11.55,,,
3749,11.47,,,
3750,11.56,,,
3751,11.54,,,
3752,11.64,,,
3753,11.78,,,
3754,11.79,,,
3755,11.93,,,
3756,11.91,,,
3757,11.89,,,
3758,11.86,,,
3759,11.93,,,
3760,11.79,,,
3761,11.97,,,
3762,11.82,,,
3763,11.8,,,
3764,11.84,,,
3765,11.83,,,
3766,11.7,,,
3767,11.89,,,
3768,11.79,,,
3769,11.77,,,
3770,11.72,,,
3771,11.65,,,
3772,11.68,,,
3773,11.6,,,
3774,11.67,,,
3775,11.75,,,
3776,11.82,,,
3777,12.13,,,
3778,11.96,,,
3779,12.12,,,
3780,12.19,,,
3781,12.15,,,
3782,12.14,,,
3783,12.08,,,
3784,12.08,,,
3785,12.13,,,
3786,12.05,,,
3787,11.98,,,
3788,12.09,,,
3789,12.09,,,
3790,12,,,
3791,12.16,,,
3792,11.92,,,
3793,11.97,,,
3794,11.87,,,
3795,11.94,,,
3796,11.86,,,
3797,11.79,,,
3798,11.85,,,
3799,11.97,,,
3800,12.14,,,
3801,12.51,,,
3802,12.49,,,
3803,12.37,,,
3804,12.54,,,
3805,12.35,,,
3806,12.27,,,
3807,12.32,,,
3808,12.29,,,
3809,12.28,,,
3810,12.3,,,
3811,12.25,,,
3812,12.3,,,
3813,12.26,,,
3814,12.31,,,
3815,12.18,,,
3816,12.19,,,
3817,12.25,,,
3818,12.21,,,
3819,12.27,,,
3820,12.23,,,
3821,12.17,,,
3822,12.25,,,
3823,12.33,,,
3824,12.41,,,
3825,12.47,,,
3826,12.9,,,
3827,12.99,,,
3828,13.09,,,
3829,13.12,,,
3830,12.84,,,
3831,12.81,,,
3832,12.73,,,
3833,12.8,,,
3834,12.78,,,
3835,12.75,,,
3836,12.71,,,
3837,12.73,,,
3838,12.44,,,
3839,12.39,,,
3840,12.62,,,
3841,12.54,,,
3842,12.62,,,
3843,12.66,,,
3844,12.52,,,
3845,12.54,,,
3846,12.64,,,
3847,12.64,,,
3848,12.76,,,
3849,12.83,,,
3850,12.95,,,
3851,13.02,,,
3852,13.24,,,
3853,13.25,,,
3854,13.25,,,
3855,13.09,,,
3856,13.05,,,
3857,13,,,
3858,13,,,
3859,13.07,,,
3860,13.12,,,
3861,13.03,,,
3862,13.12,,,
3863,13.12,,,
3864,12.83,,,
3865,12.86,,,
3866,12.92,,,
3867,12.82,,,
3868,12.85,,,
3869,12.91,,,
3870,13.05,,,
3871,13.13,,,
3872,13.11,,,
3873,13.31,,,
3874,13.92,,,
3875,13.92,,,
3876,13.97,,,
3877,14.03,,,
3878,14.04,,,
3879,13.84,,,
3880,13.71,,,
3881,13.66,,,
3882,13.69,,,
3883,13.77,,,
3884,13.59,,,
3885,13.66,,,
3886,13.67,,,
3887,13.68,,,
3888,13.58,,,
3889,13.52,,,
3890,13.67,,,
3891,13.65,,,
3892,13.63,,,
3893,13.62,,,
3894,13.67,,,
3895,13.78,,,
3896,13.74,,,
3897,13.87,,,
3898,13.84,,,
3899,13.94,,,
3900,14.04,,,
3901,13.99,,,
3902,14.05,,,
3903,14.04,,,
3904,14.03,,,
3905,13.89,,,
3906,13.77,,,
3907,13.85,,,
3908,13.88,,,
3909,13.85,,,
3910,13.86,,,
3911,13.68,,,
3912,13.81,,,
3913,13.7,,,
3914,13.64,,,
3915,13.68,,,
3916,13.76,,,
3917,13.7,,,
3918,13.72,,,
3919,13.75,,,
3920,13.81,,,
3921,13.9,,,
3922,13.98,,,
3923,14.42,,,
3924,14.66,,,
3925,14.88,,,
3926,14.99,,,
3927,14.97,,,
3928,14.58,,,
3929,14.3,,,
3930,14.37,,,
3931,14.5,,,
3932,14.29,,,
3933,14.27,,,
3934,14.24,,,
3935,14.2,,,
3936,14.18,,,
3937,14.05,,,
3938,14.14,,,
3939,14.05,,,
3940,14.01,,,
3941,14.09,,,
3942,14.13,,,
3943,14.27,,,
3944,14.27,,,
3945,14.36,,,
3946,14.92,,,
3947,15.02,,,
3948,14.82,,,
3949,14.81,,,
3950,14.86,,,
3951,14.74,,,
3952,14.71,,,
3953,14.64,,,
3954,14.68,,,
3955,14.66,,,
3956,14.67,,,
3957,14.53,,,
3958,14.65,,,
3959,14.55,,,
3960,14.63,,,
3961,14.52,,,
3962,14.62,,,
3963,14.56,,,
3964,14.59,,,
3965,14.58,,,
3966,14.69,,,
3967,14.8,,,
3968,14.95,,,
3969,15.1,,,
3970,15.53,,,
3971,15.82,,,
3972,15.86,,,
3973,15.8,,,
3974,15.63,,,
3975,15.5,,,
3976,15.33,,,
3977,15.35,,,
3978,15.34,,,
3979,15.44,,,
3980,15.38,,,
3981,15.39,,,
3982,15.28,,,
3983,15.33,,,
3984,15.29,,,
3985,15.27,,,
3986,15.16,,,
3987,15.28,,,
3988,15.25,,,
3989,15.21,,,
3990,15.23,,,
3991,15.32,,,
3992,15.63,,,
3993,15.76,,,
3994,15.96,,,
3995,15.88,,,
3996,15.92,,,
3997,15.93,,,
3998,15.87,,,
3999,15.77,,,
4000,15.66,,,
4001,15.63,,,
4002,15.51,,,
4003,15.51,,,
4004,15.49,,,
4005,15.45,,,
4006,15.51,,,
4007,15.57,,,
4008,15.38,,,
4009,15.44,,,
4010,15.33,,,
4011,15.39,,,
4012,15.3,,,
4013,15.43,,,
4014,15.42,,,
4015,15.43,,,
4016,15.53,,,
4017,15.7,,,
4018,15.91,,,
4019,16.03,,,
4020,16.3,,,
4021,16.21,,,
4022,16.33,,,
4023,16.27,,,
4024,16.17,,,
4025,16.03,,,
4026,16.08,,,
4027,16.06,,,
4028,16.04,,,
4029,15.92,,,
4030,15.98,,,
4031,15.89,,,
4032,15.93,,,
4033,16.11,,,
4034,15.93,,,
4035,15.84,,,
4036,15.87,,,
4037,15.82,,,
4038,15.97,,,
4039,16.09,,,
4040,16.35,,,
4041,16.31,,,
4042,16.58,,,
4043,16.65,,,
4044,16.83,,,
4045,16.8,,,
4046,16.71,,,
4047,16.61,,,
4048,16.69,,,
4049,16.56,,,
4050,16.55,,,
4051,16.5,,,
4052,16.57,,,
4053,16.58,,,
4054,16.48,,,
4055,16.31,,,
4056,16.3,,,
4057,16.46,,,
4058,16.3,,,
4059,16.37,,,
4060,16.36,,,
4061,16.26,,,
4062,16.39,,,
4063,16.45,,,
4064,16.55,,,
4065,16.73,,,
4066,16.99,,,
4067,16.91,,,
4068,16.9,,,
4069,16.98,,,
4070,16.94,,,
4071,16.91,,,
4072,16.91,,,
4073,16.8,,,
4074,16.77,,,
4075,16.73,,,
4076,16.74,,,
4077,16.66,,,
4078,16.54,,,
4079,16.57,,,
4080,16.53,,,
4081,16.52,,,
4082,16.53,,,
4083,16.48,,,
4084,16.51,,,
4085,16.5,,,
4086,16.46,,,
4087,16.6,,,
4088,16.67,,,
4089,16.84,,,
4090,16.98,,,
4091,16.92,,,
4092,16.96,,,
4093,17.09,,,
4094,17.05,,,
4095,16.93,,,
4096,16.83,,,
4097,16.94,,,
4098,16.92,,,
4099,16.78,,,
4100,16.8,,,
4101,16.72,,,
4102,16.77,,,
4103,16.75,,,
4104,16.7,,,
4105,16.64,,,
4106,16.61,,,
4107,16.63,,,
4108,16.54,,,
4109,16.59,,,
4110,16.62,,,
4111,16.64,,,
4112,16.67,,,
4113,16.61,,,
4114,16.77,,,
4115,16.81,,,
4116,17.1,,,
4117,16.93,,,
4118,16.8,,,
4119,16.72,,,
4120,16.77,,,
4121,16.75,,,
4122,16.64,,,
4123,16.76,,,
4124,16.69,,,
4125,16.73,,,
4126,16.69,,,
4127,16.7,,,
4128,16.69,,,
4129,16.73,,,
4130,16.67,,,
4131,16.62,,,
4132,16.54,,,
4133,16.54,,,
4134,16.62,,,
4135,16.64,,,
4136,16.76,,,
4137,16.73,,,
4138,16.84,,,
4139,16.84,,,
4140,16.91,,,
4141,16.93,,,
4142,16.96,,,
4143,16.9,,,
4144,16.94,,,
4145,16.82,,,
4146,16.87,,,
4147,16.88,,,
4148,16.84,,,
4149,16.91,,,
4150,16.81,,,
4151,16.84,,,
4152,16.9,,,
4153,16.8,,,
4154,16.77,,,
4155,16.73,,,
4156,16.65,,,
4157,16.69,,,
4158,16.71,,,
4159,16.79,,,
4160,16.95,,,
4161,17.55,,,
4162,17.55,,,
4163,17.47,,,
4164,17.45,,,
4165,17.44,,,
4166,17.5,,,
4167,17.29,,,
4168,17.29,,,
4169,17.26,,,
4170,17.28,,,
4171,17.17,,,
4172,17.26,,,
4173,17.2,,,
4174,17.28,,,
4175,17.17,,,
4176,17.09,,,
4177,17.07,,,
4178,17.03,,,
4179,17.02,,,
4180,16.98,,,
4181,16.98,,,
4182,16.98,,,
4183,17.2,,,
4184,17.15,,,
4185,17.28,,,
4186,17.26,,,
4187,17.46,,,
4188,17.41,,,
4189,17.5,,,
4190,17.52,,,
4191,17.45,,,
4192,17.49,,,
4193,17.28,,,
4194,17.33,,,
4195,17.34,,,
4196,17.26,,,
4197,17.28,,,
4198,17.27,,,
4199,17.3,,,
4200,17.15,,,
4201,17.15,,,
4202,17.16,,,
4203,17.11,,,
4204,17.13,,,
4205,17.1,,,
4206,17.14,,,
4207,17.29,,,
4208,17.54,,,
4209,17.55,,,
4210,17.55,,,
4211,17.56,,,
4212,17.74,,,
4213,17.66,,,
4214,17.67,,,
4215,17.62,,,
4216,17.52,,,
4217,17.52,,,
4218,17.57,,,
4219,17.54,,,
4220,17.5,,,
4221,17.58,,,
4222,17.46,,,
4223,17.4,,,
4224,17.39,,,
4225,17.35,,,
4226,17.39,,,
4227,17.37,,,
4228,17.29,,,
4229,17.32,,,
4230,17.4,,,
4231,17.49,,,
4232,17.6,,,
4233,17.61,,,
4234,17.64,,,
4235,17.87,,,
4236,17.85,,,
4237,17.96,,,
4238,17.82,,,
4239,17.78,,,
4240,17.84,,,
4241,17.81,,,
4242,17.76,,,
4243,17.76,,,
4244,17.8,,,
4245,17.7,,,
4246,17.64,,,
4247,17.69,,,
4248,17.52,,,
4249,17.6,,,
4250,17.63,,,
4251,17.61,,,
4252,17.57,,,
4253,17.5,,,
4254,17.56,,,
4255,17.63,,,
4256,17.75,,,
4257,17.89,,,
4258,18,,,
4259,18,,,
4260,18.01,,,
4261,18.01,,,
4262,18.1,,,
4263,17.99,,,
4264,17.96,,,
4265,17.93,,,
4266,17.96,,,
4267,17.94,,,
4268,18.01,,,
4269,17.79,,,
4270,17.79,,,
4271,17.86,,,
4272,18.01,,,
4273,17.84,,,
4274,17.79,,,
4275,17.83,,,
4276,17.77,,,
4277,17.85,,,
4278,17.79,,,
4279,18.02,,,
4280,18.08,,,
4281,18.75,,,
4282,18.42,,,
4283,18.31,,,
4284,18.49,,,
4285,18.49,,,
4286,18.45,,,
4287,18.44,,,
4288,18.46,,,
4289,18.51,,,
4290,18.47,,,
4291,18.48,,,
4292,18.35,,,
4293,18.41,,,
4294,18.3,,,
4295,18.37,,,
4296,18.23,,,
4297,18.27,,,
4298,18.18,,,
4299,18.24,,,
4300,18.19,,,
4301,18.25,,,
4302,18.22,,,
4303,18.41,,,
4304,18.5,,,
4305,18.75,,,
4306,18.74,,,
4307,18.79,,,
4308,18.84,,,
4309,18.96,,,
4310,18.9,,,
4311,18.97,,,
4312,18.98,,,
4313,18.99,,,
4314,18.92,,,
4315,18.85,,,
4316,18.9,,,
4317,18.87,,,
4318,18.84,,,
4319,18.68,,,
4320,18.73,,,
4321,18.84,,,
4322,18.63,,,
4323,18.61,,,
4324,18.55,,,
4325,18.56,,,
4326,18.67,,,
4327,18.66,,,
4328,18.87,,,
4329,18.8,,,
4330,18.89,,,
4331,18.92,,,
4332,18.94,,,
4333,19.04,,,
4334,19.01,,,
4335,19,,,
4336,18.98,,,
4337,18.97,,,
4338,18.91,,,
4339,18.84,,,
4340,18.75,,,
4341,18.79,,,
4342,18.74,,,
4343,18.7,,,
4344,18.73,,,
4345,18.66,,,
4346,18.66,,,
4347,18.51,,,
4348,18.57,,,
4349,18.65,,,
4350,18.64,,,
4351,18.72,,,
4352,18.79,,,
4353,18.93,,,
4354,19.02,,,
4355,19.03,,,
4356,19.2,,,
4357,19.18,,,
4358,19.11,,,
4359,19.05,,,
4360,19,,,
4361,19.04,,,
4362,18.94,,,
4363,19,,,
4364,18.87,,,
4365,18.94,,,
4366,18.92,,,
4367,18.91,,,
4368,18.69,,,
4369,18.78,,,
4370,18.77,,,
4371,18.73,,,
4372,18.66,,,
4373,18.76,,,
4374,18.79,,,
4375,18.9,,,
4376,19.01,,,
4377,19.03,,,
4378,19.16,,,
4379,19.32,,,
4380,19.23,,,
4381,19.36,,,
4382,19.28,,,
4383,19.19,,,
4384,19.14,,,
4385,19.15,,,
4386,19.1,,,
4387,19.01,,,
4388,18.92,,,
4389,18.98,,,
4390,18.98,,,
4391,18.87,,,
4392,18.92,,,
4393,18.9,,,
4394,18.83,,,
4395,18.74,,,
4396,18.87,,,
4397,18.73,,,
4398,18.81,,,
4399,18.87,,,
4400,19.11,,,
4401,19.23,,,
4402,19.52,,,
4403,19.4,,,
4404,19.4,,,
4405,19.55,,,
4406,19.5,,,
4407,19.53,,,
4408,19.4,,,
4409,19.48,,,
4410,19.32,,,
4411,19.34,,,
4412,19.32,,,
4413,19.32,,,
4414,19.33,,,
4415,19.3,,,
4416,19.23,,,
4417,19.19,,,
4418,19.26,,,
4419,19.29,,,
4420,19.23,,,
4421,19.35,,,
4422,19.3,,,
4423,19.42,,,
4424,19.87,,,
4425,20.09,,,
4426,20.14,,,
4427,19.91,,,
4428,19.93,,,
4429,19.72,,,
4430,19.74,,,
4431,19.77,,,
4432,19.6,,,
4433,19.69,,,
4434,19.62,,,
4435,19.52,,,
4436,19.65,,,
4437,19.56,,,
4438,19.52,,,
4439,19.54,,,
4440,19.47,,,
4441,19.5,,,
4442,19.4,,,
4443,19.41,,,
4444,19.33,,,
4445,19.41,,,
4446,19.46,,,
4447,19.53,,,
4448,19.45,,,
4449,19.43,,,
4450,19.64,,,
4451,19.69,,,
4452,19.72,,,
4453,19.68,,,
4454,19.75,,,
4455,19.73,,,
4456,19.63,,,
4457,19.57,,,
4458,19.66,,,
4459,19.53,,,
4460,19.45,,,
4461,19.45,,,
4462,19.47,,,
4463,19.39,,,
4464,19.37,,,
4465,19.31,,,
4466,19.3,,,
4467,19.26,,,
4468,19.11,,,
4469,19.13,,,
4470,19.12,,,
4471,19.04,,,
4472,19.17,,,
4473,19.28,,,
4474,19.54,,,
4475,19.49,,,
4476,19.57,,,
4477,19.5,,,
4478,19.49,,,
4479,19.58,,,
4480,19.34,,,
4481,19.4,,,
4482,19.29,,,
4483,19.1,,,
4484,19.24,,,
4485,19.11,,,
4486,19.13,,,
4487,19.11,,,
4488,19.05,,,
4489,18.98,,,
4490,18.88,,,
4491,18.92,,,
4492,18.79,,,
4493,18.88,,,
4494,18.8,,,
4495,18.95,,,
4496,18.97,,,
4497,19.06,,,
4498,19.08,,,
4499,19.23,,,
4500,19.27,,,
4501,19.25,,,
4502,19.19,,,
4503,19.28,,,
4504,19.15,,,
4505,19.15,,,
4506,19.15,,,
4507,19.09,,,
4508,19.12,,,
4509,19.09,,,
4510,19.01,,,
4511,19.09,,,
4512,19.1,,,
4513,18.92,,,
4514,18.92,,,
4515,18.94,,,
4516,18.82,,,
4517,18.86,,,
4518,19.05,,,
4519,19.04,,,
4520,19.04,,,
4521,19.23,,,
4522,19.25,,,
4523,19.37,,,
4524,19.35,,,
4525,19.34,,,
4526,19.37,,,
4527,19.27,,,
4528,19.23,,,
4529,19.15,,,
4530,19.16,,,
4531,19.15,,,
4532,18.99,,,
4533,19.04,,,
4534,19.01,,,
4535,19.02,,,
4536,18.88,,,
4537,18.79,,,
4538,18.74,,,
4539,18.69,,,
4540,18.75,,,
4541,18.81,,,
4542,18.66,,,
4543,18.85,,,
4544,18.88,,,
4545,18.9,,,
4546,19.06,,,
4547,19.13,,,
4548,19.07,,,
4549,19.18,,,
4550,19.19,,,
4551,19.18,,,
4552,19.15,,,
4553,18.97,,,
4554,19.01,,,
4555,18.93,,,
4556,18.98,,,
4557,18.8,,,
4558,18.89,,,
4559,18.72,,,
4560,18.75,,,
4561,18.63,,,
4562,18.65,,,
4563,18.66,,,
4564,18.6,,,
4565,18.6,,,
4566,18.66,,,
4567,18.63,,,
4568,18.67,,,
4569,18.81,,,
4570,18.91,,,
4571,18.99,,,
4572,19.05,,,
4573,19.03,,,
4574,18.89,,,
4575,19.02,,,
4576,18.99,,,
4577,18.88,,,
4578,18.78,,,
4579,18.83,,,
4580,18.66,,,
4581,18.75,,,
4582,18.82,,,
4583,18.59,,,
4584,18.62,,,
4585,18.66,,,
4586,18.56,,,
4587,18.48,,,
4588,18.49,,,
4589,18.5,,,
4590,18.47,,,
4591,18.58,,,
4592,18.76,,,
4593,18.76,,,
4594,18.94,,,
4595,18.98,,,
4596,19.09,,,
4597,19.11,,,
4598,19.2,,,
4599,19.12,,,
4600,19.08,,,
4601,19,,,
4602,18.92,,,
4603,18.96,,,
4604,18.94,,,
4605,18.9,,,
4606,18.8,,,
4607,18.83,,,
4608,18.57,,,
4609,18.51,,,
4610,18.54,,,
4611,18.56,,,
4612,18.61,,,
4613,18.64,,,
4614,18.66,,,
4615,18.8,,,
4616,19.12,,,
4617,19.38,,,
4618,19.34,,,
4619,19.18,,,
4620,19.32,,,
4621,19.26,,,
4622,19.24,,,
4623,19.23,,,
4624,19.17,,,
4625,19.15,,,
4626,19.2,,,
4627,19.12,,,
4628,19.03,,,
4629,19.05,,,
4630,19,,,
4631,19.11,,,
4632,18.98,,,
4633,18.92,,,
4634,18.98,,,
4635,18.92,,,
4636,18.9,,,
4637,19.01,,,
4638,18.95,,,
4639,19.15,,,
4640,19.27,,,
4641,19.62,,,
4642,19.49,,,
4643,19.51,,,
4644,19.37,,,
4645,19.65,,,
4646,19.7,,,
4647,19.62,,,
4648,19.48,,,
4649,19.44,,,
4650,19.45,,,
4651,19.39,,,
4652,19.38,,,
