,Vapor_Pressure_Avg,,,,
100,1.947628,,,1,1.947628
101,1.995213,,,5,2.126729
102,2.010989,,,9,1.886304
103,2.062295,,,13,1.870746
104,2.126729,,,17,1.965018
105,2.146199,,,21,2.196666
106,2.027735,,,25,2.412858
107,1.986619,,,29,2.475797
108,1.886304,,,33,2.218507
109,1.837973,,,37,2.082771
110,1.869113,,,41,2.132677
111,1.916423,,,45,2.230194
112,1.870746,,,49,2.292642
113,1.860346,,,53,2.233624
114,1.896722,,,57,2.287577
115,1.933598,,,61,2.19418
116,1.965018,,,65,2.098139
117,2.051943,,,69,2.305156
118,2.162347,,,73,2.342109
119,2.168205,,,77,2.349868
120,2.196666,,,81,2.173969
121,2.335368,,,85,2.051338
122,2.393849,,,89,2.095848
123,2.383913,,,93,2.041668
124,2.412858,,,97,2.138589
125,2.419389,,,101,2.046489
126,2.423229,,,105,1.886927
127,2.465309,,,109,1.788855
128,2.475797,,,113,1.820901
129,2.468235,,,117,1.975253
130,2.325441,,,121,2.178193
131,2.238305,,,125,2.36405
132,2.218507,,,129,2.242018
133,2.19241,,,133,1.940317
134,2.160812,,,137,1.878941
135,2.134125,,,141,2.177787
136,2.082771,,,145,2.236096
137,2.013594,,,149,2.225074
138,2.023431,,,153,2.164486
139,1.983432,,,157,1.893849
140,2.132677,,,161,2.022447
141,2.309734,,,165,2.123529
142,2.311735,,,169,2.163935
143,2.280792,,,173,2.188436
144,2.230194,,,177,1.993598
145,2.267382,,,181,1.978763
146,2.154765,,,185,2.05167
147,2.303822,,,189,2.287032
148,2.292642,,,193,2.353905
149,2.335543,,,197,1.8596
150,2.398165,,,201,1.833125
151,2.368674,,,205,1.717945
152,2.233624,,,209,1.872168
153,2.199949,,,213,1.939863
154,2.250722,,,217,1.991546
155,2.262548,,,221,1.928709
156,2.287577,,,225,1.852245
157,2.278617,,,229,1.64698
158,2.240227,,,233,1.657893
159,2.233137,,,237,1.885121
160,2.19418,,,241,2.001279
161,2.154954,,,245,1.982167
162,2.11138,,,249,1.722688
163,2.104223,,,253,1.636557
164,2.098139,,,257,1.626668
165,2.076314,,,261,1.864963
166,2.100924,,,265,2.040117
167,2.243113,,,269,1.973719
168,2.305156,,,273,1.8531
169,2.294909,,,277,1.626183
170,2.319013,,,281,1.797921
171,2.348123,,,285,2.03178
172,2.342109,,,289,2.059036
173,2.375695,,,293,2.093219
174,2.319761,,,297,1.796428
175,2.386395,,,301,1.531216
176,2.349868,,,305,1.563303
177,2.418624,,,309,1.745469
178,2.32525,,,313,2.069099
179,2.188549,,,317,2.297104
180,2.173969,,,321,1.984963
181,2.20369,,,325,1.64106
182,2.010162,,,329,1.618995
183,1.996238,,,333,1.899641
184,2.051338,,,337,2.201211
185,2.078364,,,341,2.491935
186,2.089484,,,345,2.391117
187,2.064173,,,349,2.029523
188,2.095848,,,353,2.049328
189,2.091735,,,357,2.428348
190,2.114676,,,361,2.546294
191,1.981049,,,365,2.498857
192,2.041668,,,369,2.483499
193,2.011418,,,373,2.380508
194,2.060081,,,377,2.260778
195,1.926306,,,381,2.46049
196,2.138589,,,385,2.532806
197,2.142354,,,389,2.55163
198,2.116074,,,393,2.444016
199,2.118075,,,397,2.332165
200,2.046489,,,401,2.280226
201,1.988298,,,405,2.349178
202,1.934988,,,409,2.458513
203,1.916632,,,413,2.439498
204,1.886927,,,417,2.429328
205,1.836535,,,421,2.304423
206,1.822045,,,425,2.447898
207,1.803494,,,429,2.417151
208,1.788855,,,433,2.407652
209,1.771358,,,437,2.446139
210,1.755071,,,441,2.413729
211,1.795977,,,445,2.384882
212,1.820901,,,449,2.375255
213,1.763623,,,453,2.271065
214,1.7988,,,457,2.232832
215,1.900964,,,461,2.238358
216,1.975253,,,465,2.262061
217,2.036697,,,469,2.304289
218,2.091147,,,473,2.235896
219,2.163746,,,477,2.344963
220,2.178193,,,481,2.47583
221,2.204133,,,485,2.484368
222,2.211402,,,489,2.330077
223,2.238538,,,493,2.190509
224,2.36405,,,497,2.124074
225,2.34653,,,501,2.349504
226,2.327013,,,505,2.07959
227,2.294129,,,509,2.35731
228,2.242018,,,513,2.233672
229,2.083386,,,517,2.117684
230,2.010755,,,521,1.843518
231,1.98594,,,525,2.384953
232,1.940317,,,529,2.429748
233,1.90994,,,533,2.199488
234,1.879767,,,537,2.152698
235,1.873965,,,541,1.744055
236,1.878941,,,545,1.685444
237,1.911312,,,549,2.236987
238,1.994236,,,553,2.568175
239,2.041619,,,557,2.484718
240,2.177787,,,561,2.143484
241,2.1956,,,565,1.910216
242,2.18963,,,569,1.664047
243,2.213519,,,573,1.811424
244,2.236096,,,577,1.902958
245,2.267983,,,581,2.302478
246,2.287349,,,585,1.982947
247,2.214502,,,589,1.652235
248,2.225074,,,593,1.910099
249,2.226173,,,597,2.368077
250,2.20184,,,601,2.446675
251,2.233267,,,605,2.407846
252,2.164486,,,609,2.280439
253,2.107987,,,613,2.133271
254,2.018119,,,617,2.020719
255,1.938745,,,621,2.155869
256,1.893849,,,625,2.293346
257,1.864214,,,629,2.286014
258,1.826953,,,633,2.188126
259,1.885971,,,637,2.096842
260,2.022447,,,641,1.968923
261,2.080939,,,645,2.147412
262,2.160405,,,649,2.213816
263,2.147933,,,653,2.174805
264,2.123529,,,657,2.141348
265,2.128298,,,661,2.104219
266,2.158673,,,665,2.022588
267,2.139124,,,669,2.125131
268,2.163935,,,673,2.089141
269,2.148576,,,677,2.057037
270,2.166171,,,681,2.103216
271,2.221364,,,685,2.083942
272,2.188436,,,689,2.050743
273,2.017155,,,693,2.127129
274,2.024282,,,697,2.144379
275,2.02798,,,701,2.195469
276,1.993598,,,705,2.21137
277,1.973113,,,709,2.189723
278,1.967736,,,713,2.085849
279,1.982801,,,717,2.25725
280,1.978763,,,721,2.334491
281,1.993111,,,725,2.343894
282,1.998223,,,729,2.181428
283,2.008249,,,733,2.150241
284,2.05167,,,737,2.080037
285,2.143487,,,741,2.17315
286,2.184143,,,745,2.244306
287,2.226757,,,749,2.238633
288,2.287032,,,753,2.089877
289,2.330766,,,757,1.985411
290,2.353315,,,761,1.931635
291,2.367602,,,765,2.030469
292,2.353905,,,769,2.118024
293,2.268074,,,773,2.108068
294,1.901645,,,777,1.80937
295,1.905945,,,781,1.631491
296,1.8596,,,785,1.578485
297,1.848795,,,789,1.666677
298,1.84911,,,793,1.108466
299,1.844416,,,797,0.7977061
300,1.833125,,,801,0.8065907
301,1.798871,,,805,0.9203477
302,1.776961,,,809,0.9348078
303,1.743632,,,813,0.7395076
304,1.717945,,,817,1.366426
305,1.719312,,,821,1.643921
306,1.719228,,,825,1.469623
307,1.777254,,,829,1.427149
308,1.872168,,,833,1.345316
309,1.875478,,,837,1.700519
310,1.91222,,,841,1.8479
311,1.935266,,,845,1.864794
312,1.939863,,,849,1.709617
313,1.932909,,,853,1.371418
314,1.963599,,,857,1.197437
315,1.949605,,,861,1.49759
316,1.991546,,,865,1.887164
317,2.004413,,,869,1.943231
318,2.013422,,,873,1.687213
319,2.025229,,,877,1.565987
320,1.928709,,,881,1.455029
321,1.906921,,,885,1.881325
322,1.890897,,,889,1.941432
323,1.879561,,,893,1.969569
324,1.852245,,,897,1.6123
325,1.761757,,,901,1.447683
326,1.727084,,,905,1.357776
327,1.713189,,,909,1.506208
328,1.64698,,,913,2.074474
329,1.627093,,,917,1.608137
330,1.613531,,,921,1.693783
331,1.627732,,,925,1.445253
332,1.657893,,,929,1.472589
333,1.688971,,,933,1.65153
334,1.694801,,,937,1.763861
335,1.798291,,,941,1.660652
336,1.885121,,,945,1.493132
337,1.982283,,,949,1.606726
338,2.014279,,,953,1.567002
339,2.042057,,,957,1.681194
340,2.001279,,,961,2.102779
341,2.094196,,,965,2.193766
342,2.08141,,,969,2.167288
343,2.062325,,,973,2.044089
344,1.982167,,,977,1.92296
345,1.968739,,,981,1.801937
346,1.993739,,,985,1.853029
347,1.870865,,,989,1.969709
348,1.722688,,,993,2.048503
349,1.733535,,,997,1.980566
350,1.740277,,,1001,1.813172
351,1.678048,,,1005,2.055678
352,1.636557,,,1009,1.96751
353,1.563325,,,1013,2.015587
354,1.541781,,,1017,1.814951
355,1.582819,,,1021,1.777588
356,1.626668,,,1025,1.620478
357,1.669689,,,1029,1.890196
358,1.731532,,,1033,1.914488
359,1.785541,,,1037,1.929018
360,1.864963,,,1041,1.814595
361,1.937791,,,1045,1.581395
362,1.985416,,,1049,1.530069
363,2.007853,,,1053,1.722072
364,2.040117,,,1057,1.844669
365,2.060841,,,1061,1.671922
366,2.068945,,,1065,1.805134
367,2.054081,,,1069,1.905898
368,1.973719,,,1073,1.959094
369,1.930741,,,1077,1.742847
370,1.901102,,,1081,1.713314
371,1.873731,,,1085,1.292034
372,1.8531,,,1089,1.677157
373,1.813379,,,1093,1.634091
374,1.7543,,,1097,1.564893
375,1.702069,,,1101,1.791017
376,1.626183,,,1105,1.671216
377,1.653089,,,1109,1.59569
378,1.709764,,,1113,1.547987
379,1.716193,,,1117,1.649032
380,1.797921,,,1121,1.466644
381,2.025424,,,1125,1.41634
382,2.108331,,,1129,1.427651
383,2.073078,,,1133,1.145392
384,2.03178,,,1137,1.007339
385,2.035651,,,1141,0.9057478
386,2.086638,,,1145,0.9114187
387,1.945711,,,1149,0.8614678
388,2.059036,,,1153,0.7909641
389,1.986425,,,1157,0.8479803
390,2.097559,,,1161,0.8504012
391,2.064915,,,1165,0.9232293
392,2.093219,,,1169,0.9307523
393,2.1123,,,1173,1.077558
394,1.933986,,,1177,1.373139
395,1.87414,,,1181,1.510732
396,1.796428,,,1185,1.183045
397,1.711772,,,1189,1.145447
398,1.686655,,,1193,1.19145
399,1.595364,,,1197,1.580354
400,1.531216,,,1201,1.587811
401,1.539904,,,1205,1.539829
402,1.528483,,,1209,1.046726
403,1.521742,,,1213,0.936988
404,1.563303,,,1217,0.9043071
405,1.651847,,,1221,0.8935441
406,1.685249,,,1225,1.266523
407,1.551057,,,1229,1.192505
408,1.745469,,,1233,1.310377
409,1.94538,,,1237,1.386762
410,1.883117,,,1241,1.567058
411,2.023385,,,1245,1.467478
412,2.069099,,,1249,1.563584
413,2.178524,,,1253,1.513877
414,2.285573,,,1257,1.452543
415,2.149501,,,1261,1.557317
416,2.297104,,,1265,1.353122
417,2.317993,,,1269,1.800259
418,2.293704,,,1273,1.801454
419,2.088443,,,1277,1.736608
420,1.984963,,,1281,1.560608
421,1.851262,,,1285,1.414094
422,1.740734,,,1289,1.39227
423,1.687581,,,1293,1.476425
424,1.64106,,,1297,1.352147
425,1.562328,,,1301,1.056099
426,1.572829,,,1305,0.9393997
427,1.590722,,,1309,0.9205024
428,1.618995,,,1313,0.9290112
429,1.660062,,,1317,0.9377868
430,1.694735,,,1321,1.308832
431,1.847552,,,1325,1.20613
432,1.899641,,,1329,1.15185
433,2.389712,,,1333,1.141952
434,2.377673,,,1337,1.065533
435,2.184433,,,1341,1.371122
436,2.201211,,,1345,1.442991
437,2.342334,,,1349,1.405084
438,2.453742,,,1353,1.260994
439,2.442448,,,1357,1.188545
440,2.491935,,,1361,1.082424
441,2.499515,,,1365,0.8795297
442,2.499158,,,1369,0.8181057
443,2.41558,,,1373,0.8840171
444,2.391117,,,1377,0.8487856
445,2.405437,,,1381,0.8322312
446,2.278145,,,1385,0.8487018
447,2.088153,,,1389,0.9075977
448,2.029523,,,1393,1.15441
449,1.947995,,,1397,0.9941445
450,1.939301,,,1401,0.9173979
451,2.126262,,,1405,0.9049977
452,2.049328,,,1409,0.9172128
453,2.274986,,,1413,1.078241
454,2.351073,,,1417,1.333546
455,2.391903,,,1421,1.431453
456,2.428348,,,1425,1.19368
457,2.405066,,,1429,1.214537
458,2.495997,,,1433,1.179129
459,2.515109,,,1437,1.305679
460,2.546294,,,1441,1.309342
461,2.543087,,,1445,1.211538
462,2.516919,,,1449,1.241706
463,2.504163,,,1453,1.332165
464,2.498857,,,1457,1.321627
465,2.541036,,,1461,1.327673
466,2.497444,,,1465,1.264943
467,2.499289,,,1469,1.153016
468,2.483499,,,1473,1.078478
469,2.478447,,,1477,1.044444
470,2.476341,,,1481,1.080812
471,2.452032,,,1485,1.09893
472,2.380508,,,1489,1.262468
473,2.299245,,,1493,1.289747
474,2.243249,,,1497,1.270339
475,2.179406,,,1501,1.280755
476,2.260778,,,1505,1.188027
477,2.271033,,,1509,1.421183
478,2.388782,,,1513,1.541229
479,2.463057,,,1517,1.547715
480,2.46049,,,1521,1.312443
481,2.483555,,,1525,1.456037
482,2.507318,,,1529,1.432948
483,2.530458,,,1533,1.540665
484,2.532806,,,1537,1.589776
485,2.533938,,,1541,1.604309
486,2.544541,,,1545,1.604552
487,2.544371,,,1549,1.542012
488,2.55163,,,1553,1.531508
489,2.529053,,,1557,1.567416
490,2.567329,,,1561,1.624039
491,2.516924,,,1565,1.579733
492,2.444016,,,1569,1.565556
493,2.450916,,,1573,1.560992
494,2.44646,,,1577,1.515039
495,2.391376,,,1581,1.605434
496,2.332165,,,1585,1.597251
497,2.288163,,,1589,1.573111
498,2.268669,,,1593,1.532599
499,2.245421,,,1597,1.439023
500,2.280226,,,1601,1.437842
501,2.302367,,,1605,1.574102
502,2.343982,,,1609,1.560676
503,2.350821,,,1613,1.637679
504,2.349178,,,1617,1.54029
505,2.403291,,,1621,1.485195
506,2.419799,,,1625,1.485419
507,2.429757,,,1629,1.558306
508,2.458513,,,1633,1.364209
509,2.479728,,,1637,1.371318
510,2.466459,,,1641,1.549461
511,2.435474,,,1645,1.345075
512,2.439498,,,1649,1.31844
513,2.424979,,,1653,1.305623
514,2.449545,,,1657,1.296794
515,2.453025,,,1661,1.144246
516,2.429328,,,1665,1.154086
517,2.396565,,,1669,1.173805
518,2.337531,,,1673,1.3891
519,2.316967,,,1677,1.489299
520,2.304423,,,1681,1.53239
521,2.28664,,,1685,1.563364
522,2.314409,,,1689,1.556164
523,2.398495,,,1693,1.47036
524,2.447898,,,1697,1.366358
525,2.35098,,,1701,1.49779
526,2.410695,,,1705,1.648754
527,2.475195,,,1709,1.586242
528,2.417151,,,1713,1.666526
529,2.410245,,,1717,1.649752
530,2.414525,,,1721,1.600484
531,2.395891,,,1725,1.722802
532,2.407652,,,1729,1.799322
533,2.399812,,,1733,1.802954
534,2.423688,,,1737,1.641275
535,2.434272,,,1741,1.437016
536,2.446139,,,1745,1.617232
537,2.452791,,,1749,1.791368
538,2.479364,,,1753,1.764115
539,2.441849,,,1757,1.725336
540,2.413729,,,1761,1.620072
541,2.456077,,,1765,1.336721
542,2.439957,,,1769,1.477961
543,2.404697,,,1773,1.459869
544,2.384882,,,1777,1.446468
545,2.332525,,,1781,1.415263
546,2.319168,,,1785,1.182795
547,2.352206,,,1789,1.144688
548,2.375255,,,1793,1.125849
549,2.318218,,,1797,1.209866
550,2.296686,,,1801,1.234922
551,2.292141,,,1805,1.428502
552,2.271065,,,1809,1.261359
553,2.270247,,,1813,1.146674
554,2.225804,,,1817,1.133915
555,2.282794,,,1821,1.289528
556,2.232832,,,1825,1.484815
557,2.246454,,,1829,1.551986
558,2.148885,,,1833,1.3447
559,2.12554,,,1837,1.242356
560,2.238358,,,1841,1.253125
561,2.305212,,,1845,1.491524
562,2.22661,,,1849,1.496854
563,2.283063,,,1853,1.504159
564,2.262061,,,1857,1.387625
565,2.239142,,,1861,1.362532
566,2.284194,,,1865,1.304055
567,2.309614,,,1869,1.52593
568,2.304289,,,1873,1.602173
569,2.293824,,,1877,1.516688
570,2.269868,,,1881,1.32687
571,2.270571,,,1885,1.255649
572,2.235896,,,1889,1.210158
573,2.287542,,,1893,1.382544
574,2.336978,,,1897,1.459684
575,2.36481,,,1901,1.513666
576,2.344963,,,1905,1.442105
577,2.41708,,,1909,1.334886
578,2.453641,,,1913,1.193936
579,2.4295,,,1917,1.339677
580,2.47583,,,1921,1.495875
581,2.433769,,,1925,1.378416
582,2.355832,,,1929,1.248576
583,2.354048,,,1933,1.228033
584,2.484368,,,1937,1.25894
585,2.52222,,,1941,1.352539
586,2.361648,,,1945,1.422621
587,2.330419,,,1949,1.347523
588,2.330077,,,1953,1.276854
589,2.436685,,,1957,1.34699
590,2.423487,,,1961,1.237902
591,2.326829,,,1965,1.341742
592,2.190509,,,1969,1.659995
593,2.067738,,,1973,1.600134
594,2.008327,,,1977,1.412437
595,2.035559,,,1981,1.336866
596,2.124074,,,1985,1.306815
597,2.27085,,,1989,1.649007
598,2.327114,,,1993,1.532569
599,2.384975,,,1997,1.573652
600,2.349504,,,2001,1.39763
601,2.388016,,,2005,1.40095
602,2.260679,,,2009,1.307609
603,2.104529,,,2013,1.579541
604,2.07959,,,2017,1.538952
605,2.238176,,,2021,1.590278
606,2.288078,,,2025,1.555453
607,2.30252,,,2029,1.200954
608,2.35731,,,2033,1.076603
609,2.340206,,,2037,1.365595
610,2.333836,,,2041,1.374927
611,2.326323,,,2045,1.500953
612,2.233672,,,2049,1.150187
613,2.294253,,,2053,1.095343
614,2.220993,,,2057,1.061262
615,2.187454,,,2061,1.261968
616,2.117684,,,2065,1.44492
617,1.957189,,,2069,1.420693
618,1.883518,,,2073,1.173571
619,1.781416,,,2077,1.130261
620,1.843518,,,2081,0.9881046
621,1.976007,,,2085,1.288656
622,2.165934,,,2089,1.485172
623,2.306336,,,2093,1.345932
624,2.384953,,,2097,1.170051
625,2.334612,,,2101,1.019914
626,2.08948,,,2105,0.9233394
627,2.199067,,,2109,1.253096
628,2.429748,,,2113,1.323668
629,2.293497,,,2117,1.487458
630,2.069019,,,2121,1.212506
631,2.106225,,,2125,1.071797
632,2.199488,,,2129,1.086885
633,2.313003,,,2133,1.293766
634,2.386297,,,2137,1.375326
635,2.319564,,,2141,1.48829
636,2.152698,,,2145,1.184447
637,2.043452,,,2149,1.013716
638,1.970927,,,2153,0.9209124
639,1.891681,,,2157,1.362828
640,1.744055,,,2161,1.374424
641,1.707503,,,2165,1.419568
642,1.699633,,,2169,1.162974
643,1.671819,,,2173,0.9959202
644,1.685444,,,2177,0.9692641
645,1.792272,,,2181,1.183921
646,1.924479,,,2185,1.54918
647,2.114353,,,2189,1.371078
648,2.236987,,,2193,1.263633
649,2.299496,,,2197,1.07097
650,2.463011,,,2201,0.9452327
651,2.493525,,,2205,1.16133
652,2.568175,,,2209,1.456565
653,2.594773,,,2213,1.445143
654,2.58889,,,2217,1.171037
655,2.581306,,,2221,1.108743
656,2.484718,,,2225,1.114984
657,2.422565,,,2229,1.43633
658,2.271121,,,2233,1.484311
659,2.202283,,,2237,1.505257
660,2.143484,,,2241,1.343703
661,2.189802,,,2245,1.309145
662,2.18913,,,2249,1.250407
663,2.045659,,,2253,1.38283
664,1.910216,,,2257,1.403063
665,1.75318,,,2261,1.386663
666,1.666522,,,2265,1.147616
667,1.618271,,,2269,1.06661
668,1.664047,,,2273,1.097876
669,1.732688,,,2277,1.190214
670,1.787247,,,2281,1.299765
671,1.767563,,,2285,1.3197
672,1.811424,,,2289,1.117129
673,1.800098,,,2293,1.041606
674,1.892361,,,2297,1.002211
675,2.02696,,,2301,1.308709
676,1.902958,,,2305,1.315739
677,2.162451,,,2309,1.289332
678,2.354998,,,2313,1.189597
679,2.423312,,,2317,1.068421
680,2.302478,,,2321,0.9798762
681,2.137881,,,2325,1.151448
682,2.020794,,,2329,1.375403
683,2.197049,,,2333,1.315362
684,1.982947,,,2337,1.144114
685,1.744722,,,2341,1.186626
686,1.775444,,,2345,1.340478
687,1.757062,,,2349,1.486556
688,1.652235,,,2353,1.546413
689,1.600649,,,2357,1.511657
690,1.637751,,,2361,1.512016
691,1.69109,,,2365,1.319948
692,1.910099,,,2369,1.403934
693,2.087111,,,2373,1.439756
694,2.253136,,,2377,1.326784
695,2.309143,,,2381,1.223431
696,2.368077,,,2385,1.255942
697,2.409451,,,2389,1.194001
698,2.422335,,,2393,1.124894
699,2.436649,,,2397,1.297143
700,2.446675,,,2401,1.405562
701,2.421405,,,2405,1.486455
702,2.429134,,,2409,1.289362
703,2.431694,,,2413,1.157146
704,2.407846,,,2417,1.109689
705,2.344708,,,2421,1.224977
706,2.332263,,,2425,1.29606
707,2.306048,,,2429,1.249777
708,2.280439,,,2433,1.200923
709,2.118276,,,2437,1.195821
710,1.98816,,,2441,1.154182
711,1.97768,,,2445,1.375598
712,2.133271,,,2449,1.452165
713,2.131088,,,2453,1.386568
714,2.089302,,,2457,1.189499
715,1.953845,,,2461,1.066131
716,2.020719,,,2465,1.021365
717,2.068259,,,2469,1.103083
718,2.035397,,,2473,1.339491
719,2.048056,,,2477,1.289293
720,2.155869,,,2481,0.9940463
721,2.286994,,,2485,0.8623341
722,2.289436,,,2489,0.8577083
723,2.262431,,,2493,1.102909
724,2.293346,,,2497,1.362103
725,2.307191,,,2501,1.29481
726,2.293258,,,2505,1.158494
727,2.289099,,,2509,1.098387
728,2.286014,,,2513,0.9604938
729,2.260772,,,2517,1.17679
730,2.235502,,,2521,1.344006
731,2.228667,,,2525,1.121045
732,2.188126,,,2529,1.04468
733,2.175271,,,2533,0.9510911
734,2.120653,,,2537,0.85739
735,2.119478,,,2541,0.8484665
736,2.096842,,,2545,0.9706156
737,2.02867,,,2549,0.9810765
738,1.972067,,,2553,1.0585
739,1.948122,,,2557,0.9841743
740,1.968923,,,2561,1.127498
741,2.054065,,,2565,1.155457
742,2.07207,,,2569,0.9646433
743,2.081983,,,2573,0.8740772
744,2.147412,,,2577,0.8593841
745,2.18955,,,2581,0.862611
746,2.209502,,,2585,0.7306126
747,2.216153,,,2589,0.6903105
748,2.213816,,,2593,0.6686145
749,2.22892,,,2597,0.6383139
750,2.2194,,,2601,0.6418955
751,2.209929,,,2605,0.6527263
752,2.174805,,,2609,0.593988
753,2.172013,,,2613,0.6233678
754,2.192988,,,2617,0.7701077
755,2.183483,,,2621,0.6787984
756,2.141348,,,2625,0.837464
757,2.181396,,,2629,0.9443993
758,2.17136,,,2633,1.072086
759,2.142179,,,2637,1.101282
760,2.104219,,,2641,1.215294
761,2.078724,,,2645,1.186483
762,2.06302,,,2649,1.062009
763,2.054907,,,2653,1.01917
764,2.022588,,,2657,0.8587519
765,2.090754,,,2661,0.9524517
766,2.106674,,,2665,0.8608738
767,2.105888,,,2669,0.8807715
768,2.125131,,,2673,0.6386092
769,2.119172,,,2677,0.4689867
770,2.098987,,,2681,0.4946666
771,2.088097,,,2685,0.4314255
772,2.089141,,,2689,0.5478447
773,2.083902,,,2693,0.6083598
774,2.054959,,,2697,0.5889378
775,2.052321,,,2701,0.4877824
776,2.057037,,,2705,0.5242551
777,2.058538,,,2709,0.4862649
778,2.088337,,,2713,0.5999849
779,2.156951,,,2717,0.8157115
780,2.103216,,,2721,0.8452612
781,2.037473,,,2725,0.7868757
782,2.040192,,,2729,0.8523835
783,2.05372,,,2733,0.8819302
784,2.083942,,,2737,0.8610651
785,2.099335,,,2741,0.8043301
786,2.110704,,,2745,0.6861761
787,2.034365,,,2749,0.6881613
788,2.050743,,,2753,0.684666
789,2.076908,,,2757,0.7791823
790,2.118827,,,2761,0.8871515
791,2.15187,,,2765,0.8239254
792,2.127129,,,2769,0.748674
793,2.088552,,,2773,0.6156942
794,2.116353,,,2777,0.6752031
795,2.1462,,,2781,0.6868123
796,2.144379,,,2785,0.7398957
797,2.161491,,,2789,0.7417169
798,2.188164,,,2793,0.6695748
799,2.193281,,,2797,0.654783
800,2.195469,,,2801,0.6483787
801,2.219883,,,2805,0.6050256
802,2.174199,,,2809,0.7696511
803,2.214039,,,2813,0.7799094
804,2.21137,,,2817,0.7565387
805,2.251051,,,2821,0.6953777
806,2.260246,,,2825,0.6020223
807,2.222445,,,2829,0.8073843
808,2.189723,,,2833,0.8506802
809,2.132523,,,2837,0.9504756
810,2.129128,,,2841,0.7952051
811,2.121373,,,2845,0.7455555
812,2.085849,,,2849,0.7635601
813,2.110093,,,2853,0.8611851
814,2.181446,,,2857,0.9443008
815,2.199719,,,2861,0.9502094
816,2.25725,,,2865,0.871375
817,2.267632,,,2869,0.8401623
818,2.254392,,,2873,0.7999343
819,2.243394,,,2877,0.8092738
820,2.334491,,,2881,0.8694721
821,2.384593,,,2885,0.9512282
822,2.372897,,,2889,0.7739019
823,2.350352,,,2893,0.7164573
824,2.343894,,,2897,0.6869015
825,2.357317,,,2901,0.8998149
826,2.333326,,,2905,0.9575968
827,2.251513,,,2909,1.077835
828,2.181428,,,2913,0.8856881
829,2.182624,,,2917,0.828774
830,2.157606,,,2921,0.7733669
831,2.145678,,,2925,1.030579
832,2.150241,,,2929,1.092493
833,2.129169,,,2933,1.070704
834,2.170079,,,2937,0.9325103
835,2.137896,,,2941,1.034929
836,2.080037,,,2945,0.9318277
837,2.130767,,,2949,1.037704
838,2.099398,,,2953,1.084017
839,2.15325,,,2957,1.068161
840,2.17315,,,2961,0.8705394
841,2.193276,,,2965,0.6737837
842,2.218393,,,2969,0.690072
843,2.24132,,,2973,0.9790174
844,2.244306,,,2977,1.160814
845,2.238931,,,2981,1.105561
846,2.190386,,,2985,0.8649321
847,2.184292,,,2989,0.7672952
848,2.238633,,,2993,0.706938
849,2.24105,,,2997,0.9908579
850,2.216777,,,3001,1.052802
851,2.128477,,,3005,1.099246
852,2.089877,,,3009,0.9027305
853,2.064179,,,3013,0.7165785
854,2.014021,,,3017,0.6954311
855,1.969781,,,3021,1.233757
856,1.985411,,,3025,1.269163
857,1.954992,,,3029,1.174984
858,1.923641,,,3033,0.990404
859,1.922713,,,3037,0.9714937
860,1.931635,,,3041,0.9278309
861,2.039335,,,3045,1.214506
862,2.095824,,,3049,1.054541
863,2.072567,,,3053,1.056196
864,2.030469,,,3057,0.9110932
865,1.997474,,,3061,0.8921052
866,2.031593,,,3065,0.8821139
867,2.111646,,,3069,1.04616
868,2.118024,,,3073,1.051935
869,2.09076,,,3077,1.0326
870,2.058377,,,3081,1.002095
871,2.101417,,,3085,0.9016693
872,2.108068,,,3089,0.960045
873,2.080141,,,3093,1.148971
874,2.020415,,,3097,1.186604
875,1.822904,,,3101,1.155919
876,1.80937,,,3105,1.058973
877,1.770695,,,3109,0.9913255
878,1.679411,,,3113,1.003813
879,1.718802,,,3117,1.028838
880,1.631491,,,3121,0.9768798
881,1.583029,,,3125,0.9288041
882,1.63417,,,3129,0.8874137
883,1.598647,,,3133,0.9438237
884,1.578485,,,3137,0.7721772
885,1.557914,,,3141,0.8462542
886,1.58774,,,3145,0.8778709
887,1.639347,,,3149,0.8717973
888,1.666677,,,3153,0.8801921
889,1.708579,,,3157,1.01285
890,1.658763,,,3161,1.018529
891,1.369997,,,3165,1.052226
892,1.108466,,,3169,1.064663
893,0.7782128,,,3173,1.029837
894,0.6803121,,,3177,1.025119
895,0.7716654,,,3181,1.017536
896,0.7977061,,,3185,1.060865
897,0.9071387,,,3189,1.057789
898,0.8468452,,,3193,1.11351
899,0.8796763,,,3197,1.075443
900,0.8065907,,,3201,1.039139
901,0.8499769,,,3205,1.08492
902,0.8541973,,,3209,1.042613
903,0.9336837,,,3213,1.128925
904,0.9203477,,,3217,1.145051
905,1.002385,,,3221,1.096197
906,0.9822315,,,3225,1.079998
907,0.9937503,,,3229,1.092244
908,0.9348078,,,3233,1.096941
909,0.9323594,,,3237,1.209216
910,0.870822,,,3241,1.269966
911,0.8528457,,,3245,1.291637
912,0.7395076,,,3249,1.285854
913,0.8604813,,,3253,1.261472
914,1.14309,,,3257,1.233783
915,1.216666,,,3261,1.263597
916,1.366426,,,3265,1.266537
917,1.445642,,,3269,1.27123
918,1.486082,,,3273,1.274365
919,1.546314,,,3277,1.157056
920,1.643921,,,3281,1.20347
921,1.67061,,,3285,1.101223
922,1.585618,,,3289,1.274469
923,1.456257,,,3293,1.301114
924,1.469623,,,3297,1.307444
925,1.424016,,,3301,1.265068
926,1.388751,,,3305,1.059911
927,1.439212,,,3309,1.230875
928,1.427149,,,3313,1.296065
929,1.373995,,,3317,1.328833
930,1.317067,,,3321,1.281268
931,1.292261,,,3325,1.339979
932,1.345316,,,3329,1.292403
933,1.489572,,,3333,1.307577
934,1.648557,,,3337,1.303383
935,1.737011,,,3341,1.294219
936,1.700519,,,3345,1.297532
937,1.642747,,,3349,1.320912
938,1.698596,,,3353,1.327798
939,1.805901,,,3357,1.174159
940,1.8479,,,3361,1.167279
941,1.859845,,,3365,1.289206
942,1.892227,,,3369,1.355599
943,1.90238,,,3373,1.394647
944,1.864794,,,3377,1.381139
945,1.83847,,,3381,1.29446
946,1.802791,,,3385,1.146677
947,1.727538,,,3389,1.21953
948,1.709617,,,3393,1.363771
949,1.612267,,,3397,1.362927
950,1.556639,,,3401,1.375769
951,1.510299,,,3405,1.267131
952,1.371418,,,3409,1.229034
953,1.281859,,,3413,1.252028
954,1.311797,,,3417,1.268648
955,1.223601,,,3421,1.400133
956,1.197437,,,3425,1.306649
957,1.136529,,,3429,1.240211
958,1.12483,,,3433,1.205342
959,1.295405,,,3437,1.195414
960,1.49759,,,3441,1.313201
961,1.548976,,,3445,1.273581
962,1.743828,,,3449,1.480094
963,1.818347,,,3453,1.383197
964,1.887164,,,3457,1.343746
965,1.912227,,,3461,1.324933
966,1.93945,,,3465,1.350667
967,1.980132,,,3469,1.376712
968,1.943231,,,3473,1.346327
969,1.967552,,,3477,0.65837
970,1.850512,,,3481,0.6279721
971,1.754997,,,3485,0.6534483
972,1.687213,,,3489,0.7440553
973,1.645188,,,3493,0.9618881
974,1.619042,,,3497,1.021832
975,1.59495,,,3501,0.945376
976,1.565987,,,3505,0.7996221
977,1.482398,,,3509,0.7400532
978,1.447187,,,3513,0.8784236
979,1.421737,,,3517,0.852595
980,1.455029,,,3521,0.8101995
981,1.571788,,,3525,0.7528529
982,1.633398,,,3529,0.7190713
983,1.707482,,,3533,0.7188434
984,1.881325,,,3537,0.7399094
985,1.95253,,,3541,0.9044632
986,1.803592,,,3545,0.8206001
987,1.922172,,,3549,0.6158583
988,1.941432,,,3553,0.4898497
989,2.011734,,,3557,0.431855
990,2.061958,,,3561,0.433039
991,2.062882,,,3565,0.4583911
992,1.969569,,,3569,0.5153043
993,1.921597,,,3573,0.5285526
994,1.828409,,,3577,0.500874
995,1.697228,,,3581,0.5224878
996,1.6123,,,3585,0.6413154
997,1.581419,,,3589,0.7315724
998,1.588372,,,3593,0.7724882
999,1.485081,,,3597,0.7080396
1000,1.447683,,,3601,0.6135626
1001,1.461592,,,3605,0.651355
1002,1.363716,,,3609,0.8886148
1003,1.361961,,,3613,1.029389
1004,1.357776,,,3617,0.8699423
1005,1.421356,,,3621,0.5277614
1006,1.537114,,,3625,0.5296531
1007,1.602959,,,3629,0.5678806
1008,1.506208,,,3633,0.5481596
1009,1.615063,,,3637,0.7765606
1010,1.816412,,,3641,0.7975983
1011,2.018982,,,3645,0.7755696
1012,2.074474,,,3649,0.6019532
1013,1.905622,,,3653,0.6293298
1014,1.615674,,,3657,0.7962284
1015,1.521001,,,3661,0.9022042
1016,1.608137,,,3665,0.9745686
1017,1.691433,,,3669,0.8924209
1018,1.61898,,,3673,0.833261
1019,1.674492,,,3677,0.9400625
1020,1.693783,,,3681,0.973241
1021,1.587333,,,3685,1.062236
1022,1.497105,,,3689,1.012683
1023,1.476639,,,3693,0.9245653
1024,1.445253,,,3697,0.8300146
1025,1.438519,,,3701,1.034177
1026,1.442747,,,3705,0.9925609
1027,1.440554,,,3709,1.149212
1028,1.472589,,,3713,1.203252
1029,1.489987,,,3717,1.136967
1030,1.573316,,,3721,1.048213
1031,1.616189,,,3725,1.114234
1032,1.65153,,,3729,1.116232
1033,1.653302,,,3733,1.10149
1034,1.560262,,,3737,1.157581
1035,1.724395,,,3741,1.314204
1036,1.763861,,,3745,1.201725
1037,1.780922,,,3749,1.22169
1038,1.724693,,,3753,1.039841
1039,1.703191,,,3757,1.257157
1040,1.660652,,,3761,1.147766
1041,1.67994,,,3765,1.08841
1042,1.63321,,,3769,1.070961
1043,1.494475,,,3773,1.277477
1044,1.493132,,,3777,1.359832
1045,1.470479,,,3781,1.528333
1046,1.477701,,,3785,1.468644
1047,1.560052,,,3789,1.41422
1048,1.606726,,,3793,1.393089
1049,1.582106,,,3797,1.231683
1050,1.546827,,,3801,1.329263
1051,1.6781,,,3805,1.405811
1052,1.567002,,,3809,1.276866
1053,1.555655,,,3813,1.28406
1054,1.607213,,,3817,1.212082
1055,1.671395,,,3821,0.990656
1056,1.681194,,,3825,1.096568
1057,1.734794,,,3829,0.8713866
1058,1.810285,,,3833,1.251803
1059,1.970074,,,3837,1.140942
1060,2.102779,,,3841,1.100466
1061,2.147239,,,3845,1.126298
1062,2.087223,,,3849,1.332087
1063,2.143781,,,3853,1.108013
1064,2.193766,,,3857,1.32501
1065,2.207799,,,3861,1.361277
1066,2.17559,,,3865,1.380195
1067,2.16888,,,3869,1.462498
1068,2.167288,,,3873,1.514685
1069,2.166648,,,3877,1.383133
1070,2.113482,,,3881,1.346362
1071,2.082103,,,3885,1.510401
1072,2.044089,,,3889,1.470529
1073,2.022783,,,3893,1.505847
1074,2.090021,,,3897,1.37698
1075,1.924129,,,3901,1.426409
1076,1.92296,,,3905,1.383079
1077,1.931683,,,3909,1.194339
1078,1.901778,,,3913,1.020231
1079,1.848374,,,3917,0.9979582
1080,1.801937,,,3921,1.120987
1081,1.791439,,,3925,1.147933
1082,1.778983,,,3929,1.317212
1083,1.765096,,,3933,1.069588
1084,1.853029,,,3937,1.065167
1085,1.882849,,,3941,1.143768
1086,1.829683,,,3945,1.545425
1087,1.925649,,,3949,1.550401
1088,1.969709,,,3953,1.581137
1089,1.991098,,,3957,1.39979
1090,2.024955,,,3961,1.337019
1091,2.032767,,,3965,1.346859
1092,2.048503,,,3969,1.403922
1093,2.003804,,,3973,1.463141
1094,1.965516,,,3977,1.487548
1095,1.980962,,,3981,1.228041
1096,1.980566,,,3985,1.192652
1097,1.962348,,,3989,1.255691
1098,1.832499,,,3993,1.390755
1099,1.827233,,,3997,1.39537
1100,1.813172,,,4001,1.469103
1101,1.891991,,,4005,1.349961
1102,1.903008,,,4009,1.295981
1103,1.916588,,,4013,1.395027
1104,2.055678,,,4017,1.31475
1105,2.025538,,,4021,1.359698
1106,1.991316,,,4025,1.394651
1107,1.970899,,,4029,1.198989
1108,1.96751,,,4033,1.037546
1109,1.98592,,,4037,1.166835
1110,1.990179,,,4041,1.313745
1111,1.996903,,,4045,1.529847
1112,2.015587,,,4049,1.481271
1113,1.877524,,,4053,1.385569
1114,1.801752,,,4057,1.289527
1115,1.801529,,,4061,1.327439
1116,1.814951,,,4065,1.381254
1117,1.765276,,,4069,1.436032
1118,1.769608,,,4073,1.410065
1119,1.774688,,,4077,1.365565
1120,1.777588,,,4081,1.208084
1121,1.770334,,,4085,1.373683
1122,1.706384,,,4089,1.420252
1123,1.63892,,,4093,1.354563
1124,1.620478,,,4097,1.474454
1125,1.683808,,,4101,1.331521
1126,1.729554,,,4105,1.186504
1127,1.809554,,,4109,1.436305
1128,1.890196,,,4113,1.415473
1129,1.869994,,,4117,1.20971
1130,1.872227,,,4121,1.374353
1131,1.903602,,,4125,1.271868
1132,1.914488,,,4129,1.157358
1133,1.899556,,,4133,1.325255
1134,1.898186,,,4137,1.114645
1135,1.917414,,,4141,1.281343
1136,1.929018,,,4145,1.1029
1137,1.914038,,,4149,1.343172
1138,1.890763,,,4153,1.075603
1139,1.837188,,,4157,1.647449
1140,1.814595,,,4161,1.556218
1141,1.838296,,,4165,1.532351
1142,1.756424,,,4169,1.553207
1143,1.644139,,,4173,1.380586
1144,1.581395,,,4177,1.335387
1145,1.536319,,,4181,1.508513
1146,1.531171,,,4185,1.397256
1147,1.495963,,,4189,1.535082
1148,1.530069,,,4193,1.478702
1149,1.548762,,,4197,1.399134
1150,1.672053,,,4201,1.387725
1151,1.632173,,,4205,1.578296
1152,1.722072,,,4209,1.401853
1153,1.791391,,,4213,1.667967
1154,1.681256,,,4217,1.361893
1155,1.748092,,,4221,1.104326
1156,1.844669,,,4225,1.368414
1157,1.87598,,,4229,1.340982
1158,1.760772,,,4233,1.289049
1159,1.768973,,,4237,1.12652
1160,1.671922,,,4241,1.255307
1161,1.560335,,,4245,1.355202
1162,1.493921,,,4249,1.282618
1163,1.477039,,,4253,1.32569
1164,1.805134,,,4257,1.380999
1165,1.755469,,,4261,1.362201
1166,1.851172,,,4265,1.357
1167,1.879449,,,4269,1.336252
1168,1.905898,,,4273,1.410595
1169,1.890903,,,4277,1.349033
1170,1.931094,,,4281,1.448919
1171,1.918721,,,4285,1.508459
1172,1.959094,,,4289,1.529982
1173,1.833128,,,4293,1.410276
1174,1.737889,,,4297,1.436484
1175,1.783236,,,4301,1.517798
1176,1.742847,,,4305,1.459785
1177,1.711996,,,4309,1.412307
1178,1.643503,,,4313,1.73389
1179,1.68762,,,4317,1.371201
1180,1.713314,,,4321,1.262297
1181,1.697859,,,4325,1.371709
1182,1.612632,,,4329,1.339421
1183,1.429614,,,4333,1.103032
1184,1.292034,,,4337,1.417518
1185,1.385897,,,4341,1.528453
1186,1.440554,,,4345,1.371074
1187,1.528934,,,4349,1.232299
1188,1.677157,,,4353,1.346059
1189,1.808725,,,4357,1.555277
1190,1.69176,,,4361,1.453521
1191,1.619169,,,4365,1.336271
1192,1.634091,,,4369,0.7295882
1193,1.682311,,,4373,0.7353168
1194,1.692757,,,4377,0.8853508
1195,1.67199,,,4381,1.168835
1196,1.564893,,,4385,1.176594
1197,1.558823,,,4389,0.9913245
1198,1.582024,,,4393,0.6985722
1199,1.693313,,,4397,1.127355
1200,1.791017,,,4401,1.241966
1201,1.741033,,,4405,1.179612
1202,1.748099,,,4409,1.205216
1203,1.74692,,,4413,1.248311
1204,1.671216,,,4417,1.201645
1205,1.613058,,,4421,1.3004
1206,1.602273,,,4425,1.332021
1207,1.61359,,,4429,1.328807
1208,1.59569,,,4433,1.304204
1209,1.571801,,,4437,1.354104
1210,1.485195,,,4441,1.362714
1211,1.554432,,,4445,1.27755
1212,1.547987,,,4449,1.204509
1213,1.692061,,,4453,1.140427
1214,1.651485,,,4457,1.160711
1215,1.599203,,,4461,1.188998
1216,1.649032,,,4465,1.258734
1217,1.670295,,,4469,1.308846
1218,1.645971,,,4473,1.215143
1219,1.499455,,,4477,1.280309
1220,1.466644,,,4481,1.325652
1221,1.381235,,,4485,1.316896
1222,1.281202,,,4489,1.310899
1223,1.39966,,,4493,1.338731
1224,1.41634,,,4497,1.26695
1225,1.367089,,,4501,1.251625
1226,1.393635,,,4505,1.279004
1227,1.434148,,,4509,1.243638
1228,1.427651,,,4513,1.152099
1229,1.400648,,,4517,1.440065
1230,1.331995,,,4521,1.26606
1231,1.189711,,,4525,1.040872
1232,1.145392,,,4529,1.601204
1233,1.101762,,,4533,1.504414
1234,1.030218,,,4537,1.520526
1235,0.9499775,,,4541,1.458731
1236,1.007339,,,4545,1.371112
1237,0.9314322,,,4549,1.432533
1238,0.9596711,,,4553,1.529248
1239,0.87512,,,,
1240,0.9057478,,,,
1241,0.9244273,,,,
1242,0.984431,,,,
1243,0.9352493,,,,
1244,0.9114187,,,,
1245,0.8628156,,,,
1246,0.875316,,,,
1247,0.8488206,,,,
1248,0.8614678,,,,
1249,0.8597646,,,,
1250,0.8530502,,,,
1251,0.8267196,,,,
1252,0.7909641,,,,
1253,0.7831309,,,,
1254,0.813111,,,,
1255,0.8066393,,,,
1256,0.8479803,,,,
1257,0.8365967,,,,
1258,0.801683,,,,
1259,0.8070644,,,,
1260,0.8504012,,,,
1261,0.875773,,,,
1262,0.9010575,,,,
1263,0.9094235,,,,
1264,0.9232293,,,,
1265,0.9165131,,,,
1266,0.9129903,,,,
1267,0.9254188,,,,
1268,0.9307523,,,,
1269,0.9260309,,,,
1270,0.9642907,,,,
1271,1.033093,,,,
1272,1.077558,,,,
1273,1.139853,,,,
1274,1.179757,,,,
1275,1.222342,,,,
1276,1.373139,,,,
1277,1.384783,,,,
1278,1.41204,,,,
1279,1.500105,,,,
1280,1.510732,,,,
1281,1.41048,,,,
1282,1.37421,,,,
1283,1.308726,,,,
1284,1.183045,,,,
1285,1.149588,,,,
1286,1.151107,,,,
1287,1.132351,,,,
1288,1.145447,,,,
1289,1.150805,,,,
1290,1.178831,,,,
1291,1.136274,,,,
1292,1.19145,,,,
1293,1.267842,,,,
1294,1.465217,,,,
1295,1.359193,,,,
1296,1.580354,,,,
1297,1.62558,,,,
1298,1.658782,,,,
1299,1.60549,,,,
1300,1.587811,,,,
1301,1.376142,,,,
1302,1.533862,,,,
1303,1.611269,,,,
1304,1.539829,,,,
1305,1.509604,,,,
1306,1.149063,,,,
1307,1.069417,,,,
1308,1.046726,,,,
1309,0.9373922,,,,
1310,1.006034,,,,
1311,0.928724,,,,
1312,0.936988,,,,
1313,0.9577022,,,,
1314,0.9200745,,,,
1315,0.8815181,,,,
1316,0.9043071,,,,
1317,0.9435077,,,,
1318,0.820835,,,,
1319,0.8617001,,,,
1320,0.8935441,,,,
1321,0.9336029,,,,
1322,1.019257,,,,
1323,1.141542,,,,
1324,1.266523,,,,
1325,1.287056,,,,
1326,1.338172,,,,
1327,1.177483,,,,
1328,1.192505,,,,
1329,1.228769,,,,
1330,1.28417,,,,
1331,1.262664,,,,
1332,1.310377,,,,
1333,1.348191,,,,
1334,1.367228,,,,
1335,1.38091,,,,
1336,1.386762,,,,
1337,1.425652,,,,
1338,1.522567,,,,
1339,1.470192,,,,
1340,1.567058,,,,
1341,1.525748,,,,
1342,1.419755,,,,
1343,1.421353,,,,
1344,1.467478,,,,
1345,1.431217,,,,
1346,1.467964,,,,
1347,1.525132,,,,
1348,1.563584,,,,
1349,1.399267,,,,
1350,1.410452,,,,
1351,1.518214,,,,
1352,1.513877,,,,
1353,1.495133,,,,
1354,1.4691,,,,
1355,1.456407,,,,
1356,1.452543,,,,
1357,1.446862,,,,
1358,1.444036,,,,
1359,1.50077,,,,
1360,1.557317,,,,
1361,1.472329,,,,
1362,1.43899,,,,
1363,1.375227,,,,
1364,1.353122,,,,
1365,1.427572,,,,
1366,1.514752,,,,
1367,1.574044,,,,
1368,1.800259,,,,
1369,1.834198,,,,
1370,1.773966,,,,
1371,1.789217,,,,
1372,1.801454,,,,
1373,1.777501,,,,
1374,1.796275,,,,
1375,1.81315,,,,
1376,1.736608,,,,
1377,1.68474,,,,
1378,1.628539,,,,
1379,1.604781,,,,
1380,1.560608,,,,
1381,1.530585,,,,
1382,1.486735,,,,
1383,1.416839,,,,
1384,1.414094,,,,
1385,1.418519,,,,
1386,1.45909,,,,
1387,1.420273,,,,
1388,1.39227,,,,
1389,1.414574,,,,
1390,1.452903,,,,
1391,1.429989,,,,
1392,1.476425,,,,
1393,1.605937,,,,
1394,1.573037,,,,
1395,1.43807,,,,
1396,1.352147,,,,
1397,1.176279,,,,
1398,0.9790111,,,,
1399,1.013398,,,,
1400,1.056099,,,,
1401,0.9832845,,,,
1402,0.9772928,,,,
1403,0.9546017,,,,
1404,0.9393997,,,,
1405,0.9374176,,,,
1406,0.9291624,,,,
1407,0.9038239,,,,
1408,0.9205024,,,,
1409,0.8952705,,,,
1410,0.894918,,,,
1411,0.8654642,,,,
1412,0.9290112,,,,
1413,0.9878265,,,,
1414,0.9590988,,,,
1415,0.8762317,,,,
1416,0.9377868,,,,
1417,1.067294,,,,
1418,1.235332,,,,
1419,1.261628,,,,
1420,1.308832,,,,
1421,1.295959,,,,
1422,1.264919,,,,
1423,1.282619,,,,
1424,1.20613,,,,
1425,1.198966,,,,
1426,1.184382,,,,
1427,1.154345,,,,
1428,1.15185,,,,
1429,1.181669,,,,
1430,1.155776,,,,
1431,1.137273,,,,
1432,1.141952,,,,
1433,1.162151,,,,
1434,1.133127,,,,
1435,1.069664,,,,
1436,1.065533,,,,
1437,1.168841,,,,
1438,1.2353,,,,
1439,1.309629,,,,
1440,1.371122,,,,
1441,1.398774,,,,
1442,1.426446,,,,
1443,1.422377,,,,
1444,1.442991,,,,
1445,1.445793,,,,
1446,1.438243,,,,
1447,1.440917,,,,
1448,1.405084,,,,
1449,1.380407,,,,
1450,1.35985,,,,
1451,1.302928,,,,
1452,1.260994,,,,
1453,1.249768,,,,
1454,1.175898,,,,
1455,1.218932,,,,
1456,1.188545,,,,
1457,1.207698,,,,
1458,1.113643,,,,
1459,1.094342,,,,
1460,1.082424,,,,
1461,1.001912,,,,
1462,0.8920964,,,,
1463,0.9182336,,,,
1464,0.8795297,,,,
1465,0.8895664,,,,
1466,0.875353,,,,
1467,0.8100702,,,,
1468,0.8181057,,,,
1469,0.8839929,,,,
1470,0.9179571,,,,
1471,0.9093367,,,,
1472,0.8840171,,,,
1473,0.8878908,,,,
1474,0.9158738,,,,
1475,0.8678847,,,,
1476,0.8487856,,,,
1477,0.8685129,,,,
1478,0.8212098,,,,
1479,0.8176423,,,,
1480,0.8322312,,,,
1481,0.8601016,,,,
1482,0.8393399,,,,
1483,0.8198039,,,,
1484,0.8487018,,,,
1485,0.8766603,,,,
1486,0.8828126,,,,
1487,0.9091467,,,,
1488,0.9075977,,,,
1489,0.8513449,,,,
1490,0.8007959,,,,
1491,0.9879717,,,,
1492,1.15441,,,,
1493,1.169656,,,,
1494,1.085375,,,,
1495,1.129099,,,,
1496,0.9941445,,,,
1497,0.9392061,,,,
1498,0.9790287,,,,
1499,0.9617262,,,,
1500,0.9173979,,,,
1501,0.9234364,,,,
1502,0.8957042,,,,
1503,0.915252,,,,
1504,0.9049977,,,,
1505,0.8697359,,,,
1506,0.8732886,,,,
1507,0.8887534,,,,
1508,0.9172128,,,,
1509,0.9580199,,,,
1510,0.9787154,,,,
1511,0.9918417,,,,
1512,1.078241,,,,
1513,1.201374,,,,
1514,1.264006,,,,
1515,1.302176,,,,
1516,1.333546,,,,
1517,1.289453,,,,
1518,1.358231,,,,
1519,1.392096,,,,
1520,1.431453,,,,
1521,1.390348,,,,
1522,1.270114,,,,
1523,1.202144,,,,
1524,1.19368,,,,
1525,1.18742,,,,
1526,1.206887,,,,
1527,1.252474,,,,
1528,1.214537,,,,
1529,1.200252,,,,
1530,1.210318,,,,
1531,1.189156,,,,
1532,1.179129,,,,
1533,1.198907,,,,
1534,1.246918,,,,
1535,1.271349,,,,
1536,1.305679,,,,
1537,1.272004,,,,
1538,1.278999,,,,
1539,1.283817,,,,
1540,1.309342,,,,
1541,1.361061,,,,
1542,1.300283,,,,
1543,1.247671,,,,
1544,1.211538,,,,
1545,1.261083,,,,
1546,1.259618,,,,
1547,1.244623,,,,
1548,1.241706,,,,
1549,1.270402,,,,
1550,1.317456,,,,
1551,1.310358,,,,
1552,1.332165,,,,
1553,1.355981,,,,
1554,1.302523,,,,
1555,1.27215,,,,
1556,1.321627,,,,
1557,1.307426,,,,
1558,1.304733,,,,
1559,1.320605,,,,
1560,1.327673,,,,
1561,1.316667,,,,
1562,1.280311,,,,
1563,1.255092,,,,
1564,1.264943,,,,
1565,1.198678,,,,
1566,1.161656,,,,
1567,1.148043,,,,
1568,1.153016,,,,
1569,1.1453,,,,
1570,1.138272,,,,
1571,1.09467,,,,
1572,1.078478,,,,
1573,1.069588,,,,
1574,1.07091,,,,
1575,1.062453,,,,
1576,1.044444,,,,
1577,1.045524,,,,
1578,1.043554,,,,
1579,1.03384,,,,
1580,1.080812,,,,
1581,1.077613,,,,
1582,1.088528,,,,
1583,1.11326,,,,
1584,1.09893,,,,
1585,1.131006,,,,
1586,1.204425,,,,
1587,1.262948,,,,
1588,1.262468,,,,
1589,1.27317,,,,
1590,1.271165,,,,
1591,1.29071,,,,
1592,1.289747,,,,
1593,1.329779,,,,
1594,1.322922,,,,
1595,1.3201,,,,
1596,1.270339,,,,
1597,1.284964,,,,
1598,1.333085,,,,
1599,1.307689,,,,
1600,1.280755,,,,
1601,1.296528,,,,
1602,1.230615,,,,
1603,1.238091,,,,
1604,1.188027,,,,
1605,1.226895,,,,
1606,1.269451,,,,
1607,1.336208,,,,
1608,1.421183,,,,
1609,1.433405,,,,
1610,1.424118,,,,
1611,1.514989,,,,
1612,1.541229,,,,
1613,1.546021,,,,
1614,1.564119,,,,
1615,1.552623,,,,
1616,1.547715,,,,
1617,1.511699,,,,
1618,1.48129,,,,
1619,1.362858,,,,
1620,1.312443,,,,
1621,1.320131,,,,
1622,1.35336,,,,
1623,1.431274,,,,
1624,1.456037,,,,
1625,1.440962,,,,
1626,1.458925,,,,
1627,1.451151,,,,
1628,1.432948,,,,
1629,1.432396,,,,
1630,1.459586,,,,
1631,1.521246,,,,
1632,1.540665,,,,
1633,1.576418,,,,
1634,1.589639,,,,
1635,1.582466,,,,
1636,1.589776,,,,
1637,1.593196,,,,
1638,1.580526,,,,
1639,1.607653,,,,
1640,1.604309,,,,
1641,1.593275,,,,
1642,1.57599,,,,
1643,1.583548,,,,
1644,1.604552,,,,
1645,1.581295,,,,
1646,1.563317,,,,
1647,1.524206,,,,
1648,1.542012,,,,
1649,1.548942,,,,
1650,1.511486,,,,
1651,1.495295,,,,
1652,1.531508,,,,
1653,1.570121,,,,
1654,1.587835,,,,
1655,1.603972,,,,
1656,1.567416,,,,
1657,1.606946,,,,
1658,1.610821,,,,
1659,1.626469,,,,
1660,1.624039,,,,
1661,1.62401,,,,
1662,1.624569,,,,
1663,1.603933,,,,
1664,1.579733,,,,
1665,1.561771,,,,
1666,1.567847,,,,
1667,1.569355,,,,
1668,1.565556,,,,
1669,1.557476,,,,
1670,1.560326,,,,
1671,1.558444,,,,
1672,1.560992,,,,
1673,1.529609,,,,
1674,1.520101,,,,
1675,1.524829,,,,
1676,1.515039,,,,
1677,1.488654,,,,
1678,1.54739,,,,
1679,1.571037,,,,
1680,1.605434,,,,
1681,1.658627,,,,
1682,1.646523,,,,
1683,1.605816,,,,
1684,1.597251,,,,
1685,1.589553,,,,
1686,1.581161,,,,
1687,1.582655,,,,
1688,1.573111,,,,
1689,1.570378,,,,
1690,1.531893,,,,
1691,1.503903,,,,
1692,1.532599,,,,
1693,1.478977,,,,
1694,1.480667,,,,
1695,1.465514,,,,
1696,1.439023,,,,
1697,1.402949,,,,
1698,1.413947,,,,
1699,1.421702,,,,
1700,1.437842,,,,
1701,1.446966,,,,
1702,1.500454,,,,
1703,1.558421,,,,
1704,1.574102,,,,
1705,1.625807,,,,
1706,1.601459,,,,
1707,1.588649,,,,
1708,1.560676,,,,
1709,1.567788,,,,
1710,1.568269,,,,
1711,1.640429,,,,
1712,1.637679,,,,
1713,1.574237,,,,
1714,1.538074,,,,
1715,1.556677,,,,
1716,1.54029,,,,
1717,1.549622,,,,
1718,1.568205,,,,
1719,1.557548,,,,
1720,1.485195,,,,
1721,1.4971,,,,
1722,1.516732,,,,
1723,1.479944,,,,
1724,1.485419,,,,
1725,1.480906,,,,
1726,1.607985,,,,
1727,1.577561,,,,
1728,1.558306,,,,
1729,1.565428,,,,
1730,1.593583,,,,
1731,1.557705,,,,
1732,1.364209,,,,
1733,1.323669,,,,
1734,1.326292,,,,
1735,1.312332,,,,
1736,1.371318,,,,
1737,1.451562,,,,
1738,1.540929,,,,
1739,1.571646,,,,
1740,1.549461,,,,
1741,1.51927,,,,
1742,1.470516,,,,
1743,1.419877,,,,
1744,1.345075,,,,
1745,1.333436,,,,
1746,1.312156,,,,
1747,1.339969,,,,
1748,1.31844,,,,
1749,1.370233,,,,
1750,1.41482,,,,
1751,1.379933,,,,
1752,1.305623,,,,
1753,1.338282,,,,
1754,1.304002,,,,
1755,1.320539,,,,
1756,1.296794,,,,
1757,1.356898,,,,
1758,1.296928,,,,
1759,1.171686,,,,
1760,1.144246,,,,
1761,1.150586,,,,
1762,1.135854,,,,
1763,1.124924,,,,
1764,1.154086,,,,
1765,1.16584,,,,
1766,1.191374,,,,
1767,1.221429,,,,
1768,1.173805,,,,
1769,1.165592,,,,
1770,1.27991,,,,
1771,1.320529,,,,
1772,1.3891,,,,
1773,1.455494,,,,
1774,1.461547,,,,
1775,1.467068,,,,
1776,1.489299,,,,
1777,1.509798,,,,
1778,1.521061,,,,
1779,1.600102,,,,
1780,1.53239,,,,
1781,1.545391,,,,
1782,1.51343,,,,
1783,1.539034,,,,
1784,1.563364,,,,
1785,1.536954,,,,
1786,1.530988,,,,
1787,1.547367,,,,
1788,1.556164,,,,
1789,1.544515,,,,
1790,1.572433,,,,
1791,1.573123,,,,
1792,1.47036,,,,
1793,1.439698,,,,
1794,1.417367,,,,
1795,1.375812,,,,
1796,1.366358,,,,
1797,1.369247,,,,
1798,1.430388,,,,
1799,1.476184,,,,
1800,1.49779,,,,
1801,1.583325,,,,
1802,1.475535,,,,
1803,1.554452,,,,
1804,1.648754,,,,
1805,1.612597,,,,
1806,1.58738,,,,
1807,1.577733,,,,
1808,1.586242,,,,
1809,1.560196,,,,
1810,1.650058,,,,
1811,1.655596,,,,
1812,1.666526,,,,
1813,1.692158,,,,
1814,1.677303,,,,
1815,1.648542,,,,
1816,1.649752,,,,
1817,1.578295,,,,
1818,1.552761,,,,
1819,1.557227,,,,
1820,1.600484,,,,
1821,1.611687,,,,
1822,1.650009,,,,
1823,1.696448,,,,
1824,1.722802,,,,
1825,1.740436,,,,
1826,1.739013,,,,
1827,1.771343,,,,
1828,1.799322,,,,
1829,1.810704,,,,
1830,1.819486,,,,
1831,1.819511,,,,
1832,1.802954,,,,
1833,1.780456,,,,
1834,1.746143,,,,
1835,1.718348,,,,
1836,1.641275,,,,
1837,1.570319,,,,
1838,1.521394,,,,
1839,1.458032,,,,
1840,1.437016,,,,
1841,1.366634,,,,
1842,1.540639,,,,
1843,1.605452,,,,
1844,1.617232,,,,
1845,1.650889,,,,
1846,1.671497,,,,
1847,1.68168,,,,
1848,1.791368,,,,
1849,1.820241,,,,
1850,1.830796,,,,
1851,1.800732,,,,
1852,1.764115,,,,
1853,1.754252,,,,
1854,1.736661,,,,
1855,1.711379,,,,
1856,1.725336,,,,
1857,1.707262,,,,
1858,1.684981,,,,
1859,1.631546,,,,
1860,1.620072,,,,
1861,1.618407,,,,
1862,1.608798,,,,
1863,1.523918,,,,
1864,1.336721,,,,
1865,1.398008,,,,
1866,1.451802,,,,
1867,1.439753,,,,
1868,1.477961,,,,
1869,1.469463,,,,
1870,1.420747,,,,
1871,1.424705,,,,
1872,1.459869,,,,
1873,1.426909,,,,
1874,1.43494,,,,
1875,1.446595,,,,
1876,1.446468,,,,
1877,1.356779,,,,
1878,1.348311,,,,
1879,1.417305,,,,
1880,1.415263,,,,
1881,1.397717,,,,
1882,1.241798,,,,
1883,1.186445,,,,
1884,1.182795,,,,
1885,1.163856,,,,
1886,1.162353,,,,
1887,1.118531,,,,
1888,1.144688,,,,
1889,1.122773,,,,
1890,1.139634,,,,
1891,1.109649,,,,
1892,1.125849,,,,
1893,1.117172,,,,
1894,1.143974,,,,
1895,1.194466,,,,
1896,1.209866,,,,
1897,1.212207,,,,
1898,1.197842,,,,
1899,1.288793,,,,
1900,1.234922,,,,
1901,1.398864,,,,
1902,1.470213,,,,
1903,1.4898,,,,
1904,1.428502,,,,
1905,1.413365,,,,
1906,1.306077,,,,
1907,1.238578,,,,
1908,1.261359,,,,
1909,1.276825,,,,
1910,1.21324,,,,
1911,1.166432,,,,
1912,1.146674,,,,
1913,1.119338,,,,
1914,1.125795,,,,
1915,1.122194,,,,
1916,1.133915,,,,
1917,1.16696,,,,
1918,1.212689,,,,
1919,1.218343,,,,
1920,1.289528,,,,
1921,1.278973,,,,
1922,1.334726,,,,
1923,1.415798,,,,
1924,1.484815,,,,
1925,1.535378,,,,
1926,1.519525,,,,
1927,1.517555,,,,
1928,1.551986,,,,
1929,1.529322,,,,
1930,1.514107,,,,
1931,1.411722,,,,
1932,1.3447,,,,
1933,1.330269,,,,
1934,1.347213,,,,
1935,1.328122,,,,
1936,1.242356,,,,
1937,1.210261,,,,
1938,1.224223,,,,
1939,1.220683,,,,
1940,1.253125,,,,
1941,1.309034,,,,
1942,1.391437,,,,
1943,1.493333,,,,
1944,1.491524,,,,
1945,1.492032,,,,
1946,1.479329,,,,
1947,1.478705,,,,
1948,1.496854,,,,
1949,1.527285,,,,
1950,1.546324,,,,
1951,1.559573,,,,
1952,1.504159,,,,
1953,1.411237,,,,
1954,1.371853,,,,
1955,1.388783,,,,
1956,1.387625,,,,
1957,1.388308,,,,
1958,1.426961,,,,
1959,1.400548,,,,
1960,1.362532,,,,
1961,1.312256,,,,
1962,1.31153,,,,
1963,1.313012,,,,
1964,1.304055,,,,
1965,1.342805,,,,
1966,1.436942,,,,
1967,1.497005,,,,
1968,1.52593,,,,
1969,1.546671,,,,
1970,1.560107,,,,
1971,1.598141,,,,
1972,1.602173,,,,
1973,1.605105,,,,
1974,1.589224,,,,
1975,1.548347,,,,
1976,1.516688,,,,
1977,1.429524,,,,
1978,1.367126,,,,
1979,1.326545,,,,
1980,1.32687,,,,
1981,1.331211,,,,
1982,1.320621,,,,
1983,1.268618,,,,
1984,1.255649,,,,
1985,1.24641,,,,
1986,1.224231,,,,
1987,1.216497,,,,
1988,1.210158,,,,
1989,1.248071,,,,
1990,1.302706,,,,
1991,1.356724,,,,
1992,1.382544,,,,
1993,1.381882,,,,
1994,1.397724,,,,
1995,1.432385,,,,
1996,1.459684,,,,
1997,1.472099,,,,
1998,1.491973,,,,
1999,1.513598,,,,
2000,1.513666,,,,
2001,1.459323,,,,
2002,1.422794,,,,
2003,1.415254,,,,
2004,1.442105,,,,
2005,1.401546,,,,
2006,1.413075,,,,
2007,1.401874,,,,
2008,1.334886,,,,
2009,1.239323,,,,
2010,1.181068,,,,
2011,1.189122,,,,
2012,1.193936,,,,
2013,1.190348,,,,
2014,1.237952,,,,
2015,1.249285,,,,
2016,1.339677,,,,
2017,1.288223,,,,
2018,1.413643,,,,
2019,1.518909,,,,
2020,1.495875,,,,
2021,1.476002,,,,
2022,1.494226,,,,
2023,1.464287,,,,
2024,1.378416,,,,
2025,1.330865,,,,
2026,1.320973,,,,
2027,1.247955,,,,
2028,1.248576,,,,
2029,1.2144,,,,
2030,1.2203,,,,
2031,1.23534,,,,
2032,1.228033,,,,
2033,1.230212,,,,
2034,1.2476,,,,
2035,1.273805,,,,
2036,1.25894,,,,
2037,1.297144,,,,
2038,1.32069,,,,
2039,1.357411,,,,
2040,1.352539,,,,
2041,1.3561,,,,
2042,1.350858,,,,
2043,1.34908,,,,
2044,1.422621,,,,
2045,1.403665,,,,
2046,1.452116,,,,
2047,1.430822,,,,
2048,1.347523,,,,
2049,1.27024,,,,
2050,1.294713,,,,
2051,1.272113,,,,
2052,1.276854,,,,
2053,1.263643,,,,
2054,1.27402,,,,
2055,1.263427,,,,
2056,1.34699,,,,
2057,1.252227,,,,
2058,1.283074,,,,
2059,1.243886,,,,
2060,1.237902,,,,
2061,1.309983,,,,
2062,1.428213,,,,
2063,1.456809,,,,
2064,1.341742,,,,
2065,1.345788,,,,
2066,1.378756,,,,
2067,1.575244,,,,
2068,1.659995,,,,
2069,1.651108,,,,
2070,1.631812,,,,
2071,1.623737,,,,
2072,1.600134,,,,
2073,1.577465,,,,
2074,1.534471,,,,
2075,1.448209,,,,
2076,1.412437,,,,
2077,1.3808,,,,
2078,1.336739,,,,
2079,1.285718,,,,
2080,1.336866,,,,
2081,1.351752,,,,
2082,1.24725,,,,
2083,1.294203,,,,
2084,1.306815,,,,
2085,1.349231,,,,
2086,1.449811,,,,
2087,1.604147,,,,
2088,1.649007,,,,
2089,1.621801,,,,
2090,1.593013,,,,
2091,1.572328,,,,
2092,1.532569,,,,
2093,1.575088,,,,
2094,1.575593,,,,
2095,1.569493,,,,
2096,1.573652,,,,
2097,1.544128,,,,
2098,1.463117,,,,
2099,1.432154,,,,
2100,1.39763,,,,
2101,1.32392,,,,
2102,1.31305,,,,
2103,1.299012,,,,
2104,1.40095,,,,
2105,1.405223,,,,
2106,1.411578,,,,
2107,1.292354,,,,
2108,1.307609,,,,
2109,1.290217,,,,
2110,1.361875,,,,
2111,1.537989,,,,
2112,1.579541,,,,
2113,1.588808,,,,
2114,1.584051,,,,
2115,1.441266,,,,
2116,1.538952,,,,
2117,1.44264,,,,
2118,1.559343,,,,
2119,1.605208,,,,
2120,1.590278,,,,
2121,1.511157,,,,
2122,1.382295,,,,
2123,1.423226,,,,
2124,1.555453,,,,
2125,1.521565,,,,
2126,1.405162,,,,
2127,1.320745,,,,
2128,1.200954,,,,
2129,1.099691,,,,
2130,1.087919,,,,
2131,1.078326,,,,
2132,1.076603,,,,
2133,1.130133,,,,
2134,1.26642,,,,
2135,1.334159,,,,
2136,1.365595,,,,
2137,1.371667,,,,
2138,1.450798,,,,
2139,1.399741,,,,
2140,1.374927,,,,
2141,1.452644,,,,
2142,1.618076,,,,
2143,1.614247,,,,
2144,1.500953,,,,
2145,1.329612,,,,
2146,1.259664,,,,
2147,1.178815,,,,
2148,1.150187,,,,
2149,1.108921,,,,
2150,1.094039,,,,
2151,1.099784,,,,
2152,1.095343,,,,
2153,1.102123,,,,
2154,1.061419,,,,
2155,1.053359,,,,
2156,1.061262,,,,
2157,1.061982,,,,
2158,1.188299,,,,
2159,1.224784,,,,
2160,1.261968,,,,
2161,1.156945,,,,
2162,1.218618,,,,
2163,1.255096,,,,
2164,1.44492,,,,
2165,1.519547,,,,
2166,1.53454,,,,
2167,1.503206,,,,
2168,1.420693,,,,
2169,1.286502,,,,
2170,1.187704,,,,
2171,1.141502,,,,
2172,1.173571,,,,
2173,1.254547,,,,
2174,1.214382,,,,
2175,1.113836,,,,
2176,1.130261,,,,
2177,1.108149,,,,
2178,1.018836,,,,
2179,0.9877044,,,,
2180,0.9881046,,,,
2181,1.046884,,,,
2182,1.150513,,,,
2183,1.17045,,,,
2184,1.288656,,,,
2185,1.380942,,,,
2186,1.421235,,,,
2187,1.473622,,,,
2188,1.485172,,,,
2189,1.500844,,,,
2190,1.49714,,,,
2191,1.49815,,,,
2192,1.345932,,,,
2193,1.234939,,,,
2194,1.197274,,,,
2195,1.203794,,,,
2196,1.170051,,,,
2197,1.083213,,,,
2198,1.045592,,,,
2199,1.057302,,,,
2200,1.019914,,,,
2201,0.9656585,,,,
2202,0.9550708,,,,
2203,0.9233249,,,,
2204,0.9233394,,,,
2205,0.9654785,,,,
2206,1.027003,,,,
2207,1.135849,,,,
2208,1.253096,,,,
2209,1.38653,,,,
2210,1.28384,,,,
2211,1.313696,,,,
2212,1.323668,,,,
2213,1.423725,,,,
2214,1.518746,,,,
2215,1.521263,,,,
2216,1.487458,,,,
2217,1.348898,,,,
2218,1.33065,,,,
2219,1.272477,,,,
2220,1.212506,,,,
2221,1.17369,,,,
2222,1.127961,,,,
2223,1.070616,,,,
2224,1.071797,,,,
2225,1.023504,,,,
2226,1.053577,,,,
2227,1.102549,,,,
2228,1.086885,,,,
2229,1.121716,,,,
2230,1.214844,,,,
2231,1.221624,,,,
2232,1.293766,,,,
2233,1.358752,,,,
2234,1.333126,,,,
2235,1.255735,,,,
2236,1.375326,,,,
2237,1.471789,,,,
2238,1.53577,,,,
2239,1.527766,,,,
2240,1.48829,,,,
2241,1.331493,,,,
2242,1.213259,,,,
2243,1.202398,,,,
2244,1.184447,,,,
2245,1.078121,,,,
2246,1.114977,,,,
2247,1.067477,,,,
2248,1.013716,,,,
2249,1.005153,,,,
2250,0.9555141,,,,
2251,0.9170405,,,,
2252,0.9209124,,,,
2253,0.9926231,,,,
2254,1.057119,,,,
2255,1.164033,,,,
2256,1.362828,,,,
2257,1.536863,,,,
2258,1.545732,,,,
2259,1.452057,,,,
2260,1.374424,,,,
2261,1.387452,,,,
2262,1.38828,,,,
2263,1.419035,,,,
2264,1.419568,,,,
2265,1.322173,,,,
2266,1.162202,,,,
2267,1.146806,,,,
2268,1.162974,,,,
2269,1.094989,,,,
2270,1.051641,,,,
2271,0.9946483,,,,
2272,0.9959202,,,,
2273,0.9779484,,,,
2274,0.9667532,,,,
2275,0.9587299,,,,
2276,0.9692641,,,,
2277,0.9741294,,,,
2278,1.011226,,,,
2279,1.108353,,,,
2280,1.183921,,,,
2281,1.311062,,,,
2282,1.363632,,,,
2283,1.456823,,,,
2284,1.54918,,,,
2285,1.529338,,,,
2286,1.545181,,,,
2287,1.480612,,,,
2288,1.371078,,,,
2289,1.277712,,,,
2290,1.281333,,,,
2291,1.322979,,,,
2292,1.263633,,,,
2293,1.246613,,,,
2294,1.224067,,,,
2295,1.130314,,,,
2296,1.07097,,,,
2297,1.003494,,,,
2298,0.9565442,,,,
2299,0.9598548,,,,
2300,0.9452327,,,,
2301,0.9476064,,,,
2302,1.035708,,,,
2303,1.128292,,,,
2304,1.16133,,,,
2305,1.272537,,,,
2306,1.358096,,,,
2307,1.37345,,,,
2308,1.456565,,,,
2309,1.473861,,,,
2310,1.448826,,,,
2311,1.452237,,,,
2312,1.445143,,,,
2313,1.405477,,,,
2314,1.340092,,,,
2315,1.237263,,,,
2316,1.171037,,,,
2317,1.187373,,,,
2318,1.180644,,,,
2319,1.114156,,,,
2320,1.108743,,,,
2321,1.098742,,,,
2322,1.080652,,,,
2323,1.101616,,,,
2324,1.114984,,,,
2325,1.174079,,,,
2326,1.273225,,,,
2327,1.352194,,,,
2328,1.43633,,,,
2329,1.495929,,,,
2330,1.501133,,,,
2331,1.503681,,,,
2332,1.484311,,,,
2333,1.494052,,,,
2334,1.504414,,,,
2335,1.498852,,,,
2336,1.505257,,,,
2337,1.464443,,,,
2338,1.411898,,,,
2339,1.342155,,,,
2340,1.343703,,,,
2341,1.363395,,,,
2342,1.296999,,,,
2343,1.347843,,,,
2344,1.309145,,,,
2345,1.29848,,,,
2346,1.324798,,,,
2347,1.302784,,,,
2348,1.250407,,,,
2349,1.253321,,,,
2350,1.281983,,,,
2351,1.345685,,,,
2352,1.38283,,,,
2353,1.404135,,,,
2354,1.411912,,,,
2355,1.401412,,,,
2356,1.403063,,,,
2357,1.423384,,,,
2358,1.410782,,,,
2359,1.422976,,,,
2360,1.386663,,,,
2361,1.296871,,,,
2362,1.223572,,,,
2363,1.16916,,,,
2364,1.147616,,,,
2365,1.113276,,,,
2366,1.081493,,,,
2367,1.067935,,,,
2368,1.06661,,,,
2369,1.077461,,,,
2370,1.091327,,,,
2371,1.083815,,,,
2372,1.097876,,,,
2373,1.128689,,,,
2374,1.155592,,,,
2375,1.170066,,,,
2376,1.190214,,,,
2377,1.241086,,,,
2378,1.197116,,,,
2379,1.218229,,,,
2380,1.299765,,,,
2381,1.354801,,,,
2382,1.38942,,,,
2383,1.355014,,,,
2384,1.3197,,,,
2385,1.235119,,,,
2386,1.149742,,,,
2387,1.10904,,,,
2388,1.117129,,,,
2389,1.119537,,,,
2390,1.092146,,,,
2391,1.073235,,,,
2392,1.041606,,,,
2393,1.037367,,,,
2394,1.021094,,,,
2395,1.002321,,,,
2396,1.002211,,,,
2397,1.053492,,,,
2398,1.14842,,,,
2399,1.24772,,,,
2400,1.308709,,,,
2401,1.258493,,,,
2402,1.279231,,,,
2403,1.316303,,,,
2404,1.315739,,,,
2405,1.331633,,,,
2406,1.329325,,,,
2407,1.318699,,,,
2408,1.289332,,,,
2409,1.258801,,,,
2410,1.218784,,,,
2411,1.184051,,,,
2412,1.189597,,,,
2413,1.173085,,,,
2414,1.12337,,,,
2415,1.083554,,,,
2416,1.068421,,,,
2417,1.085697,,,,
2418,1.0247,,,,
2419,0.9924402,,,,
2420,0.9798762,,,,
2421,1.048504,,,,
2422,1.089897,,,,
2423,1.116815,,,,
2424,1.151448,,,,
2425,1.145659,,,,
2426,1.299413,,,,
2427,1.300346,,,,
2428,1.375403,,,,
2429,1.378532,,,,
2430,1.40877,,,,
2431,1.416391,,,,
2432,1.315362,,,,
2433,1.24655,,,,
2434,1.148505,,,,
2435,1.169175,,,,
2436,1.144114,,,,
2437,1.160349,,,,
2438,1.230665,,,,
2439,1.228725,,,,
2440,1.186626,,,,
2441,1.197233,,,,
2442,1.163806,,,,
2443,1.297022,,,,
2444,1.340478,,,,
2445,1.386002,,,,
2446,1.460953,,,,
2447,1.436275,,,,
2448,1.486556,,,,
2449,1.535826,,,,
2450,1.576703,,,,
2451,1.54476,,,,
2452,1.546413,,,,
2453,1.557207,,,,
2454,1.498088,,,,
2455,1.502406,,,,
2456,1.511657,,,,
2457,1.552929,,,,
2458,1.48739,,,,
2459,1.55177,,,,
2460,1.512016,,,,
2461,1.489841,,,,
2462,1.376505,,,,
2463,1.312268,,,,
2464,1.319948,,,,
2465,1.330296,,,,
2466,1.351785,,,,
2467,1.353757,,,,
2468,1.403934,,,,
2469,1.437487,,,,
2470,1.425947,,,,
2471,1.424622,,,,
2472,1.439756,,,,
2473,1.457276,,,,
2474,1.385821,,,,
2475,1.558695,,,,
2476,1.326784,,,,
2477,1.299018,,,,
2478,1.284122,,,,
2479,1.187608,,,,
2480,1.223431,,,,
2481,1.148449,,,,
2482,1.18344,,,,
2483,1.266265,,,,
2484,1.255942,,,,
2485,1.242114,,,,
2486,1.293365,,,,
2487,1.214957,,,,
2488,1.194001,,,,
2489,1.217877,,,,
2490,1.169565,,,,
2491,1.180655,,,,
2492,1.124894,,,,
2493,1.183158,,,,
2494,1.253016,,,,
2495,1.285754,,,,
2496,1.297143,,,,
2497,1.221601,,,,
2498,1.291148,,,,
2499,1.287018,,,,
2500,1.405562,,,,
2501,1.464308,,,,
2502,1.454246,,,,
2503,1.540622,,,,
2504,1.486455,,,,
2505,1.37378,,,,
2506,1.391405,,,,
2507,1.3649,,,,
2508,1.289362,,,,
2509,1.293047,,,,
2510,1.222948,,,,
2511,1.165004,,,,
2512,1.157146,,,,
2513,1.292646,,,,
2514,1.078895,,,,
2515,1.115968,,,,
2516,1.109689,,,,
2517,1.095519,,,,
2518,1.195121,,,,
2519,1.218047,,,,
2520,1.224977,,,,
2521,1.199952,,,,
2522,1.164735,,,,
2523,1.2209,,,,
2524,1.29606,,,,
2525,1.275361,,,,
2526,1.280256,,,,
2527,1.280722,,,,
2528,1.249777,,,,
2529,1.203489,,,,
2530,1.19101,,,,
2531,1.201928,,,,
2532,1.200923,,,,
2533,1.217095,,,,
2534,1.207029,,,,
2535,1.207296,,,,
2536,1.195821,,,,
2537,1.173885,,,,
2538,1.202254,,,,
2539,1.171321,,,,
2540,1.154182,,,,
2541,1.196685,,,,
2542,1.349534,,,,
2543,1.363638,,,,
2544,1.375598,,,,
2545,1.417222,,,,
2546,1.437818,,,,
2547,1.451371,,,,
2548,1.452165,,,,
2549,1.440487,,,,
2550,1.44341,,,,
2551,1.434008,,,,
2552,1.386568,,,,
2553,1.282742,,,,
2554,1.220371,,,,
2555,1.20439,,,,
2556,1.189499,,,,
2557,1.184025,,,,
2558,1.137827,,,,
2559,1.106564,,,,
2560,1.066131,,,,
2561,1.051885,,,,
2562,1.035392,,,,
2563,1.030672,,,,
2564,1.021365,,,,
2565,0.9648412,,,,
2566,1.020153,,,,
2567,1.04121,,,,
2568,1.103083,,,,
2569,1.131613,,,,
2570,1.270866,,,,
2571,1.20766,,,,
2572,1.339491,,,,
2573,1.299303,,,,
2574,1.345348,,,,
2575,1.33674,,,,
2576,1.289293,,,,
2577,1.180212,,,,
2578,1.105346,,,,
2579,1.039072,,,,
2580,0.9940463,,,,
2581,0.981249,,,,
2582,0.963132,,,,
2583,0.9000031,,,,
2584,0.8623341,,,,
2585,0.8683245,,,,
2586,0.8642964,,,,
2587,0.8524752,,,,
2588,0.8577083,,,,
2589,0.8912507,,,,
2590,0.9310457,,,,
2591,1.015875,,,,
2592,1.102909,,,,
2593,1.297112,,,,
2594,1.271364,,,,
2595,1.344128,,,,
2596,1.362103,,,,
2597,1.334145,,,,
2598,1.297535,,,,
2599,1.311658,,,,
2600,1.29481,,,,
2601,1.256915,,,,
2602,1.197202,,,,
2603,1.191263,,,,
2604,1.158494,,,,
2605,1.133196,,,,
2606,1.111974,,,,
2607,1.118254,,,,
2608,1.098387,,,,
2609,0.9976164,,,,
2610,0.9556347,,,,
2611,0.944133,,,,
2612,0.9604938,,,,
2613,1.110473,,,,
2614,1.073307,,,,
2615,1.13853,,,,
2616,1.17679,,,,
2617,1.146304,,,,
2618,1.19155,,,,
2619,1.180582,,,,
2620,1.344006,,,,
2621,1.420358,,,,
2622,1.447552,,,,
2623,1.212205,,,,
2624,1.121045,,,,
2625,1.12543,,,,
2626,1.089515,,,,
2627,1.050488,,,,
2628,1.04468,,,,
2629,0.9842015,,,,
2630,0.985751,,,,
2631,0.9957621,,,,
2632,0.9510911,,,,
2633,0.9620017,,,,
2634,0.9646462,,,,
2635,0.8918757,,,,
2636,0.85739,,,,
2637,0.8112959,,,,
2638,0.9502175,,,,
2639,0.8565693,,,,
2640,0.8484665,,,,
2641,0.8864029,,,,
2642,0.9479848,,,,
2643,0.9710153,,,,
2644,0.9706156,,,,
2645,0.8974839,,,,
2646,0.8811284,,,,
2647,0.9156982,,,,
2648,0.9810765,,,,
2649,0.997,,,,
2650,1.036298,,,,
2651,1.080282,,,,
2652,1.0585,,,,
2653,1.014672,,,,
2654,0.9778581,,,,
2655,0.977856,,,,
2656,0.9841743,,,,
2657,1.060885,,,,
2658,1.045077,,,,
2659,1.110537,,,,
2660,1.127498,,,,
2661,1.095716,,,,
2662,1.149971,,,,
2663,1.136618,,,,
2664,1.155457,,,,
2665,1.190586,,,,
2666,0.9764288,,,,
2667,0.9804791,,,,
2668,0.9646433,,,,
2669,0.9638028,,,,
2670,0.9403223,,,,
2671,0.8780675,,,,
2672,0.8740772,,,,
2673,0.8710052,,,,
2674,0.8314829,,,,
2675,0.8614076,,,,
2676,0.8593841,,,,
2677,0.8999091,,,,
2678,0.8558883,,,,
2679,0.8585094,,,,
2680,0.862611,,,,
2681,0.7872313,,,,
2682,0.7683628,,,,
2683,0.7532274,,,,
2684,0.7306126,,,,
2685,0.6572091,,,,
2686,0.6563905,,,,
2687,0.6822056,,,,
2688,0.6903105,,,,
2689,0.6970987,,,,
2690,0.659183,,,,
2691,0.6711434,,,,
2692,0.6686145,,,,
2693,0.6750448,,,,
2694,0.7126974,,,,
2695,0.7015866,,,,
2696,0.6383139,,,,
2697,0.6794727,,,,
2698,0.6737189,,,,
2699,0.6545742,,,,
2700,0.6418955,,,,
2701,0.6037161,,,,
2702,0.5677328,,,,
2703,0.5714608,,,,
2704,0.6527263,,,,
2705,0.6683767,,,,
2706,0.6466424,,,,
2707,0.5822802,,,,
2708,0.593988,,,,
2709,0.6054504,,,,
2710,0.590366,,,,
2711,0.6289238,,,,
2712,0.6233678,,,,
2713,0.6199625,,,,
2714,0.6392927,,,,
2715,0.7132507,,,,
2716,0.7701077,,,,
2717,0.8855674,,,,
2718,0.9448398,,,,
2719,0.8392045,,,,
2720,0.6787984,,,,
2721,0.6579499,,,,
2722,0.7610148,,,,
2723,0.8073017,,,,
2724,0.837464,,,,
2725,0.8734509,,,,
2726,0.9151574,,,,
2727,0.9241241,,,,
2728,0.9443993,,,,
2729,0.9809249,,,,
2730,0.995911,,,,
2731,1.020925,,,,
2732,1.072086,,,,
2733,1.033174,,,,
2734,1.068706,,,,
2735,1.096369,,,,
2736,1.101282,,,,
2737,1.094275,,,,
2738,1.049996,,,,
2739,1.01776,,,,
2740,1.215294,,,,
2741,1.15901,,,,
2742,1.163283,,,,
2743,1.176965,,,,
2744,1.186483,,,,
2745,1.164606,,,,
2746,1.103492,,,,
2747,1.081447,,,,
2748,1.062009,,,,
2749,1.042243,,,,
2750,1.028895,,,,
2751,1.005356,,,,
2752,1.01917,,,,
2753,0.9892318,,,,
2754,0.9335269,,,,
2755,0.8907957,,,,
2756,0.8587519,,,,
2757,0.9367397,,,,
2758,0.8447639,,,,
2759,0.9571049,,,,
2760,0.9524517,,,,
2761,0.9075656,,,,
2762,0.8952147,,,,
2763,0.8922606,,,,
2764,0.8608738,,,,
2765,0.8448491,,,,
2766,0.8216091,,,,
2767,0.805975,,,,
2768,0.8807715,,,,
2769,0.900317,,,,
2770,0.8423297,,,,
2771,0.8114615,,,,
2772,0.6386092,,,,
2773,0.5451082,,,,
2774,0.4907665,,,,
2775,0.4925006,,,,
2776,0.4689867,,,,
2777,0.5035893,,,,
2778,0.5221021,,,,
2779,0.5090724,,,,
2780,0.4946666,,,,
2781,0.4974231,,,,
2782,0.4723534,,,,
2783,0.4431826,,,,
2784,0.4314255,,,,
2785,0.4108953,,,,
2786,0.4100364,,,,
2787,0.4478359,,,,
2788,0.5478447,,,,
2789,0.5845209,,,,
2790,0.6316479,,,,
2791,0.6340765,,,,
2792,0.6083598,,,,
2793,0.5996428,,,,
2794,0.6024038,,,,
2795,0.6352344,,,,
2796,0.5889378,,,,
2797,0.5367441,,,,
2798,0.4873728,,,,
2799,0.4954522,,,,
2800,0.4877824,,,,
2801,0.5031221,,,,
2802,0.5170074,,,,
2803,0.5200286,,,,
2804,0.5242551,,,,
2805,0.5204934,,,,
2806,0.5112243,,,,
2807,0.5060531,,,,
2808,0.4862649,,,,
2809,0.4765393,,,,
2810,0.500169,,,,
2811,0.5164177,,,,
2812,0.5999849,,,,
2813,0.6674325,,,,
2814,0.7193751,,,,
2815,0.8248132,,,,
2816,0.8157115,,,,
2817,0.7963492,,,,
2818,0.793272,,,,
2819,0.7801411,,,,
2820,0.8452612,,,,
2821,0.8146204,,,,
2822,0.8208782,,,,
2823,0.8132321,,,,
2824,0.7868757,,,,
2825,0.7628098,,,,
2826,0.7904519,,,,
2827,0.8175145,,,,
2828,0.8523835,,,,
2829,0.8896863,,,,
2830,0.8207951,,,,
2831,0.8315101,,,,
2832,0.8819302,,,,
2833,0.9046621,,,,
2834,0.9104924,,,,
2835,0.8829985,,,,
2836,0.8610651,,,,
2837,0.8394884,,,,
2838,0.8502553,,,,
2839,0.8433565,,,,
2840,0.8043301,,,,
2841,0.7994146,,,,
2842,0.7621205,,,,
2843,0.6852612,,,,
2844,0.6861761,,,,
2845,0.6841533,,,,
2846,0.6867467,,,,
2847,0.7099796,,,,
2848,0.6881613,,,,
2849,0.6645196,,,,
2850,0.661463,,,,
2851,0.671592,,,,
2852,0.684666,,,,
2853,0.7019677,,,,
2854,0.7467238,,,,
2855,0.7670454,,,,
2856,0.7791823,,,,
2857,0.830617,,,,
2858,0.8739064,,,,
2859,0.8822616,,,,
2860,0.8871515,,,,
2861,0.8890462,,,,
2862,0.8873318,,,,
2863,0.8581811,,,,
2864,0.8239254,,,,
2865,0.8062157,,,,
2866,0.7892098,,,,
2867,0.7432868,,,,
2868,0.748674,,,,
2869,0.7356194,,,,
2870,0.7022192,,,,
2871,0.6310654,,,,
2872,0.6156942,,,,
2873,0.6174534,,,,
2874,0.6580379,,,,
2875,0.6431711,,,,
2876,0.6752031,,,,
2877,0.6983287,,,,
2878,0.6743668,,,,
2879,0.6821851,,,,
2880,0.6868123,,,,
2881,0.6925709,,,,
2882,0.7309897,,,,
2883,0.7395008,,,,
2884,0.7398957,,,,
2885,0.7853885,,,,
2886,0.762729,,,,
2887,0.7292985,,,,
2888,0.7417169,,,,
2889,0.699779,,,,
2890,0.7193372,,,,
2891,0.7150381,,,,
2892,0.6695748,,,,
2893,0.6508145,,,,
2894,0.6604389,,,,
2895,0.6570783,,,,
2896,0.654783,,,,
2897,0.6509015,,,,
2898,0.6731738,,,,
2899,0.6660019,,,,
2900,0.6483787,,,,
2901,0.6269069,,,,
2902,0.6195709,,,,
2903,0.6303803,,,,
2904,0.6050256,,,,
2905,0.6702325,,,,
2906,0.6510978,,,,
2907,0.7425819,,,,
2908,0.7696511,,,,
2909,0.835473,,,,
2910,0.819165,,,,
2911,0.8722524,,,,
2912,0.7799094,,,,
2913,0.90312,,,,
2914,0.8719377,,,,
2915,0.7759525,,,,
2916,0.7565387,,,,
2917,0.8768361,,,,
2918,0.8640394,,,,
2919,0.7661473,,,,
2920,0.6953777,,,,
2921,0.6758825,,,,
2922,0.6414794,,,,
2923,0.6229144,,,,
2924,0.6020223,,,,
2925,0.626505,,,,
2926,0.7058116,,,,
2927,0.7569105,,,,
2928,0.8073843,,,,
2929,0.8211712,,,,
2930,0.8240737,,,,
2931,0.839724,,,,
2932,0.8506802,,,,
2933,0.844062,,,,
2934,0.9440904,,,,
2935,0.9598556,,,,
2936,0.9504756,,,,
2937,0.9196791,,,,
2938,0.8441101,,,,
2939,0.8014437,,,,
2940,0.7952051,,,,
2941,0.7783914,,,,
2942,0.7877904,,,,
2943,0.7532767,,,,
2944,0.7455555,,,,
2945,0.74053,,,,
2946,0.7547886,,,,
2947,0.7656648,,,,
2948,0.7635601,,,,
2949,0.7977057,,,,
2950,0.8293056,,,,
2951,0.8289596,,,,
2952,0.8611851,,,,
2953,0.8982919,,,,
2954,0.9581372,,,,
2955,0.9417735,,,,
2956,0.9443008,,,,
2957,0.9349543,,,,
2958,0.9244143,,,,
2959,0.9457753,,,,
2960,0.9502094,,,,
2961,0.9327006,,,,
2962,0.9205517,,,,
2963,0.8982125,,,,
2964,0.871375,,,,
2965,0.8519745,,,,
2966,0.8254589,,,,
2967,0.8580232,,,,
2968,0.8401623,,,,
2969,0.8177805,,,,
2970,0.8106881,,,,
2971,0.7922145,,,,
2972,0.7999343,,,,
2973,0.8272533,,,,
2974,0.8403939,,,,
2975,0.8291562,,,,
2976,0.8092738,,,,
2977,0.8322239,,,,
2978,0.8379027,,,,
2979,0.8578493,,,,
2980,0.8694721,,,,
2981,0.9196913,,,,
2982,0.978544,,,,
2983,0.9947011,,,,
2984,0.9512282,,,,
2985,0.900943,,,,
2986,0.8124335,,,,
2987,0.7725501,,,,
2988,0.7739019,,,,
2989,0.7732254,,,,
2990,0.7637302,,,,
2991,0.7555662,,,,
2992,0.7164573,,,,
2993,0.6722462,,,,
2994,0.6791919,,,,
2995,0.695181,,,,
2996,0.6869015,,,,
2997,0.7390667,,,,
2998,0.7731369,,,,
2999,0.8000647,,,,
3000,0.8998149,,,,
3001,0.9340486,,,,
3002,0.93499,,,,
3003,0.9285614,,,,
3004,0.9575968,,,,
3005,1.031526,,,,
3006,1.039958,,,,
3007,1.098596,,,,
3008,1.077835,,,,
3009,0.9598606,,,,
3010,0.9401278,,,,
3011,0.9106681,,,,
3012,0.8856881,,,,
3013,0.8940709,,,,
3014,0.8575329,,,,
3015,0.8547748,,,,
3016,0.828774,,,,
3017,0.8161393,,,,
3018,0.7891082,,,,
3019,0.7711931,,,,
3020,0.7733669,,,,
3021,0.8408961,,,,
3022,0.900469,,,,
3023,0.97922,,,,
3024,1.030579,,,,
3025,1.077305,,,,
3026,1.100708,,,,
3027,1.100155,,,,
3028,1.092493,,,,
3029,1.094797,,,,
3030,1.101832,,,,
3031,1.092422,,,,
3032,1.070704,,,,
3033,1.047979,,,,
3034,0.9821631,,,,
3035,0.9568905,,,,
3036,0.9325103,,,,
3037,0.9413202,,,,
3038,0.9676917,,,,
3039,1.02833,,,,
3040,1.034929,,,,
3041,0.9907097,,,,
3042,0.969368,,,,
3043,0.9306735,,,,
3044,0.9318277,,,,
3045,0.9999076,,,,
3046,1.027051,,,,
3047,1.033813,,,,
3048,1.037704,,,,
3049,1.039228,,,,
3050,1.049629,,,,
3051,1.06648,,,,
3052,1.084017,,,,
3053,1.076664,,,,
3054,1.07371,,,,
3055,1.109187,,,,
3056,1.068161,,,,
3057,1.034986,,,,
3058,0.9617423,,,,
3059,0.905475,,,,
3060,0.8705394,,,,
3061,0.828844,,,,
3062,0.7974738,,,,
3063,0.7121986,,,,
3064,0.6737837,,,,
3065,0.6252137,,,,
3066,0.6513525,,,,
3067,0.6672077,,,,
3068,0.690072,,,,
3069,0.7035132,,,,
3070,0.880345,,,,
3071,0.9029693,,,,
3072,0.9790174,,,,
3073,1.005045,,,,
3074,1.057011,,,,
3075,1.168487,,,,
3076,1.160814,,,,
3077,1.157891,,,,
3078,1.159447,,,,
3079,1.167668,,,,
3080,1.105561,,,,
3081,1.044348,,,,
3082,0.9460285,,,,
3083,0.9015074,,,,
3084,0.8649321,,,,
3085,0.8186339,,,,
3086,0.8024698,,,,
3087,0.7904702,,,,
3088,0.7672952,,,,
3089,0.7439942,,,,
3090,0.7210231,,,,
3091,0.7037533,,,,
3092,0.706938,,,,
3093,0.7694626,,,,
3094,0.9185196,,,,
3095,1.001959,,,,
3096,0.9908579,,,,
3097,1.00747,,,,
3098,1.026039,,,,
3099,1.025112,,,,
3100,1.052802,,,,
3101,1.030971,,,,
3102,1.069264,,,,
3103,1.114596,,,,
3104,1.099246,,,,
3105,0.9893924,,,,
3106,0.9605443,,,,
3107,0.9165819,,,,
3108,0.9027305,,,,
3109,0.8474236,,,,
3110,0.7681438,,,,
3111,0.7108784,,,,
3112,0.7165785,,,,
3113,0.7123438,,,,
3114,0.6738315,,,,
3115,0.6866012,,,,
3116,0.6954311,,,,
3117,0.8184456,,,,
3118,0.9458697,,,,
3119,1.209992,,,,
3120,1.233757,,,,
3121,1.234637,,,,
3122,1.232593,,,,
3123,1.248476,,,,
3124,1.269163,,,,
3125,1.26546,,,,
3126,1.225321,,,,
3127,1.194444,,,,
3128,1.174984,,,,
3129,1.149481,,,,
3130,1.130592,,,,
3131,1.008027,,,,
3132,0.990404,,,,
3133,0.9788538,,,,
3134,0.9709993,,,,
3135,0.9604346,,,,
3136,0.9714937,,,,
3137,0.9250469,,,,
3138,0.8997024,,,,
3139,0.9203048,,,,
3140,0.9278309,,,,
3141,0.9631845,,,,
3142,1.100585,,,,
3143,1.215273,,,,
3144,1.214506,,,,
3145,1.193211,,,,
3146,1.156843,,,,
3147,1.098084,,,,
3148,1.054541,,,,
3149,1.030371,,,,
3150,0.9980294,,,,
3151,1.044516,,,,
3152,1.056196,,,,
3153,1.046675,,,,
3154,0.9273106,,,,
3155,0.9194035,,,,
3156,0.9110932,,,,
3157,0.9020635,,,,
3158,0.9043746,,,,
3159,0.901059,,,,
3160,0.8921052,,,,
3161,0.8888168,,,,
3162,0.8957482,,,,
3163,0.894316,,,,
3164,0.8821139,,,,
3165,0.9133556,,,,
3166,0.9735952,,,,
3167,0.9961584,,,,
3168,1.04616,,,,
3169,1.066596,,,,
3170,1.046444,,,,
3171,1.057507,,,,
3172,1.051935,,,,
3173,1.070994,,,,
3174,1.051233,,,,
3175,1.06692,,,,
3176,1.0326,,,,
3177,1.022687,,,,
3178,1.017764,,,,
3179,1.014553,,,,
3180,1.002095,,,,
3181,0.9532422,,,,
3182,0.931703,,,,
3183,0.9173548,,,,
3184,0.9016693,,,,
3185,0.9260087,,,,
3186,0.9599501,,,,
3187,0.981072,,,,
3188,0.960045,,,,
3189,0.9995573,,,,
3190,1.020136,,,,
3191,1.060286,,,,
3192,1.148971,,,,
3193,1.152894,,,,
3194,1.147963,,,,
3195,1.150403,,,,
3196,1.186604,,,,
3197,1.183224,,,,
3198,1.197526,,,,
3199,1.195255,,,,
3200,1.155919,,,,
3201,1.139624,,,,
3202,1.133125,,,,
3203,1.094134,,,,
3204,1.058973,,,,
3205,1.063281,,,,
3206,1.035729,,,,
3207,0.9957036,,,,
3208,0.9913255,,,,
3209,1.054798,,,,
3210,1.04147,,,,
3211,1.03455,,,,
3212,1.003813,,,,
3213,0.9944041,,,,
3214,1.026193,,,,
3215,1.013074,,,,
3216,1.028838,,,,
3217,1.01028,,,,
3218,0.9926924,,,,
3219,1.003974,,,,
3220,0.9768798,,,,
3221,0.9697865,,,,
3222,0.9630408,,,,
3223,0.9024425,,,,
3224,0.9288041,,,,
3225,0.9511797,,,,
3226,0.9104804,,,,
3227,0.8874137,,,,
3228,0.8874137,,,,
3229,0.8384385,,,,
3230,0.8770749,,,,
3231,0.915691,,,,
3232,0.9438237,,,,
3233,0.885934,,,,
3234,0.9163814,,,,
3235,0.8557463,,,,
3236,0.7721772,,,,
3237,0.7410775,,,,
3238,0.7507602,,,,
3239,0.7966903,,,,
3240,0.8462542,,,,
3241,0.8658578,,,,
3242,0.9148732,,,,
3243,0.8999511,,,,
3244,0.8778709,,,,
3245,0.8966681,,,,
3246,0.8419813,,,,
3247,0.8496353,,,,
3248,0.8717973,,,,
3249,0.8738841,,,,
3250,0.8843855,,,,
3251,0.8556339,,,,
3252,0.8801921,,,,
3253,0.9196761,,,,
3254,0.969697,,,,
3255,0.9891008,,,,
3256,1.01285,,,,
3257,0.9798805,,,,
3258,1.001578,,,,
3259,0.9976273,,,,
3260,1.018529,,,,
3261,1.016711,,,,
3262,1.069802,,,,
3263,1.077428,,,,
3264,1.052226,,,,
3265,1.027253,,,,
3266,1.04179,,,,
3267,1.052344,,,,
3268,1.064663,,,,
3269,1.046911,,,,
3270,1.055355,,,,
3271,1.036562,,,,
3272,1.029837,,,,
3273,1.035993,,,,
3274,1.028155,,,,
3275,1.02338,,,,
3276,1.025119,,,,
3277,1.032807,,,,
3278,1.023091,,,,
3279,1.009813,,,,
3280,1.017536,,,,
3281,1.012174,,,,
3282,1.015833,,,,
3283,1.042199,,,,
3284,1.060865,,,,
3285,1.037123,,,,
3286,1.062553,,,,
3287,1.105398,,,,
3288,1.057789,,,,
3289,1.071528,,,,
3290,1.121635,,,,
3291,1.109294,,,,
3292,1.11351,,,,
3293,1.077236,,,,
3294,1.083601,,,,
3295,1.099816,,,,
3296,1.075443,,,,
3297,1.067666,,,,
3298,1.052965,,,,
3299,1.052631,,,,
3300,1.039139,,,,
3301,1.045115,,,,
3302,1.032199,,,,
3303,1.071992,,,,
3304,1.08492,,,,
3305,1.010215,,,,
3306,1.003894,,,,
3307,1.014502,,,,
3308,1.042613,,,,
3309,1.045718,,,,
3310,1.084699,,,,
3311,1.134228,,,,
3312,1.128925,,,,
3313,1.116351,,,,
3314,1.120553,,,,
3315,1.102713,,,,
3316,1.145051,,,,
3317,1.175774,,,,
3318,1.144611,,,,
3319,1.116685,,,,
3320,1.096197,,,,
3321,1.108657,,,,
3322,1.086938,,,,
3323,1.091882,,,,
3324,1.079998,,,,
3325,1.070181,,,,
3326,1.079443,,,,
3327,1.069215,,,,
3328,1.092244,,,,
3329,1.096823,,,,
3330,1.073467,,,,
3331,1.094645,,,,
3332,1.096941,,,,
3333,1.139838,,,,
3334,1.162647,,,,
3335,1.196716,,,,
3336,1.209216,,,,
3337,1.223604,,,,
3338,1.234739,,,,
3339,1.251311,,,,
3340,1.269966,,,,
3341,1.28718,,,,
3342,1.293688,,,,
3343,1.288449,,,,
3344,1.291637,,,,
3345,1.288522,,,,
3346,1.289001,,,,
3347,1.286204,,,,
3348,1.285854,,,,
3349,1.284367,,,,
3350,1.271429,,,,
3351,1.266402,,,,
3352,1.261472,,,,
3353,1.256931,,,,
3354,1.254169,,,,
3355,1.243218,,,,
3356,1.233783,,,,
3357,1.2441,,,,
3358,1.26285,,,,
3359,1.262172,,,,
3360,1.263597,,,,
3361,1.26901,,,,
3362,1.26861,,,,
3363,1.26206,,,,
3364,1.266537,,,,
3365,1.270922,,,,
3366,1.276785,,,,
3367,1.276092,,,,
3368,1.27123,,,,
3369,1.27698,,,,
3370,1.284513,,,,
3371,1.29388,,,,
3372,1.274365,,,,
3373,1.309643,,,,
3374,1.302698,,,,
3375,1.25984,,,,
3376,1.157056,,,,
3377,1.175292,,,,
3378,1.209302,,,,
3379,1.221498,,,,
3380,1.20347,,,,
3381,1.139063,,,,
3382,1.103802,,,,
3383,1.065387,,,,
3384,1.101223,,,,
3385,1.169575,,,,
3386,1.228277,,,,
3387,1.254842,,,,
3388,1.274469,,,,
3389,1.286109,,,,
3390,1.295722,,,,
3391,1.304568,,,,
3392,1.301114,,,,
3393,1.296815,,,,
3394,1.296563,,,,
3395,1.298955,,,,
3396,1.307444,,,,
3397,1.304821,,,,
3398,1.298256,,,,
3399,1.282789,,,,
3400,1.265068,,,,
3401,1.231545,,,,
3402,1.14221,,,,
3403,1.091259,,,,
3404,1.059911,,,,
3405,1.036731,,,,
3406,1.049001,,,,
3407,1.102034,,,,
3408,1.230875,,,,
3409,1.263794,,,,
3410,1.272202,,,,
3411,1.283565,,,,
3412,1.296065,,,,
3413,1.298362,,,,
3414,1.30899,,,,
3415,1.319852,,,,
3416,1.328833,,,,
3417,1.348224,,,,
3418,1.311433,,,,
3419,1.287229,,,,
3420,1.281268,,,,
3421,1.289757,,,,
3422,1.303741,,,,
3423,1.307577,,,,
3424,1.339979,,,,
3425,1.323728,,,,
3426,1.314494,,,,
3427,1.303383,,,,
3428,1.292403,,,,
3429,1.27735,,,,
3430,1.289757,,,,
3431,1.303741,,,,
3432,1.307577,,,,
3433,1.339979,,,,
3434,1.323728,,,,
3435,1.314494,,,,
3436,1.303383,,,,
3437,1.292403,,,,
3438,1.27735,,,,
3439,1.278456,,,,
3440,1.294219,,,,
3441,1.28846,,,,
3442,1.291971,,,,
3443,1.289645,,,,
3444,1.297532,,,,
3445,1.305339,,,,
3446,1.309791,,,,
3447,1.30688,,,,
3448,1.320912,,,,
3449,1.343515,,,,
3450,1.32763,,,,
3451,1.338209,,,,
3452,1.327798,,,,
3453,1.292387,,,,
3454,1.278596,,,,
3455,1.2121,,,,
3456,1.174159,,,,
3457,1.178167,,,,
3458,1.1752,,,,
3459,1.175788,,,,
3460,1.167279,,,,
3461,1.272018,,,,
3462,1.250736,,,,
3463,1.282806,,,,
3464,1.289206,,,,
3465,1.332232,,,,
3466,1.364119,,,,
3467,1.349256,,,,
3468,1.355599,,,,
3469,1.364075,,,,
3470,1.380556,,,,
3471,1.387765,,,,
3472,1.394647,,,,
3473,1.384695,,,,
3474,1.381939,,,,
3475,1.379717,,,,
3476,1.381139,,,,
3477,1.350764,,,,
3478,1.317586,,,,
3479,1.324305,,,,
3480,1.29446,,,,
3481,1.293569,,,,
3482,1.251812,,,,
3483,1.219486,,,,
3484,1.146677,,,,
3485,1.150278,,,,
3486,1.129414,,,,
3487,1.197706,,,,
3488,1.21953,,,,
3489,1.316724,,,,
3490,1.339266,,,,
3491,1.353562,,,,
3492,1.363771,,,,
3493,1.372875,,,,
3494,1.334383,,,,
3495,1.347635,,,,
3496,1.362927,,,,
3497,1.370801,,,,
3498,1.390264,,,,
3499,1.382236,,,,
3500,1.375769,,,,
3501,1.361249,,,,
3502,1.338442,,,,
3503,1.327006,,,,
3504,1.267131,,,,
3505,1.235437,,,,
3506,1.149709,,,,
3507,1.139816,,,,
3508,1.229034,,,,
3509,1.142377,,,,
3510,1.136547,,,,
3511,1.233137,,,,
3512,1.252028,,,,
3513,1.279195,,,,
3514,1.252378,,,,
3515,1.189898,,,,
3516,1.268648,,,,
3517,1.327374,,,,
3518,1.32411,,,,
3519,1.399216,,,,
3520,1.400133,,,,
3521,1.353331,,,,
3522,1.349955,,,,
3523,1.328622,,,,
3524,1.306649,,,,
3525,1.31003,,,,
3526,1.251197,,,,
3527,1.22295,,,,
3528,1.240211,,,,
3529,1.236884,,,,
3530,1.313185,,,,
3531,1.254935,,,,
3532,1.205342,,,,
3533,1.068266,,,,
3534,1.101714,,,,
3535,1.175837,,,,
3536,1.195414,,,,
3537,1.144461,,,,
3538,1.392517,,,,
3539,1.394039,,,,
3540,1.313201,,,,
3541,1.291133,,,,
3542,1.265509,,,,
3543,1.250895,,,,
3544,1.273581,,,,
3545,1.49438,,,,
3546,1.506381,,,,
3547,1.498607,,,,
3548,1.480094,,,,
3549,1.456459,,,,
3550,1.437712,,,,
3551,1.407501,,,,
3552,1.383197,,,,
3553,1.342877,,,,
3554,1.319545,,,,
3555,1.346353,,,,
3556,1.343746,,,,
3557,1.277432,,,,
3558,1.273817,,,,
3559,1.299301,,,,
3560,1.324933,,,,
3561,1.357724,,,,
3562,1.365085,,,,
3563,1.36139,,,,
3564,1.350667,,,,
3565,1.360111,,,,
3566,1.386628,,,,
3567,1.403625,,,,
3568,1.376712,,,,
3569,1.300765,,,,
3570,1.313664,,,,
3571,1.338714,,,,
3572,1.346327,,,,
3573,1.342702,,,,
3574,1.044822,,,,
3575,0.6893179,,,,
3576,0.65837,,,,
3577,0.6645548,,,,
3578,0.6767758,,,,
3579,0.6641283,,,,
3580,0.6279721,,,,
3581,0.6537313,,,,
3582,0.676836,,,,
3583,0.6600866,,,,
3584,0.6534483,,,,
3585,0.6540124,,,,
3586,0.6591296,,,,
3587,0.7690186,,,,
3588,0.7440553,,,,
3589,0.8669577,,,,
3590,0.970325,,,,
3591,0.9815548,,,,
3592,0.9618881,,,,
3593,0.9761705,,,,
3594,1.063672,,,,
3595,1.056908,,,,
3596,1.021832,,,,
3597,0.9845318,,,,
3598,0.9369304,,,,
3599,0.9321643,,,,
3600,0.945376,,,,
3601,0.9234067,,,,
3602,0.915359,,,,
3603,0.8941501,,,,
3604,0.7996221,,,,
3605,0.7127113,,,,
3606,0.7472062,,,,
3607,0.7262195,,,,
3608,0.7400532,,,,
3609,0.7018576,,,,
3610,0.7030827,,,,
3611,0.7424325,,,,
3612,0.8784236,,,,
3613,0.893157,,,,
3614,0.8745999,,,,
3615,0.8524158,,,,
3616,0.852595,,,,
3617,0.8270153,,,,
3618,0.8412513,,,,
3619,0.7993743,,,,
3620,0.8101995,,,,
3621,0.7379425,,,,
3622,0.7330399,,,,
3623,0.7590916,,,,
3624,0.7528529,,,,
3625,0.7018042,,,,
3626,0.6934101,,,,
3627,0.700424,,,,
3628,0.7190713,,,,
3629,0.7778127,,,,
3630,0.7846117,,,,
3631,0.7646379,,,,
3632,0.7188434,,,,
3633,0.7232717,,,,
3634,0.7107026,,,,
3635,0.7149884,,,,
3636,0.7399094,,,,
3637,0.8885838,,,,
3638,0.888295,,,,
3639,0.7895181,,,,
3640,0.9044632,,,,
3641,0.8466325,,,,
3642,0.8465317,,,,
3643,0.8000082,,,,
3644,0.8206001,,,,
3645,0.7456548,,,,
3646,0.6406524,,,,
3647,0.6143612,,,,
3648,0.6158583,,,,
3649,0.5619761,,,,
3650,0.48827,,,,
3651,0.4977955,,,,
3652,0.4898497,,,,
3653,0.5172912,,,,
3654,0.5101577,,,,
3655,0.4923968,,,,
3656,0.431855,,,,
3657,0.416222,,,,
3658,0.4291505,,,,
3659,0.4479401,,,,
3660,0.433039,,,,
3661,0.4510931,,,,
3662,0.4699267,,,,
3663,0.4738769,,,,
3664,0.4583911,,,,
3665,0.4941596,,,,
3666,0.5174534,,,,
3667,0.5412018,,,,
3668,0.5153043,,,,
3669,0.5333825,,,,
3670,0.5156271,,,,
3671,0.5187105,,,,
3672,0.5285526,,,,
3673,0.5115035,,,,
3674,0.5183803,,,,
3675,0.5027567,,,,
3676,0.500874,,,,
3677,0.4834597,,,,
3678,0.4839726,,,,
3679,0.5122784,,,,
3680,0.5224878,,,,
3681,0.4889315,,,,
3682,0.4882674,,,,
3683,0.5521758,,,,
3684,0.6413154,,,,
3685,0.7138178,,,,
3686,0.7839051,,,,
3687,0.7359828,,,,
3688,0.7315724,,,,
3689,0.7761492,,,,
3690,0.8246775,,,,
3691,0.7981482,,,,
3692,0.7724882,,,,
3693,0.7562855,,,,
3694,0.7717484,,,,
3695,0.800169,,,,
3696,0.7080396,,,,
3697,0.7005776,,,,
3698,0.7284917,,,,
3699,0.6823274,,,,
3700,0.6135626,,,,
3701,0.5932781,,,,
3702,0.5791745,,,,
3703,0.5749958,,,,
3704,0.651355,,,,
3705,0.8147236,,,,
3706,0.8987229,,,,
3707,0.8623993,,,,
3708,0.8886148,,,,
3709,0.9486465,,,,
3710,0.9796742,,,,
3711,1.02458,,,,
3712,1.029389,,,,
3713,0.9651379,,,,
3714,0.9045514,,,,
3715,0.8275604,,,,
3716,0.8699423,,,,
3717,0.7461683,,,,
3718,0.5133649,,,,
3719,0.5099802,,,,
3720,0.5277614,,,,
3721,0.529606,,,,
3722,0.5200726,,,,
3723,0.508029,,,,
3724,0.5296531,,,,
3725,0.5473614,,,,
3726,0.538596,,,,
3727,0.5540309,,,,
3728,0.5678806,,,,
3729,0.5793035,,,,
3730,0.6027654,,,,
3731,0.5694653,,,,
3732,0.5481596,,,,
3733,0.5231722,,,,
3734,0.5392099,,,,
3735,0.6893041,,,,
3736,0.7765606,,,,
3737,0.7281741,,,,
3738,0.7670798,,,,
3739,0.7789413,,,,
3740,0.7975983,,,,
3741,0.7767844,,,,
3742,0.7962331,,,,
3743,0.806707,,,,
3744,0.7755696,,,,
3745,0.7623704,,,,
3746,0.7312917,,,,
3747,0.6560696,,,,
3748,0.6019532,,,,
3749,0.62377,,,,
3750,0.6337005,,,,
3751,0.6639363,,,,
3752,0.6293298,,,,
3753,0.6519968,,,,
3754,0.6245838,,,,
3755,0.7182482,,,,
3756,0.7962284,,,,
3757,0.8164164,,,,
3758,0.8604178,,,,
3759,0.8922694,,,,
3760,0.9022042,,,,
3761,0.9104473,,,,
3762,0.9352204,,,,
3763,0.920858,,,,
3764,0.9745686,,,,
3765,0.9987318,,,,
3766,0.9833564,,,,
3767,0.9328309,,,,
3768,0.8924209,,,,
3769,0.8769041,,,,
3770,0.8559718,,,,
3771,0.8251514,,,,
3772,0.833261,,,,
3773,0.8420023,,,,
3774,0.876106,,,,
3775,0.9057431,,,,
3776,0.9400625,,,,
3777,0.9786717,,,,
3778,1.013939,,,,
3779,0.9724522,,,,
3780,0.973241,,,,
3781,0.9980778,,,,
3782,1.024075,,,,
3783,1.069228,,,,
3784,1.062236,,,,
3785,1.068952,,,,
3786,1.054669,,,,
3787,1.017732,,,,
3788,1.012683,,,,
3789,1.005598,,,,
3790,0.9939833,,,,
3791,0.955155,,,,
3792,0.9245653,,,,
3793,0.8816467,,,,
3794,0.8594351,,,,
3795,0.854283,,,,
3796,0.8300146,,,,
3797,0.81252,,,,
3798,0.8527368,,,,
3799,0.9460865,,,,
3800,1.034177,,,,
3801,1.113462,,,,
3802,0.8925315,,,,
3803,0.8701839,,,,
3804,0.9925609,,,,
3805,1.011017,,,,
3806,1.070997,,,,
3807,1.058127,,,,
3808,1.149212,,,,
3809,1.07565,,,,
3810,1.164003,,,,
3811,1.193661,,,,
3812,1.203252,,,,
3813,1.168934,,,,
3814,1.123013,,,,
3815,1.141641,,,,
3816,1.136967,,,,
3817,1.143587,,,,
3818,1.127043,,,,
3819,1.085671,,,,
3820,1.048213,,,,
3821,1.017735,,,,
3822,1.037979,,,,
3823,1.108999,,,,
3824,1.114234,,,,
3825,1.074733,,,,
3826,1.206539,,,,
3827,1.215927,,,,
3828,1.116232,,,,
3829,1.182381,,,,
3830,1.193483,,,,
3831,1.177616,,,,
3832,1.10149,,,,
3833,1.212367,,,,
3834,1.251608,,,,
3835,1.194023,,,,
3836,1.157581,,,,
3837,1.170722,,,,
3838,1.177625,,,,
3839,1.317819,,,,
3840,1.314204,,,,
3841,1.3534,,,,
3842,1.345541,,,,
3843,1.265465,,,,
3844,1.201725,,,,
3845,1.203575,,,,
3846,1.265871,,,,
3847,1.286614,,,,
3848,1.22169,,,,
3849,1.120389,,,,
3850,1.100456,,,,
3851,1.09054,,,,
3852,1.039841,,,,
3853,1.170281,,,,
3854,1.181606,,,,
3855,1.233111,,,,
3856,1.257157,,,,
3857,1.266376,,,,
3858,1.220751,,,,
3859,1.127278,,,,
3860,1.147766,,,,
3861,1.142878,,,,
3862,1.170466,,,,
3863,1.153394,,,,
3864,1.08841,,,,
3865,1.171553,,,,
3866,1.161175,,,,
3867,1.157683,,,,
3868,1.070961,,,,
3869,1.070487,,,,
3870,1.137573,,,,
3871,1.225438,,,,
3872,1.277477,,,,
3873,1.315708,,,,
3874,1.385081,,,,
3875,1.358699,,,,
3876,1.359832,,,,
3877,1.472031,,,,
3878,1.51014,,,,
3879,1.542183,,,,
3880,1.528333,,,,
3881,1.508323,,,,
3882,1.493812,,,,
3883,1.481745,,,,
3884,1.468644,,,,
3885,1.456717,,,,
3886,1.455162,,,,
3887,1.433193,,,,
3888,1.41422,,,,
3889,1.407419,,,,
3890,1.387272,,,,
3891,1.397193,,,,
3892,1.393089,,,,
3893,1.319225,,,,
3894,1.262357,,,,
3895,1.269969,,,,
3896,1.231683,,,,
3897,1.184489,,,,
3898,1.24816,,,,
3899,1.312651,,,,
3900,1.329263,,,,
3901,1.329321,,,,
3902,1.408747,,,,
3903,1.393778,,,,
3904,1.405811,,,,
3905,1.453217,,,,
3906,1.448913,,,,
3907,1.398937,,,,
3908,1.276866,,,,
3909,1.250214,,,,
3910,1.273539,,,,
3911,1.280094,,,,
3912,1.28406,,,,
3913,1.276346,,,,
3914,1.248326,,,,
3915,1.234542,,,,
3916,1.212082,,,,
3917,1.178157,,,,
3918,1.035255,,,,
3919,1.002593,,,,
3920,0.990656,,,,
3921,0.9325923,,,,
3922,0.8791338,,,,
3923,0.9679652,,,,
3924,1.096568,,,,
3925,1.159838,,,,
3926,1.304485,,,,
3927,1.12485,,,,
3928,0.8713866,,,,
3929,0.8919637,,,,
3930,1.145668,,,,
3931,1.176782,,,,
3932,1.251803,,,,
3933,1.241941,,,,
3934,1.316202,,,,
3935,1.159572,,,,
3936,1.140942,,,,
3937,1.147194,,,,
3938,1.105648,,,,
3939,1.096523,,,,
3940,1.100466,,,,
3941,1.15071,,,,
3942,1.276362,,,,
3943,1.245983,,,,
3944,1.126298,,,,
3945,1.256756,,,,
3946,1.332249,,,,
3947,1.418014,,,,
3948,1.332087,,,,
3949,1.342366,,,,
3950,1.234511,,,,
3951,1.133626,,,,
3952,1.108013,,,,
3953,1.214275,,,,
3954,1.302748,,,,
3955,1.311732,,,,
3956,1.32501,,,,
3957,1.356268,,,,
3958,1.372332,,,,
3959,1.356505,,,,
3960,1.361277,,,,
3961,1.366214,,,,
3962,1.361988,,,,
3963,1.367972,,,,
3964,1.380195,,,,
3965,1.401666,,,,
3966,1.403948,,,,
3967,1.428998,,,,
3968,1.462498,,,,
3969,1.42114,,,,
3970,1.487829,,,,
3971,1.515834,,,,
3972,1.514685,,,,
3973,1.47585,,,,
3974,1.380564,,,,
3975,1.34488,,,,
3976,1.383133,,,,
3977,1.405141,,,,
3978,1.409153,,,,
3979,1.355989,,,,
3980,1.346362,,,,
3981,1.369676,,,,
3982,1.48422,,,,
3983,1.470244,,,,
3984,1.510401,,,,
3985,1.368343,,,,
3986,1.40688,,,,
3987,1.471497,,,,
3988,1.470529,,,,
3989,1.388734,,,,
3990,1.365699,,,,
3991,1.425072,,,,
3992,1.505847,,,,
3993,1.521185,,,,
3994,1.486323,,,,
3995,1.475006,,,,
3996,1.37698,,,,
3997,1.30416,,,,
3998,1.369814,,,,
3999,1.293235,,,,
4000,1.426409,,,,
4001,1.471635,,,,
4002,1.500857,,,,
4003,1.481207,,,,
4004,1.383079,,,,
4005,1.241568,,,,
4006,1.222573,,,,
4007,1.239297,,,,
4008,1.194339,,,,
4009,1.160095,,,,
4010,1.024808,,,,
4011,0.9422402,,,,
4012,1.020231,,,,
4013,1.021125,,,,
4014,0.987381,,,,
4015,1.016294,,,,
4016,0.9979582,,,,
4017,0.9415796,,,,
4018,0.8702236,,,,
4019,0.8842285,,,,
4020,1.120987,,,,
4021,1.234597,,,,
4022,1.299271,,,,
4023,1.195044,,,,
4024,1.147933,,,,
4025,1.290492,,,,
4026,1.333702,,,,
4027,1.336649,,,,
4028,1.317212,,,,
4029,1.304049,,,,
4030,1.225697,,,,
4031,1.166556,,,,
4032,1.069588,,,,
4033,1.028347,,,,
4034,0.9866627,,,,
4035,1.034783,,,,
4036,1.065167,,,,
4037,1.068731,,,,
4038,1.14002,,,,
4039,1.122021,,,,
4040,1.143768,,,,
4041,1.202046,,,,
4042,1.421874,,,,
4043,1.532148,,,,
4044,1.545425,,,,
4045,1.545241,,,,
4046,1.541197,,,,
4047,1.548309,,,,
4048,1.550401,,,,
4049,1.571857,,,,
4050,1.535047,,,,
4051,1.574791,,,,
4052,1.581137,,,,
4053,1.462259,,,,
4054,1.445073,,,,
4055,1.389809,,,,
4056,1.39979,,,,
4057,1.440069,,,,
4058,1.412001,,,,
4059,1.36173,,,,
4060,1.337019,,,,
4061,1.318741,,,,
4062,1.318206,,,,
4063,1.364827,,,,
4064,1.346859,,,,
4065,1.396482,,,,
4066,1.446067,,,,
4067,1.447785,,,,
4068,1.403922,,,,
4069,1.443999,,,,
4070,1.492687,,,,
4071,1.492757,,,,
4072,1.463141,,,,
4073,1.464756,,,,
4074,1.473555,,,,
4075,1.487665,,,,
4076,1.487548,,,,
4077,1.448684,,,,
4078,1.43734,,,,
4079,1.324421,,,,
4080,1.228041,,,,
4081,1.280629,,,,
4082,1.26717,,,,
4083,1.241383,,,,
4084,1.192652,,,,
4085,1.170174,,,,
4086,1.151983,,,,
4087,1.194362,,,,
4088,1.255691,,,,
4089,1.295382,,,,
4090,1.349877,,,,
4091,1.388731,,,,
4092,1.390755,,,,
4093,1.386284,,,,
4094,1.386088,,,,
4095,1.400765,,,,
4096,1.39537,,,,
4097,1.398403,,,,
4098,1.38438,,,,
4099,1.420443,,,,
4100,1.469103,,,,
4101,1.421291,,,,
4102,1.349086,,,,
4103,1.330991,,,,
4104,1.349961,,,,
4105,1.31406,,,,
4106,1.285265,,,,
4107,1.285073,,,,
4108,1.295981,,,,
4109,1.274788,,,,
4110,1.284329,,,,
4111,1.320466,,,,
4112,1.395027,,,,
4113,1.371246,,,,
4114,1.383451,,,,
4115,1.296322,,,,
4116,1.31475,,,,
4117,1.427906,,,,
4118,1.456523,,,,
4119,1.503399,,,,
4120,1.359698,,,,
4121,1.426132,,,,
4122,1.405505,,,,
4123,1.411897,,,,
4124,1.394651,,,,
4125,1.389526,,,,
4126,1.258636,,,,
4127,1.223614,,,,
4128,1.198989,,,,
4129,1.120497,,,,
4130,1.071131,,,,
4131,1.045111,,,,
4132,1.037546,,,,
4133,1.072271,,,,
4134,1.131076,,,,
4135,1.163715,,,,
4136,1.166835,,,,
4137,1.337469,,,,
4138,1.360254,,,,
4139,1.328575,,,,
4140,1.313745,,,,
4141,1.288437,,,,
4142,1.398691,,,,
4143,1.463142,,,,
4144,1.529847,,,,
4145,1.523596,,,,
4146,1.522821,,,,
4147,1.518578,,,,
4148,1.481271,,,,
4149,1.483169,,,,
4150,1.460274,,,,
4151,1.425594,,,,
4152,1.385569,,,,
4153,1.389229,,,,
4154,1.352762,,,,
4155,1.374955,,,,
4156,1.289527,,,,
4157,1.22787,,,,
4158,1.238523,,,,
4159,1.322803,,,,
4160,1.327439,,,,
4161,1.323202,,,,
4162,1.263479,,,,
4163,1.28192,,,,
4164,1.381254,,,,
4165,1.400173,,,,
4166,1.384192,,,,
4167,1.423279,,,,
4168,1.436032,,,,
4169,1.387888,,,,
4170,1.376186,,,,
4171,1.390708,,,,
4172,1.410065,,,,
4173,1.420725,,,,
4174,1.41365,,,,
4175,1.403142,,,,
4176,1.365565,,,,
4177,1.301952,,,,
4178,1.268983,,,,
4179,1.248364,,,,
4180,1.208084,,,,
4181,1.211791,,,,
4182,1.27079,,,,
4183,1.359301,,,,
4184,1.373683,,,,
4185,1.410252,,,,
4186,1.396006,,,,
4187,1.410007,,,,
4188,1.420252,,,,
4189,1.445053,,,,
4190,1.436299,,,,
4191,1.364649,,,,
4192,1.354563,,,,
4193,1.30464,,,,
4194,1.340808,,,,
4195,1.352779,,,,
4196,1.474454,,,,
4197,1.43322,,,,
4198,1.386353,,,,
4199,1.369837,,,,
4200,1.331521,,,,
4201,1.261349,,,,
4202,1.244644,,,,
4203,1.204649,,,,
4204,1.186504,,,,
4205,1.230245,,,,
4206,1.322248,,,,
4207,1.377894,,,,
4208,1.436305,,,,
4209,1.487487,,,,
4210,1.466264,,,,
4211,1.456448,,,,
4212,1.415473,,,,
4213,1.452655,,,,
4214,1.426809,,,,
4215,1.110536,,,,
4216,1.20971,,,,
4217,1.281371,,,,
4218,1.215146,,,,
4219,1.322446,,,,
4220,1.374353,,,,
4221,1.304729,,,,
4222,1.219589,,,,
4223,1.230679,,,,
4224,1.271868,,,,
4225,1.203164,,,,
4226,1.155246,,,,
4227,1.138439,,,,
4228,1.157358,,,,
4229,1.120834,,,,
4230,1.233876,,,,
4231,1.397695,,,,
4232,1.325255,,,,
4233,1.256241,,,,
4234,1.241172,,,,
4235,1.295553,,,,
4236,1.114645,,,,
4237,1.244478,,,,
4238,1.115933,,,,
4239,1.104966,,,,
4240,1.281343,,,,
4241,1.093392,,,,
4242,0.9544107,,,,
4243,1.080054,,,,
4244,1.1029,,,,
4245,1.241776,,,,
4246,1.399934,,,,
4247,1.446452,,,,
4248,1.343172,,,,
4249,1.1466,,,,
4250,1.093625,,,,
4251,1.171259,,,,
4252,1.075603,,,,
4253,1.131556,,,,
4254,1.281479,,,,
4255,1.399183,,,,
4256,1.647449,,,,
4257,1.608825,,,,
4258,1.559458,,,,
4259,1.564186,,,,
4260,1.556218,,,,
4261,1.663813,,,,
4262,1.666657,,,,
4263,1.611219,,,,
4264,1.532351,,,,
4265,1.54679,,,,
4266,1.641795,,,,
4267,1.656247,,,,
4268,1.553207,,,,
4269,1.431733,,,,
4270,1.454638,,,,
4271,1.353054,,,,
4272,1.380586,,,,
4273,1.465073,,,,
4274,1.400151,,,,
4275,1.345687,,,,
4276,1.335387,,,,
4277,1.404747,,,,
4278,1.455428,,,,
4279,1.525717,,,,
4280,1.508513,,,,
4281,1.49858,,,,
4282,1.466924,,,,
4283,1.477512,,,,
4284,1.397256,,,,
4285,1.487389,,,,
4286,1.475148,,,,
4287,1.476356,,,,
4288,1.535082,,,,
4289,1.465195,,,,
4290,1.455526,,,,
4291,1.43714,,,,
4292,1.478702,,,,
4293,1.468678,,,,
4294,1.431561,,,,
4295,1.423967,,,,
4296,1.399134,,,,
4297,1.434802,,,,
4298,1.503297,,,,
4299,1.554493,,,,
4300,1.387725,,,,
4301,1.464655,,,,
4302,1.523178,,,,
4303,1.603613,,,,
4304,1.578296,,,,
4305,1.53609,,,,
4306,1.500589,,,,
4307,1.436051,,,,
4308,1.401853,,,,
4309,1.505703,,,,
4310,1.446762,,,,
4311,1.5472,,,,
4312,1.667967,,,,
4313,1.72738,,,,
4314,1.607413,,,,
4315,1.464798,,,,
4316,1.361893,,,,
4317,1.30486,,,,
4318,1.300866,,,,
4319,1.11709,,,,
4320,1.104326,,,,
4321,0.9406363,,,,
4322,0.9585777,,,,
4323,1.349458,,,,
4324,1.368414,,,,
4325,1.377415,,,,
4326,1.369761,,,,
4327,1.334551,,,,
4328,1.340982,,,,
4329,1.347527,,,,
4330,1.343539,,,,
4331,1.329813,,,,
4332,1.289049,,,,
4333,1.283524,,,,
4334,1.237528,,,,
4335,1.167639,,,,
4336,1.12652,,,,
4337,1.092073,,,,
4338,1.136813,,,,
4339,1.193725,,,,
4340,1.255307,,,,
4341,1.306754,,,,
4342,1.353838,,,,
4343,1.367964,,,,
4344,1.355202,,,,
4345,1.283283,,,,
4346,1.227578,,,,
4347,1.275561,,,,
4348,1.282618,,,,
4349,1.248186,,,,
4350,1.297334,,,,
4351,1.307161,,,,
4352,1.32569,,,,
4353,1.354695,,,,
4354,1.402157,,,,
4355,1.44545,,,,
4356,1.380999,,,,
4357,1.385686,,,,
4358,1.388638,,,,
4359,1.37696,,,,
4360,1.362201,,,,
4361,1.389898,,,,
4362,1.39894,,,,
4363,1.37003,,,,
4364,1.357,,,,
4365,1.330417,,,,
4366,1.334647,,,,
4367,1.338771,,,,
4368,1.336252,,,,
4369,1.37924,,,,
4370,1.383786,,,,
4371,1.432107,,,,
4372,1.410595,,,,
4373,1.402749,,,,
4374,1.376898,,,,
4375,1.340707,,,,
4376,1.349033,,,,
4377,1.369153,,,,
4378,1.41729,,,,
4379,1.43287,,,,
4380,1.448919,,,,
4381,1.449855,,,,
4382,1.475748,,,,
4383,1.487887,,,,
4384,1.508459,,,,
4385,1.523749,,,,
4386,1.54262,,,,
4387,1.546274,,,,
4388,1.529982,,,,
4389,1.525093,,,,
4390,1.423467,,,,
4391,1.420409,,,,
4392,1.410276,,,,
4393,1.412786,,,,
4394,1.391351,,,,
4395,1.37998,,,,
4396,1.436484,,,,
4397,1.463047,,,,
4398,1.536896,,,,
4399,1.457178,,,,
4400,1.517798,,,,
4401,1.681867,,,,
4402,1.705296,,,,
4403,1.656683,,,,
4404,1.459785,,,,
4405,1.398269,,,,
4406,1.435748,,,,
4407,1.460271,,,,
4408,1.412307,,,,
4409,1.533977,,,,
4410,1.678628,,,,
4411,1.680626,,,,
4412,1.73389,,,,
4413,1.722363,,,,
4414,1.625487,,,,
4415,1.497183,,,,
4416,1.371201,,,,
4417,1.323214,,,,
4418,1.201876,,,,
4419,1.311466,,,,
4420,1.262297,,,,
4421,1.185709,,,,
4422,1.194207,,,,
4423,1.073803,,,,
4424,1.371709,,,,
4425,1.275196,,,,
4426,1.250152,,,,
4427,1.381029,,,,
4428,1.339421,,,,
4429,1.201583,,,,
4430,1.035844,,,,
4431,1.000724,,,,
4432,1.103032,,,,
4433,1.377468,,,,
4434,1.397512,,,,
4435,1.445266,,,,
4436,1.417518,,,,
4437,1.516774,,,,
4438,1.628718,,,,
4439,1.550874,,,,
4440,1.528453,,,,
4441,1.43064,,,,
4442,1.422071,,,,
4443,1.370142,,,,
4444,1.371074,,,,
4445,1.293365,,,,
4446,1.20734,,,,
4447,1.20634,,,,
4448,1.232299,,,,
4449,1.299194,,,,
4450,1.29672,,,,
4451,1.261292,,,,
4452,1.346059,,,,
4453,1.418361,,,,
4454,1.452546,,,,
4455,1.530963,,,,
4456,1.555277,,,,
4457,1.523869,,,,
4458,1.488649,,,,
4459,1.473164,,,,
4460,1.453521,,,,
4461,1.509533,,,,
4462,1.378035,,,,
4463,1.347206,,,,
4464,1.336271,,,,
4465,1.330669,,,,
4466,1.173289,,,,
4467,0.8759423,,,,
4468,0.7295882,,,,
4469,0.7016972,,,,
4470,0.7547494,,,,
4471,0.7777944,,,,
4472,0.7353168,,,,
4473,0.7161119,,,,
4474,0.7582147,,,,
4475,0.7689742,,,,
4476,0.8853508,,,,
4477,0.904662,,,,
4478,0.9186239,,,,
4479,1.082126,,,,
4480,1.168835,,,,
4481,1.256892,,,,
4482,1.270127,,,,
4483,1.222004,,,,
4484,1.176594,,,,
4485,1.105818,,,,
4486,1.090188,,,,
4487,1.043138,,,,
4488,0.9913245,,,,
4489,0.8846945,,,,
4490,0.8412486,,,,
4491,0.7391409,,,,
4492,0.6985722,,,,
4493,0.7194122,,,,
4494,0.8169799,,,,
4495,1.108226,,,,
4496,1.127355,,,,
4497,1.138626,,,,
4498,1.166311,,,,
4499,1.160575,,,,
4500,1.241966,,,,
4501,1.182573,,,,
4502,1.202905,,,,
4503,1.193357,,,,
4504,1.179612,,,,
4505,1.181036,,,,
4506,1.21839,,,,
4507,1.209728,,,,
4508,1.205216,,,,
4509,1.258015,,,,
4510,1.26018,,,,
4511,1.2805,,,,
4512,1.248311,,,,
4513,1.222698,,,,
4514,1.2923,,,,
4515,1.195885,,,,
4516,1.201645,,,,
4517,1.207024,,,,
4518,1.285125,,,,
4519,1.325317,,,,
4520,1.3004,,,,
4521,1.270727,,,,
4522,1.256273,,,,
4523,1.291842,,,,
4524,1.332021,,,,
4525,1.327081,,,,
4526,1.328414,,,,
4527,1.326406,,,,
4528,1.328807,,,,
4529,1.331487,,,,
4530,1.314446,,,,
4531,1.315206,,,,
4532,1.304204,,,,
4533,1.303484,,,,
4534,1.303217,,,,
4535,1.31218,,,,
4536,1.354104,,,,
4537,1.366923,,,,
4538,1.377996,,,,
4539,1.360101,,,,
4540,1.362714,,,,
4541,1.314968,,,,
4542,1.32435,,,,
4543,1.347573,,,,
4544,1.27755,,,,
4545,1.221349,,,,
4546,1.213899,,,,
4547,1.205659,,,,
4548,1.204509,,,,
4549,1.199591,,,,
4550,1.116347,,,,
4551,1.142284,,,,
4552,1.140427,,,,
4553,1.145033,,,,
4554,1.163532,,,,
4555,1.155747,,,,
4556,1.160711,,,,
4557,1.162254,,,,
4558,1.17167,,,,
4559,1.154966,,,,
4560,1.188998,,,,
4561,1.278735,,,,
4562,1.273211,,,,
4563,1.270564,,,,
4564,1.258734,,,,
4565,1.238571,,,,
4566,1.252664,,,,
4567,1.275403,,,,
4568,1.308846,,,,
4569,1.211311,,,,
4570,1.188233,,,,
4571,1.199414,,,,
4572,1.215143,,,,
4573,1.220866,,,,
4574,1.237512,,,,
4575,1.262085,,,,
4576,1.280309,,,,
4577,1.30176,,,,
4578,1.309112,,,,
4579,1.317388,,,,
4580,1.325652,,,,
4581,1.326691,,,,
4582,1.348914,,,,
4583,1.361257,,,,
4584,1.316896,,,,
4585,1.322471,,,,
4586,1.326054,,,,
4587,1.288635,,,,
4588,1.310899,,,,
4589,1.296512,,,,
4590,1.311347,,,,
4591,1.324632,,,,
4592,1.338731,,,,
4593,1.35432,,,,
4594,1.345405,,,,
4595,1.330334,,,,
4596,1.26695,,,,
4597,1.263126,,,,
4598,1.235229,,,,
4599,1.200495,,,,
4600,1.251625,,,,
4601,1.29075,,,,
4602,1.286159,,,,
4603,1.276991,,,,
4604,1.279004,,,,
4605,1.302983,,,,
4606,1.329596,,,,
4607,1.294127,,,,
4608,1.243638,,,,
4609,1.23557,,,,
4610,1.247881,,,,
4611,1.204222,,,,
4612,1.152099,,,,
4613,1.13016,,,,
4614,1.251851,,,,
4615,1.327104,,,,
4616,1.440065,,,,
4617,1.1781,,,,
4618,1.04625,,,,
4619,1.146756,,,,
4620,1.26606,,,,
4621,1.279385,,,,
4622,1.290246,,,,
4623,1.032303,,,,
4624,1.040872,,,,
4625,1.304107,,,,
4626,1.279883,,,,
4627,1.616498,,,,
4628,1.601204,,,,
4629,1.577281,,,,
4630,1.556385,,,,
4631,1.5013,,,,
4632,1.504414,,,,
4633,1.497631,,,,
4634,1.469838,,,,
4635,1.475868,,,,
4636,1.520526,,,,
4637,1.508192,,,,
4638,1.505964,,,,
4639,1.468042,,,,
4640,1.458731,,,,
4641,1.479308,,,,
4642,1.515013,,,,
4643,1.464847,,,,
4644,1.371112,,,,
4645,1.217922,,,,
4646,1.368062,,,,
4647,1.349929,,,,
4648,1.432533,,,,
4649,1.488787,,,,
4650,1.537574,,,,
4651,1.490476,,,,
4652,1.529248,,,,
